/* Generated by scripts/embed-highlights.py. */
#include "queries.h"

static const unsigned char query_c[] = {
    0x28, 0x69, 0x64, 0x65, 0x6e, 0x74, 0x69, 0x66, 0x69, 0x65, 0x72, 0x29, 0x20, 0x40, 0x76, 0x61,
    0x72, 0x69, 0x61, 0x62, 0x6c, 0x65, 0x0a, 0x0a, 0x28, 0x28, 0x69, 0x64, 0x65, 0x6e, 0x74, 0x69,
    0x66, 0x69, 0x65, 0x72, 0x29, 0x20, 0x40, 0x63, 0x6f, 0x6e, 0x73, 0x74, 0x61, 0x6e, 0x74, 0x0a,
    0x20, 0x28, 0x23, 0x6d, 0x61, 0x74, 0x63, 0x68, 0x3f, 0x20, 0x40, 0x63, 0x6f, 0x6e, 0x73, 0x74,
    0x61, 0x6e, 0x74, 0x20, 0x22, 0x5e, 0x5b, 0x41, 0x2d, 0x5a, 0x5d, 0x5b, 0x41, 0x2d, 0x5a, 0x5c,
    0x5c, 0x64, 0x5f, 0x5d, 0x2a, 0x24, 0x22, 0x29, 0x29, 0x0a, 0x0a, 0x22, 0x62, 0x72, 0x65, 0x61,
    0x6b, 0x22, 0x20, 0x40, 0x6b, 0x65, 0x79, 0x77, 0x6f, 0x72, 0x64, 0x0a, 0x22, 0x63, 0x61, 0x73,
    0x65, 0x22, 0x20, 0x40, 0x6b, 0x65, 0x79, 0x77, 0x6f, 0x72, 0x64, 0x0a, 0x22, 0x63, 0x6f, 0x6e,
    0x73, 0x74, 0x22, 0x20, 0x40, 0x6b, 0x65, 0x79, 0x77, 0x6f, 0x72, 0x64, 0x0a, 0x22, 0x63, 0x6f,
    0x6e, 0x74, 0x69, 0x6e, 0x75, 0x65, 0x22, 0x20, 0x40, 0x6b, 0x65, 0x79, 0x77, 0x6f, 0x72, 0x64,
    0x0a, 0x22, 0x64, 0x65, 0x66, 0x61, 0x75, 0x6c, 0x74, 0x22, 0x20, 0x40, 0x6b, 0x65, 0x79, 0x77,
    0x6f, 0x72, 0x64, 0x0a, 0x22, 0x64, 0x6f, 0x22, 0x20, 0x40, 0x6b, 0x65, 0x79, 0x77, 0x6f, 0x72,
    0x64, 0x0a, 0x22, 0x65, 0x6c, 0x73, 0x65, 0x22, 0x20, 0x40, 0x6b, 0x65, 0x79, 0x77, 0x6f, 0x72,
    0x64, 0x0a, 0x22, 0x65, 0x6e, 0x75, 0x6d, 0x22, 0x20, 0x40, 0x6b, 0x65, 0x79, 0x77, 0x6f, 0x72,
    0x64, 0x0a, 0x22, 0x65, 0x78, 0x74, 0x65, 0x72, 0x6e, 0x22, 0x20, 0x40, 0x6b, 0x65, 0x79, 0x77,
    0x6f, 0x72, 0x64, 0x0a, 0x22, 0x66, 0x6f, 0x72, 0x22, 0x20, 0x40, 0x6b, 0x65, 0x79, 0x77, 0x6f,
    0x72, 0x64, 0x0a, 0x22, 0x69, 0x66, 0x22, 0x20, 0x40, 0x6b, 0x65, 0x79, 0x77, 0x6f, 0x72, 0x64,
    0x0a, 0x22, 0x69, 0x6e, 0x6c, 0x69, 0x6e, 0x65, 0x22, 0x20, 0x40, 0x6b, 0x65, 0x79, 0x77, 0x6f,
    0x72, 0x64, 0x0a, 0x22, 0x72, 0x65, 0x74, 0x75, 0x72, 0x6e, 0x22, 0x20, 0x40, 0x6b, 0x65, 0x79,
    0x77, 0x6f, 0x72, 0x64, 0x0a, 0x22, 0x73, 0x69, 0x7a, 0x65, 0x6f, 0x66, 0x22, 0x20, 0x40, 0x6b,
    0x65, 0x79, 0x77, 0x6f, 0x72, 0x64, 0x0a, 0x22, 0x73, 0x74, 0x61, 0x74, 0x69, 0x63, 0x22, 0x20,
    0x40, 0x6b, 0x65, 0x79, 0x77, 0x6f, 0x72, 0x64, 0x0a, 0x22, 0x73, 0x74, 0x72, 0x75, 0x63, 0x74,
    0x22, 0x20, 0x40, 0x6b, 0x65, 0x79, 0x77, 0x6f, 0x72, 0x64, 0x0a, 0x22, 0x73, 0x77, 0x69, 0x74,
    0x63, 0x68, 0x22, 0x20, 0x40, 0x6b, 0x65, 0x79, 0x77, 0x6f, 0x72, 0x64, 0x0a, 0x22, 0x74, 0x79,
    0x70, 0x65, 0x64, 0x65, 0x66, 0x22, 0x20, 0x40, 0x6b, 0x65, 0x79, 0x77, 0x6f, 0x72, 0x64, 0x0a,
    0x22, 0x75, 0x6e, 0x69, 0x6f, 0x6e, 0x22, 0x20, 0x40, 0x6b, 0x65, 0x79, 0x77, 0x6f, 0x72, 0x64,
    0x0a, 0x22, 0x76, 0x6f, 0x6c, 0x61, 0x74, 0x69, 0x6c, 0x65, 0x22, 0x20, 0x40, 0x6b, 0x65, 0x79,
    0x77, 0x6f, 0x72, 0x64, 0x0a, 0x22, 0x77, 0x68, 0x69, 0x6c, 0x65, 0x22, 0x20, 0x40, 0x6b, 0x65,
    0x79, 0x77, 0x6f, 0x72, 0x64, 0x0a, 0x0a, 0x22, 0x23, 0x64, 0x65, 0x66, 0x69, 0x6e, 0x65, 0x22,
    0x20, 0x40, 0x6b, 0x65, 0x79, 0x77, 0x6f, 0x72, 0x64, 0x0a, 0x22, 0x23, 0x65, 0x6c, 0x69, 0x66,
    0x22, 0x20, 0x40, 0x6b, 0x65, 0x79, 0x77, 0x6f, 0x72, 0x64, 0x0a, 0x22, 0x23, 0x65, 0x6c, 0x73,
    0x65, 0x22, 0x20, 0x40, 0x6b, 0x65, 0x79, 0x77, 0x6f, 0x72, 0x64, 0x0a, 0x22, 0x23, 0x65, 0x6e,
    0x64, 0x69, 0x66, 0x22, 0x20, 0x40, 0x6b, 0x65, 0x79, 0x77, 0x6f, 0x72, 0x64, 0x0a, 0x22, 0x23,
    0x69, 0x66, 0x22, 0x20, 0x40, 0x6b, 0x65, 0x79, 0x77, 0x6f, 0x72, 0x64, 0x0a, 0x22, 0x23, 0x69,
    0x66, 0x64, 0x65, 0x66, 0x22, 0x20, 0x40, 0x6b, 0x65, 0x79, 0x77, 0x6f, 0x72, 0x64, 0x0a, 0x22,
    0x23, 0x69, 0x66, 0x6e, 0x64, 0x65, 0x66, 0x22, 0x20, 0x40, 0x6b, 0x65, 0x79, 0x77, 0x6f, 0x72,
    0x64, 0x0a, 0x22, 0x23, 0x69, 0x6e, 0x63, 0x6c, 0x75, 0x64, 0x65, 0x22, 0x20, 0x40, 0x6b, 0x65,
    0x79, 0x77, 0x6f, 0x72, 0x64, 0x0a, 0x28, 0x70, 0x72, 0x65, 0x70, 0x72, 0x6f, 0x63, 0x5f, 0x64,
    0x69, 0x72, 0x65, 0x63, 0x74, 0x69, 0x76, 0x65, 0x29, 0x20, 0x40, 0x6b, 0x65, 0x79, 0x77, 0x6f,
    0x72, 0x64, 0x0a, 0x0a, 0x22, 0x2d, 0x2d, 0x22, 0x20, 0x40, 0x6f, 0x70, 0x65, 0x72, 0x61, 0x74,
    0x6f, 0x72, 0x0a, 0x22, 0x2d, 0x22, 0x20, 0x40, 0x6f, 0x70, 0x65, 0x72, 0x61, 0x74, 0x6f, 0x72,
    0x0a, 0x22, 0x2d, 0x3d, 0x22, 0x20, 0x40, 0x6f, 0x70, 0x65, 0x72, 0x61, 0x74, 0x6f, 0x72, 0x0a,
    0x22, 0x2d, 0x3e, 0x22, 0x20, 0x40, 0x6f, 0x70, 0x65, 0x72, 0x61, 0x74, 0x6f, 0x72, 0x0a, 0x22,
    0x3d, 0x22, 0x20, 0x40, 0x6f, 0x70, 0x65, 0x72, 0x61, 0x74, 0x6f, 0x72, 0x0a, 0x22, 0x21, 0x3d,
    0x22, 0x20, 0x40, 0x6f, 0x70, 0x65, 0x72, 0x61, 0x74, 0x6f, 0x72, 0x0a, 0x22, 0x2a, 0x22, 0x20,
    0x40, 0x6f, 0x70, 0x65, 0x72, 0x61, 0x74, 0x6f, 0x72, 0x0a, 0x22, 0x26, 0x22, 0x20, 0x40, 0x6f,
    0x70, 0x65, 0x72, 0x61, 0x74, 0x6f, 0x72, 0x0a, 0x22, 0x26, 0x26, 0x22, 0x20, 0x40, 0x6f, 0x70,
    0x65, 0x72, 0x61, 0x74, 0x6f, 0x72, 0x0a, 0x22, 0x2b, 0x22, 0x20, 0x40, 0x6f, 0x70, 0x65, 0x72,
    0x61, 0x74, 0x6f, 0x72, 0x0a, 0x22, 0x2b, 0x2b, 0x22, 0x20, 0x40, 0x6f, 0x70, 0x65, 0x72, 0x61,
    0x74, 0x6f, 0x72, 0x0a, 0x22, 0x2b, 0x3d, 0x22, 0x20, 0x40, 0x6f, 0x70, 0x65, 0x72, 0x61, 0x74,
    0x6f, 0x72, 0x0a, 0x22, 0x3c, 0x22, 0x20, 0x40, 0x6f, 0x70, 0x65, 0x72, 0x61, 0x74, 0x6f, 0x72,
    0x0a, 0x22, 0x3d, 0x3d, 0x22, 0x20, 0x40, 0x6f, 0x70, 0x65, 0x72, 0x61, 0x74, 0x6f, 0x72, 0x0a,
    0x22, 0x3e, 0x22, 0x20, 0x40, 0x6f, 0x70, 0x65, 0x72, 0x61, 0x74, 0x6f, 0x72, 0x0a, 0x22, 0x7c,
    0x7c, 0x22, 0x20, 0x40, 0x6f, 0x70, 0x65, 0x72, 0x61, 0x74, 0x6f, 0x72, 0x0a, 0x0a, 0x22, 0x2e,
    0x22, 0x20, 0x40, 0x64, 0x65, 0x6c, 0x69, 0x6d, 0x69, 0x74, 0x65, 0x72, 0x0a, 0x22, 0x3b, 0x22,
    0x20, 0x40, 0x64, 0x65, 0x6c, 0x69, 0x6d, 0x69, 0x74, 0x65, 0x72, 0x0a, 0x0a, 0x28, 0x73, 0x74,
    0x72, 0x69, 0x6e, 0x67, 0x5f, 0x6c, 0x69, 0x74, 0x65, 0x72, 0x61, 0x6c, 0x29, 0x20, 0x40, 0x73,
    0x74, 0x72, 0x69, 0x6e, 0x67, 0x0a, 0x28, 0x73, 0x79, 0x73, 0x74, 0x65, 0x6d, 0x5f, 0x6c, 0x69,
    0x62, 0x5f, 0x73, 0x74, 0x72, 0x69, 0x6e, 0x67, 0x29, 0x20, 0x40, 0x73, 0x74, 0x72, 0x69, 0x6e,
    0x67, 0x0a, 0x0a, 0x28, 0x6e, 0x75, 0x6c, 0x6c, 0x29, 0x20, 0x40, 0x63, 0x6f, 0x6e, 0x73, 0x74,
    0x61, 0x6e, 0x74, 0x0a, 0x28, 0x6e, 0x75, 0x6d, 0x62, 0x65, 0x72, 0x5f, 0x6c, 0x69, 0x74, 0x65,
    0x72, 0x61, 0x6c, 0x29, 0x20, 0x40, 0x6e, 0x75, 0x6d, 0x62, 0x65, 0x72, 0x0a, 0x28, 0x63, 0x68,
    0x61, 0x72, 0x5f, 0x6c, 0x69, 0x74, 0x65, 0x72, 0x61, 0x6c, 0x29, 0x20, 0x40, 0x6e, 0x75, 0x6d,
    0x62, 0x65, 0x72, 0x0a, 0x0a, 0x28, 0x66, 0x69, 0x65, 0x6c, 0x64, 0x5f, 0x69, 0x64, 0x65, 0x6e,
    0x74, 0x69, 0x66, 0x69, 0x65, 0x72, 0x29, 0x20, 0x40, 0x70, 0x72, 0x6f, 0x70, 0x65, 0x72, 0x74,
    0x79, 0x0a, 0x28, 0x73, 0x74, 0x61, 0x74, 0x65, 0x6d, 0x65, 0x6e, 0x74, 0x5f, 0x69, 0x64, 0x65,
    0x6e, 0x74, 0x69, 0x66, 0x69, 0x65, 0x72, 0x29, 0x20, 0x40, 0x6c, 0x61, 0x62, 0x65, 0x6c, 0x0a,
    0x28, 0x74, 0x79, 0x70, 0x65, 0x5f, 0x69, 0x64, 0x65, 0x6e, 0x74, 0x69, 0x66, 0x69, 0x65, 0x72,
    0x29, 0x20, 0x40, 0x74, 0x79, 0x70, 0x65, 0x0a, 0x28, 0x70, 0x72, 0x69, 0x6d, 0x69, 0x74, 0x69,
    0x76, 0x65, 0x5f, 0x74, 0x79, 0x70, 0x65, 0x29, 0x20, 0x40, 0x74, 0x79, 0x70, 0x65, 0x0a, 0x28,
    0x73, 0x69, 0x7a, 0x65, 0x64, 0x5f, 0x74, 0x79, 0x70, 0x65, 0x5f, 0x73, 0x70, 0x65, 0x63, 0x69,
    0x66, 0x69, 0x65, 0x72, 0x29, 0x20, 0x40, 0x74, 0x79, 0x70, 0x65, 0x0a, 0x0a, 0x28, 0x63, 0x61,
    0x6c, 0x6c, 0x5f, 0x65, 0x78, 0x70, 0x72, 0x65, 0x73, 0x73, 0x69, 0x6f, 0x6e, 0x0a, 0x20, 0x20,
    0x66, 0x75, 0x6e, 0x63, 0x74, 0x69, 0x6f, 0x6e, 0x3a, 0x20, 0x28, 0x69, 0x64, 0x65, 0x6e, 0x74,
    0x69, 0x66, 0x69, 0x65, 0x72, 0x29, 0x20, 0x40, 0x66, 0x75, 0x6e, 0x63, 0x74, 0x69, 0x6f, 0x6e,
    0x29, 0x0a, 0x28, 0x63, 0x61, 0x6c, 0x6c, 0x5f, 0x65, 0x78, 0x70, 0x72, 0x65, 0x73, 0x73, 0x69,
    0x6f, 0x6e, 0x0a, 0x20, 0x20, 0x66, 0x75, 0x6e, 0x63, 0x74, 0x69, 0x6f, 0x6e, 0x3a, 0x20, 0x28,
    0x66, 0x69, 0x65, 0x6c, 0x64, 0x5f, 0x65, 0x78, 0x70, 0x72, 0x65, 0x73, 0x73, 0x69, 0x6f, 0x6e,
    0x0a, 0x20, 0x20, 0x20, 0x20, 0x66, 0x69, 0x65, 0x6c, 0x64, 0x3a, 0x20, 0x28, 0x66, 0x69, 0x65,
    0x6c, 0x64, 0x5f, 0x69, 0x64, 0x65, 0x6e, 0x74, 0x69, 0x66, 0x69, 0x65, 0x72, 0x29, 0x20, 0x40,
    0x66, 0x75, 0x6e, 0x63, 0x74, 0x69, 0x6f, 0x6e, 0x29, 0x29, 0x0a, 0x28, 0x66, 0x75, 0x6e, 0x63,
    0x74, 0x69, 0x6f, 0x6e, 0x5f, 0x64, 0x65, 0x63, 0x6c, 0x61, 0x72, 0x61, 0x74, 0x6f, 0x72, 0x0a,
    0x20, 0x20, 0x64, 0x65, 0x63, 0x6c, 0x61, 0x72, 0x61, 0x74, 0x6f, 0x72, 0x3a, 0x20, 0x28, 0x69,
    0x64, 0x65, 0x6e, 0x74, 0x69, 0x66, 0x69, 0x65, 0x72, 0x29, 0x20, 0x40, 0x66, 0x75, 0x6e, 0x63,
    0x74, 0x69, 0x6f, 0x6e, 0x29, 0x0a, 0x28, 0x70, 0x72, 0x65, 0x70, 0x72, 0x6f, 0x63, 0x5f, 0x66,
    0x75, 0x6e, 0x63, 0x74, 0x69, 0x6f, 0x6e, 0x5f, 0x64, 0x65, 0x66, 0x0a, 0x20, 0x20, 0x6e, 0x61,
    0x6d, 0x65, 0x3a, 0x20, 0x28, 0x69, 0x64, 0x65, 0x6e, 0x74, 0x69, 0x66, 0x69, 0x65, 0x72, 0x29,
    0x20, 0x40, 0x66, 0x75, 0x6e, 0x63, 0x74, 0x69, 0x6f, 0x6e, 0x2e, 0x73, 0x70, 0x65, 0x63, 0x69,
    0x61, 0x6c, 0x29, 0x0a, 0x0a, 0x28, 0x63, 0x6f, 0x6d, 0x6d, 0x65, 0x6e, 0x74, 0x29, 0x20, 0x40,
    0x63, 0x6f, 0x6d, 0x6d, 0x65, 0x6e, 0x74, 0x0a,
};

static const unsigned char query_cpp[] = {
    0x3b, 0x20, 0x46, 0x75, 0x6e, 0x63, 0x74, 0x69, 0x6f, 0x6e, 0x73, 0x0a, 0x0a, 0x28, 0x63, 0x61,
    0x6c, 0x6c, 0x5f, 0x65, 0x78, 0x70, 0x72, 0x65, 0x73, 0x73, 0x69, 0x6f, 0x6e, 0x0a, 0x20, 0x20,
    0x66, 0x75, 0x6e, 0x63, 0x74, 0x69, 0x6f, 0x6e, 0x3a, 0x20, 0x28, 0x71, 0x75, 0x61, 0x6c, 0x69,
    0x66, 0x69, 0x65, 0x64, 0x5f, 0x69, 0x64, 0x65, 0x6e, 0x74, 0x69, 0x66, 0x69, 0x65, 0x72, 0x0a,
    0x20, 0x20, 0x20, 0x20, 0x6e, 0x61, 0x6d, 0x65, 0x3a, 0x20, 0x28, 0x69, 0x64, 0x65, 0x6e, 0x74,
    0x69, 0x66, 0x69, 0x65, 0x72, 0x29, 0x20, 0x40, 0x66, 0x75, 0x6e, 0x63, 0x74, 0x69, 0x6f, 0x6e,
    0x29, 0x29, 0x0a, 0x0a, 0x28, 0x74, 0x65, 0x6d, 0x70, 0x6c, 0x61, 0x74, 0x65, 0x5f, 0x66, 0x75,
    0x6e, 0x63, 0x74, 0x69, 0x6f, 0x6e, 0x0a, 0x20, 0x20, 0x6e, 0x61, 0x6d, 0x65, 0x3a, 0x20, 0x28,
    0x69, 0x64, 0x65, 0x6e, 0x74, 0x69, 0x66, 0x69, 0x65, 0x72, 0x29, 0x20, 0x40, 0x66, 0x75, 0x6e,
    0x63, 0x74, 0x69, 0x6f, 0x6e, 0x29, 0x0a, 0x0a, 0x28, 0x74, 0x65, 0x6d, 0x70, 0x6c, 0x61, 0x74,
    0x65, 0x5f, 0x6d, 0x65, 0x74, 0x68, 0x6f, 0x64, 0x0a, 0x20, 0x20, 0x6e, 0x61, 0x6d, 0x65, 0x3a,
    0x20, 0x28, 0x66, 0x69, 0x65, 0x6c, 0x64, 0x5f, 0x69, 0x64, 0x65, 0x6e, 0x74, 0x69, 0x66, 0x69,
    0x65, 0x72, 0x29, 0x20, 0x40, 0x66, 0x75, 0x6e, 0x63, 0x74, 0x69, 0x6f, 0x6e, 0x29, 0x0a, 0x0a,
    0x28, 0x74, 0x65, 0x6d, 0x70, 0x6c, 0x61, 0x74, 0x65, 0x5f, 0x66, 0x75, 0x6e, 0x63, 0x74, 0x69,
    0x6f, 0x6e, 0x0a, 0x20, 0x20, 0x6e, 0x61, 0x6d, 0x65, 0x3a, 0x20, 0x28, 0x69, 0x64, 0x65, 0x6e,
    0x74, 0x69, 0x66, 0x69, 0x65, 0x72, 0x29, 0x20, 0x40, 0x66, 0x75, 0x6e, 0x63, 0x74, 0x69, 0x6f,
    0x6e, 0x29, 0x0a, 0x0a, 0x28, 0x66, 0x75, 0x6e, 0x63, 0x74, 0x69, 0x6f, 0x6e, 0x5f, 0x64, 0x65,
    0x63, 0x6c, 0x61, 0x72, 0x61, 0x74, 0x6f, 0x72, 0x0a, 0x20, 0x20, 0x64, 0x65, 0x63, 0x6c, 0x61,
    0x72, 0x61, 0x74, 0x6f, 0x72, 0x3a, 0x20, 0x28, 0x71, 0x75, 0x61, 0x6c, 0x69, 0x66, 0x69, 0x65,
    0x64, 0x5f, 0x69, 0x64, 0x65, 0x6e, 0x74, 0x69, 0x66, 0x69, 0x65, 0x72, 0x0a, 0x20, 0x20, 0x20,
    0x20, 0x6e, 0x61, 0x6d, 0x65, 0x3a, 0x20, 0x28, 0x69, 0x64, 0x65, 0x6e, 0x74, 0x69, 0x66, 0x69,
    0x65, 0x72, 0x29, 0x20, 0x40, 0x66, 0x75, 0x6e, 0x63, 0x74, 0x69, 0x6f, 0x6e, 0x29, 0x29, 0x0a,
    0x0a, 0x28, 0x66, 0x75, 0x6e, 0x63, 0x74, 0x69, 0x6f, 0x6e, 0x5f, 0x64, 0x65, 0x63, 0x6c, 0x61,
    0x72, 0x61, 0x74, 0x6f, 0x72, 0x0a, 0x20, 0x20, 0x64, 0x65, 0x63, 0x6c, 0x61, 0x72, 0x61, 0x74,
    0x6f, 0x72, 0x3a, 0x20, 0x28, 0x66, 0x69, 0x65, 0x6c, 0x64, 0x5f, 0x69, 0x64, 0x65, 0x6e, 0x74,
    0x69, 0x66, 0x69, 0x65, 0x72, 0x29, 0x20, 0x40, 0x66, 0x75, 0x6e, 0x63, 0x74, 0x69, 0x6f, 0x6e,
    0x29, 0x0a, 0x0a, 0x3b, 0x20, 0x54, 0x79, 0x70, 0x65, 0x73, 0x0a, 0x0a, 0x28, 0x28, 0x6e, 0x61,
    0x6d, 0x65, 0x73, 0x70, 0x61, 0x63, 0x65, 0x5f, 0x69, 0x64, 0x65, 0x6e, 0x74, 0x69, 0x66, 0x69,
    0x65, 0x72, 0x29, 0x20, 0x40, 0x74, 0x79, 0x70, 0x65, 0x0a, 0x20, 0x28, 0x23, 0x6d, 0x61, 0x74,
    0x63, 0x68, 0x3f, 0x20, 0x40, 0x74, 0x79, 0x70, 0x65, 0x20, 0x22, 0x5e, 0x5b, 0x41, 0x2d, 0x5a,
    0x5d, 0x22, 0x29, 0x29, 0x0a, 0x0a, 0x28, 0x61, 0x75, 0x74, 0x6f, 0x29, 0x20, 0x40, 0x74, 0x79,
    0x70, 0x65, 0x0a, 0x0a, 0x3b, 0x20, 0x43, 0x6f, 0x6e, 0x73, 0x74, 0x61, 0x6e, 0x74, 0x73, 0x0a,
    0x0a, 0x28, 0x74, 0x68, 0x69, 0x73, 0x29, 0x20, 0x40, 0x76, 0x61, 0x72, 0x69, 0x61, 0x62, 0x6c,
    0x65, 0x2e, 0x62, 0x75, 0x69, 0x6c, 0x74, 0x69, 0x6e, 0x0a, 0x28, 0x6e, 0x75, 0x6c, 0x6c, 0x20,
    0x22, 0x6e, 0x75, 0x6c, 0x6c, 0x70, 0x74, 0x72, 0x22, 0x20, 0x40, 0x63, 0x6f, 0x6e, 0x73, 0x74,
    0x61, 0x6e, 0x74, 0x29, 0x0a, 0x0a, 0x3b, 0x20, 0x4d, 0x6f, 0x64, 0x75, 0x6c, 0x65, 0x73, 0x0a,
    0x28, 0x6d, 0x6f, 0x64, 0x75, 0x6c, 0x65, 0x5f, 0x6e, 0x61, 0x6d, 0x65, 0x0a, 0x20, 0x20, 0x28,
    0x69, 0x64, 0x65, 0x6e, 0x74, 0x69, 0x66, 0x69, 0x65, 0x72, 0x29, 0x20, 0x40, 0x6d, 0x6f, 0x64,
    0x75, 0x6c, 0x65, 0x29, 0x0a, 0x0a, 0x3b, 0x20, 0x4b, 0x65, 0x79, 0x77, 0x6f, 0x72, 0x64, 0x73,
    0x0a, 0x0a, 0x5b, 0x0a, 0x20, 0x22, 0x63, 0x61, 0x74, 0x63, 0x68, 0x22, 0x0a, 0x20, 0x22, 0x63,
    0x6c, 0x61, 0x73, 0x73, 0x22, 0x0a, 0x20, 0x22, 0x63, 0x6f, 0x5f, 0x61, 0x77, 0x61, 0x69, 0x74,
    0x22, 0x0a, 0x20, 0x22, 0x63, 0x6f, 0x5f, 0x72, 0x65, 0x74, 0x75, 0x72, 0x6e, 0x22, 0x0a, 0x20,
    0x22, 0x63, 0x6f, 0x5f, 0x79, 0x69, 0x65, 0x6c, 0x64, 0x22, 0x0a, 0x20, 0x22, 0x63, 0x6f, 0x6e,
    0x73, 0x74, 0x65, 0x78, 0x70, 0x72, 0x22, 0x0a, 0x20, 0x22, 0x63, 0x6f, 0x6e, 0x73, 0x74, 0x69,
    0x6e, 0x69, 0x74, 0x22, 0x0a, 0x20, 0x22, 0x63, 0x6f, 0x6e, 0x73, 0x74, 0x65, 0x76, 0x61, 0x6c,
    0x22, 0x0a, 0x20, 0x22, 0x64, 0x65, 0x6c, 0x65, 0x74, 0x65, 0x22, 0x0a, 0x20, 0x22, 0x65, 0x78,
    0x70, 0x6c, 0x69, 0x63, 0x69, 0x74, 0x22, 0x0a, 0x20, 0x22, 0x66, 0x69, 0x6e, 0x61, 0x6c, 0x22,
    0x0a, 0x20, 0x22, 0x66, 0x72, 0x69, 0x65, 0x6e, 0x64, 0x22, 0x0a, 0x20, 0x22, 0x6d, 0x75, 0x74,
    0x61, 0x62, 0x6c, 0x65, 0x22, 0x0a, 0x20, 0x22, 0x6e, 0x61, 0x6d, 0x65, 0x73, 0x70, 0x61, 0x63,
    0x65, 0x22, 0x0a, 0x20, 0x22, 0x6e, 0x6f, 0x65, 0x78, 0x63, 0x65, 0x70, 0x74, 0x22, 0x0a, 0x20,
    0x22, 0x6e, 0x65, 0x77, 0x22, 0x0a, 0x20, 0x22, 0x6f, 0x76, 0x65, 0x72, 0x72, 0x69, 0x64, 0x65,
    0x22, 0x0a, 0x20, 0x22, 0x70, 0x72, 0x69, 0x76, 0x61, 0x74, 0x65, 0x22, 0x0a, 0x20, 0x22, 0x70,
    0x72, 0x6f, 0x74, 0x65, 0x63, 0x74, 0x65, 0x64, 0x22, 0x0a, 0x20, 0x22, 0x70, 0x75, 0x62, 0x6c,
    0x69, 0x63, 0x22, 0x0a, 0x20, 0x22, 0x74, 0x65, 0x6d, 0x70, 0x6c, 0x61, 0x74, 0x65, 0x22, 0x0a,
    0x20, 0x22, 0x74, 0x68, 0x72, 0x6f, 0x77, 0x22, 0x0a, 0x20, 0x22, 0x74, 0x72, 0x79, 0x22, 0x0a,
    0x20, 0x22, 0x74, 0x79, 0x70, 0x65, 0x6e, 0x61, 0x6d, 0x65, 0x22, 0x0a, 0x20, 0x22, 0x75, 0x73,
    0x69, 0x6e, 0x67, 0x22, 0x0a, 0x20, 0x22, 0x63, 0x6f, 0x6e, 0x63, 0x65, 0x70, 0x74, 0x22, 0x0a,
    0x20, 0x22, 0x72, 0x65, 0x71, 0x75, 0x69, 0x72, 0x65, 0x73, 0x22, 0x0a, 0x20, 0x22, 0x76, 0x69,
    0x72, 0x74, 0x75, 0x61, 0x6c, 0x22, 0x0a, 0x20, 0x22, 0x69, 0x6d, 0x70, 0x6f, 0x72, 0x74, 0x22,
    0x0a, 0x20, 0x22, 0x65, 0x78, 0x70, 0x6f, 0x72, 0x74, 0x22, 0x0a, 0x20, 0x22, 0x6d, 0x6f, 0x64,
    0x75, 0x6c, 0x65, 0x22, 0x0a, 0x5d, 0x20, 0x40, 0x6b, 0x65, 0x79, 0x77, 0x6f, 0x72, 0x64, 0x0a,
    0x0a, 0x3b, 0x20, 0x53, 0x74, 0x72, 0x69, 0x6e, 0x67, 0x73, 0x0a, 0x0a, 0x28, 0x72, 0x61, 0x77,
    0x5f, 0x73, 0x74, 0x72, 0x69, 0x6e, 0x67, 0x5f, 0x6c, 0x69, 0x74, 0x65, 0x72, 0x61, 0x6c, 0x29,
    0x20, 0x40, 0x73, 0x74, 0x72, 0x69, 0x6e, 0x67, 0x0a,
};

static const unsigned char query_rust[] = {
    0x3b, 0x20, 0x49, 0x64, 0x65, 0x6e, 0x74, 0x69, 0x66, 0x69, 0x65, 0x72, 0x73, 0x0a, 0x0a, 0x28,
    0x74, 0x79, 0x70, 0x65, 0x5f, 0x69, 0x64, 0x65, 0x6e, 0x74, 0x69, 0x66, 0x69, 0x65, 0x72, 0x29,
    0x20, 0x40, 0x74, 0x79, 0x70, 0x65, 0x0a, 0x28, 0x70, 0x72, 0x69, 0x6d, 0x69, 0x74, 0x69, 0x76,
    0x65, 0x5f, 0x74, 0x79, 0x70, 0x65, 0x29, 0x20, 0x40, 0x74, 0x79, 0x70, 0x65, 0x2e, 0x62, 0x75,
    0x69, 0x6c, 0x74, 0x69, 0x6e, 0x0a, 0x28, 0x66, 0x69, 0x65, 0x6c, 0x64, 0x5f, 0x69, 0x64, 0x65,
    0x6e, 0x74, 0x69, 0x66, 0x69, 0x65, 0x72, 0x29, 0x20, 0x40, 0x70, 0x72, 0x6f, 0x70, 0x65, 0x72,
    0x74, 0x79, 0x0a, 0x0a, 0x3b, 0x20, 0x49, 0x64, 0x65, 0x6e, 0x74, 0x69, 0x66, 0x69, 0x65, 0x72,
    0x20, 0x63, 0x6f, 0x6e, 0x76, 0x65, 0x6e, 0x74, 0x69, 0x6f, 0x6e, 0x73, 0x0a, 0x0a, 0x3b, 0x20,
    0x41, 0x73, 0x73, 0x75, 0x6d, 0x65, 0x20, 0x61, 0x6c, 0x6c, 0x2d, 0x63, 0x61, 0x70, 0x73, 0x20,
    0x6e, 0x61, 0x6d, 0x65, 0x73, 0x20, 0x61, 0x72, 0x65, 0x20, 0x63, 0x6f, 0x6e, 0x73, 0x74, 0x61,
    0x6e, 0x74, 0x73, 0x0a, 0x28, 0x28, 0x69, 0x64, 0x65, 0x6e, 0x74, 0x69, 0x66, 0x69, 0x65, 0x72,
    0x29, 0x20, 0x40, 0x63, 0x6f, 0x6e, 0x73, 0x74, 0x61, 0x6e, 0x74, 0x0a, 0x20, 0x28, 0x23, 0x6d,
    0x61, 0x74, 0x63, 0x68, 0x3f, 0x20, 0x40, 0x63, 0x6f, 0x6e, 0x73, 0x74, 0x61, 0x6e, 0x74, 0x20,
    0x22, 0x5e, 0x5b, 0x41, 0x2d, 0x5a, 0x5d, 0x5b, 0x41, 0x2d, 0x5a, 0x5c, 0x5c, 0x64, 0x5f, 0x5d,
    0x2b, 0x24, 0x27, 0x22, 0x29, 0x29, 0x0a, 0x0a, 0x3b, 0x20, 0x41, 0x73, 0x73, 0x75, 0x6d, 0x65,
    0x20, 0x75, 0x70, 0x70, 0x65, 0x72, 0x63, 0x61, 0x73, 0x65, 0x20, 0x6e, 0x61, 0x6d, 0x65, 0x73,
    0x20, 0x61, 0x72, 0x65, 0x20, 0x65, 0x6e, 0x75, 0x6d, 0x20, 0x63, 0x6f, 0x6e, 0x73, 0x74, 0x72,
    0x75, 0x63, 0x74, 0x6f, 0x72, 0x73, 0x0a, 0x28, 0x28, 0x69, 0x64, 0x65, 0x6e, 0x74, 0x69, 0x66,
    0x69, 0x65, 0x72, 0x29, 0x20, 0x40, 0x63, 0x6f, 0x6e, 0x73, 0x74, 0x72, 0x75, 0x63, 0x74, 0x6f,
    0x72, 0x0a, 0x20, 0x28, 0x23, 0x6d, 0x61, 0x74, 0x63, 0x68, 0x3f, 0x20, 0x40, 0x63, 0x6f, 0x6e,
    0x73, 0x74, 0x72, 0x75, 0x63, 0x74, 0x6f, 0x72, 0x20, 0x22, 0x5e, 0x5b, 0x41, 0x2d, 0x5a, 0x5d,
    0x22, 0x29, 0x29, 0x0a, 0x0a, 0x3b, 0x20, 0x41, 0x73, 0x73, 0x75, 0x6d, 0x65, 0x20, 0x74, 0x68,
    0x61, 0x74, 0x20, 0x75, 0x70, 0x70, 0x65, 0x72, 0x63, 0x61, 0x73, 0x65, 0x20, 0x6e, 0x61, 0x6d,
    0x65, 0x73, 0x20, 0x69, 0x6e, 0x20, 0x70, 0x61, 0x74, 0x68, 0x73, 0x20, 0x61, 0x72, 0x65, 0x20,
    0x74, 0x79, 0x70, 0x65, 0x73, 0x0a, 0x28, 0x28, 0x73, 0x63, 0x6f, 0x70, 0x65, 0x64, 0x5f, 0x69,
    0x64, 0x65, 0x6e, 0x74, 0x69, 0x66, 0x69, 0x65, 0x72, 0x0a, 0x20, 0x20, 0x70, 0x61, 0x74, 0x68,
    0x3a, 0x20, 0x28, 0x69, 0x64, 0x65, 0x6e, 0x74, 0x69, 0x66, 0x69, 0x65, 0x72, 0x29, 0x20, 0x40,
    0x74, 0x79, 0x70, 0x65, 0x29, 0x0a, 0x20, 0x28, 0x23, 0x6d, 0x61, 0x74, 0x63, 0x68, 0x3f, 0x20,
    0x40, 0x74, 0x79, 0x70, 0x65, 0x20, 0x22, 0x5e, 0x5b, 0x41, 0x2d, 0x5a, 0x5d, 0x22, 0x29, 0x29,
    0x0a, 0x28, 0x28, 0x73, 0x63, 0x6f, 0x70, 0x65, 0x64, 0x5f, 0x69, 0x64, 0x65, 0x6e, 0x74, 0x69,
    0x66, 0x69, 0x65, 0x72, 0x0a, 0x20, 0x20, 0x70, 0x61, 0x74, 0x68, 0x3a, 0x20, 0x28, 0x73, 0x63,
    0x6f, 0x70, 0x65, 0x64, 0x5f, 0x69, 0x64, 0x65, 0x6e, 0x74, 0x69, 0x66, 0x69, 0x65, 0x72, 0x0a,
    0x20, 0x20, 0x20, 0x20, 0x6e, 0x61, 0x6d, 0x65, 0x3a, 0x20, 0x28, 0x69, 0x64, 0x65, 0x6e, 0x74,
    0x69, 0x66, 0x69, 0x65, 0x72, 0x29, 0x20, 0x40, 0x74, 0x79, 0x70, 0x65, 0x29, 0x29, 0x0a, 0x20,
    0x28, 0x23, 0x6d, 0x61, 0x74, 0x63, 0x68, 0x3f, 0x20, 0x40, 0x74, 0x79, 0x70, 0x65, 0x20, 0x22,
    0x5e, 0x5b, 0x41, 0x2d, 0x5a, 0x5d, 0x22, 0x29, 0x29, 0x0a, 0x28, 0x28, 0x73, 0x63, 0x6f, 0x70,
    0x65, 0x64, 0x5f, 0x74, 0x79, 0x70, 0x65, 0x5f, 0x69, 0x64, 0x65, 0x6e, 0x74, 0x69, 0x66, 0x69,
    0x65, 0x72, 0x0a, 0x20, 0x20, 0x70, 0x61, 0x74, 0x68, 0x3a, 0x20, 0x28, 0x69, 0x64, 0x65, 0x6e,
    0x74, 0x69, 0x66, 0x69, 0x65, 0x72, 0x29, 0x20, 0x40, 0x74, 0x79, 0x70, 0x65, 0x29, 0x0a, 0x20,
    0x28, 0x23, 0x6d, 0x61, 0x74, 0x63, 0x68, 0x3f, 0x20, 0x40, 0x74, 0x79, 0x70, 0x65, 0x20, 0x22,
    0x5e, 0x5b, 0x41, 0x2d, 0x5a, 0x5d, 0x22, 0x29, 0x29, 0x0a, 0x28, 0x28, 0x73, 0x63, 0x6f, 0x70,
    0x65, 0x64, 0x5f, 0x74, 0x79, 0x70, 0x65, 0x5f, 0x69, 0x64, 0x65, 0x6e, 0x74, 0x69, 0x66, 0x69,
    0x65, 0x72, 0x0a, 0x20, 0x20, 0x70, 0x61, 0x74, 0x68, 0x3a, 0x20, 0x28, 0x73, 0x63, 0x6f, 0x70,
    0x65, 0x64, 0x5f, 0x69, 0x64, 0x65, 0x6e, 0x74, 0x69, 0x66, 0x69, 0x65, 0x72, 0x0a, 0x20, 0x20,
    0x20, 0x20, 0x6e, 0x61, 0x6d, 0x65, 0x3a, 0x20, 0x28, 0x69, 0x64, 0x65, 0x6e, 0x74, 0x69, 0x66,
    0x69, 0x65, 0x72, 0x29, 0x20, 0x40, 0x74, 0x79, 0x70, 0x65, 0x29, 0x29, 0x0a, 0x20, 0x28, 0x23,
    0x6d, 0x61, 0x74, 0x63, 0x68, 0x3f, 0x20, 0x40, 0x74, 0x79, 0x70, 0x65, 0x20, 0x22, 0x5e, 0x5b,
    0x41, 0x2d, 0x5a, 0x5d, 0x22, 0x29, 0x29, 0x0a, 0x0a, 0x3b, 0x20, 0x41, 0x73, 0x73, 0x75, 0x6d,
    0x65, 0x20, 0x61, 0x6c, 0x6c, 0x20, 0x71, 0x75, 0x61, 0x6c, 0x69, 0x66, 0x69, 0x65, 0x64, 0x20,
    0x6e, 0x61, 0x6d, 0x65, 0x73, 0x20, 0x69, 0x6e, 0x20, 0x73, 0x74, 0x72, 0x75, 0x63, 0x74, 0x20,
    0x70, 0x61, 0x74, 0x74, 0x65, 0x72, 0x6e, 0x73, 0x20, 0x61, 0x72, 0x65, 0x20, 0x65, 0x6e, 0x75,
    0x6d, 0x20, 0x63, 0x6f, 0x6e, 0x73, 0x74, 0x72, 0x75, 0x63, 0x74, 0x6f, 0x72, 0x73, 0x2e, 0x20,
    0x28, 0x54, 0x68, 0x65, 0x79, 0x27, 0x72, 0x65, 0x0a, 0x3b, 0x20, 0x65, 0x69, 0x74, 0x68, 0x65,
    0x72, 0x20, 0x74, 0x68, 0x61, 0x74, 0x2c, 0x20, 0x6f, 0x72, 0x20, 0x73, 0x74, 0x72, 0x75, 0x63,
    0x74, 0x20, 0x6e, 0x61, 0x6d, 0x65, 0x73, 0x3b, 0x20, 0x68, 0x69, 0x67, 0x68, 0x6c, 0x69, 0x67,
    0x68, 0x74, 0x69, 0x6e, 0x67, 0x20, 0x62, 0x6f, 0x74, 0x68, 0x20, 0x61, 0x73, 0x20, 0x63, 0x6f,
    0x6e, 0x73, 0x74, 0x72, 0x75, 0x63, 0x74, 0x6f, 0x72, 0x73, 0x20, 0x73, 0x65, 0x65, 0x6d, 0x73,
    0x20, 0x74, 0x6f, 0x20, 0x62, 0x65, 0x0a, 0x3b, 0x20, 0x74, 0x68, 0x65, 0x20, 0x6c, 0x65, 0x73,
    0x73, 0x20, 0x67, 0x6c, 0x61, 0x72, 0x69, 0x6e, 0x67, 0x20, 0x63, 0x68, 0x6f, 0x69, 0x63, 0x65,
    0x20, 0x6f, 0x66, 0x20, 0x65, 0x72, 0x72, 0x6f, 0x72, 0x2c, 0x20, 0x76, 0x69, 0x73, 0x75, 0x61,
    0x6c, 0x6c, 0x79, 0x2e, 0x29, 0x0a, 0x28, 0x73, 0x74, 0x72, 0x75, 0x63, 0x74, 0x5f, 0x70, 0x61,
    0x74, 0x74, 0x65, 0x72, 0x6e, 0x0a, 0x20, 0x20, 0x74, 0x79, 0x70, 0x65, 0x3a, 0x20, 0x28, 0x73,
    0x63, 0x6f, 0x70, 0x65, 0x64, 0x5f, 0x74, 0x79, 0x70, 0x65, 0x5f, 0x69, 0x64, 0x65, 0x6e, 0x74,
    0x69, 0x66, 0x69, 0x65, 0x72, 0x0a, 0x20, 0x20, 0x20, 0x20, 0x6e, 0x61, 0x6d, 0x65, 0x3a, 0x20,
    0x28, 0x74, 0x79, 0x70, 0x65, 0x5f, 0x69, 0x64, 0x65, 0x6e, 0x74, 0x69, 0x66, 0x69, 0x65, 0x72,
    0x29, 0x20, 0x40, 0x63, 0x6f, 0x6e, 0x73, 0x74, 0x72, 0x75, 0x63, 0x74, 0x6f, 0x72, 0x29, 0x29,
    0x0a, 0x0a, 0x3b, 0x20, 0x46, 0x75, 0x6e, 0x63, 0x74, 0x69, 0x6f, 0x6e, 0x20, 0x63, 0x61, 0x6c,
    0x6c, 0x73, 0x0a, 0x0a, 0x28, 0x63, 0x61, 0x6c, 0x6c, 0x5f, 0x65, 0x78, 0x70, 0x72, 0x65, 0x73,
    0x73, 0x69, 0x6f, 0x6e, 0x0a, 0x20, 0x20, 0x66, 0x75, 0x6e, 0x63, 0x74, 0x69, 0x6f, 0x6e, 0x3a,
    0x20, 0x28, 0x69, 0x64, 0x65, 0x6e, 0x74, 0x69, 0x66, 0x69, 0x65, 0x72, 0x29, 0x20, 0x40, 0x66,
    0x75, 0x6e, 0x63, 0x74, 0x69, 0x6f, 0x6e, 0x29, 0x0a, 0x28, 0x63, 0x61, 0x6c, 0x6c, 0x5f, 0x65,
    0x78, 0x70, 0x72, 0x65, 0x73, 0x73, 0x69, 0x6f, 0x6e, 0x0a, 0x20, 0x20, 0x66, 0x75, 0x6e, 0x63,
    0x74, 0x69, 0x6f, 0x6e, 0x3a, 0x20, 0x28, 0x66, 0x69, 0x65, 0x6c, 0x64, 0x5f, 0x65, 0x78, 0x70,
    0x72, 0x65, 0x73, 0x73, 0x69, 0x6f, 0x6e, 0x0a, 0x20, 0x20, 0x20, 0x20, 0x66, 0x69, 0x65, 0x6c,
    0x64, 0x3a, 0x20, 0x28, 0x66, 0x69, 0x65, 0x6c, 0x64, 0x5f, 0x69, 0x64, 0x65, 0x6e, 0x74, 0x69,
    0x66, 0x69, 0x65, 0x72, 0x29, 0x20, 0x40, 0x66, 0x75, 0x6e, 0x63, 0x74, 0x69, 0x6f, 0x6e, 0x2e,
    0x6d, 0x65, 0x74, 0x68, 0x6f, 0x64, 0x29, 0x29, 0x0a, 0x28, 0x63, 0x61, 0x6c, 0x6c, 0x5f, 0x65,
    0x78, 0x70, 0x72, 0x65, 0x73, 0x73, 0x69, 0x6f, 0x6e, 0x0a, 0x20, 0x20, 0x66, 0x75, 0x6e, 0x63,
    0x74, 0x69, 0x6f, 0x6e, 0x3a, 0x20, 0x28, 0x73, 0x63, 0x6f, 0x70, 0x65, 0x64, 0x5f, 0x69, 0x64,
    0x65, 0x6e, 0x74, 0x69, 0x66, 0x69, 0x65, 0x72, 0x0a, 0x20, 0x20, 0x20, 0x20, 0x22, 0x3a, 0x3a,
    0x22, 0x0a, 0x20, 0x20, 0x20, 0x20, 0x6e, 0x61, 0x6d, 0x65, 0x3a, 0x20, 0x28, 0x69, 0x64, 0x65,
    0x6e, 0x74, 0x69, 0x66, 0x69, 0x65, 0x72, 0x29, 0x20, 0x40, 0x66, 0x75, 0x6e, 0x63, 0x74, 0x69,
    0x6f, 0x6e, 0x29, 0x29, 0x0a, 0x0a, 0x28, 0x67, 0x65, 0x6e, 0x65, 0x72, 0x69, 0x63, 0x5f, 0x66,
    0x75, 0x6e, 0x63, 0x74, 0x69, 0x6f, 0x6e, 0x0a, 0x20, 0x20, 0x66, 0x75, 0x6e, 0x63, 0x74, 0x69,
    0x6f, 0x6e, 0x3a, 0x20, 0x28, 0x69, 0x64, 0x65, 0x6e, 0x74, 0x69, 0x66, 0x69, 0x65, 0x72, 0x29,
    0x20, 0x40, 0x66, 0x75, 0x6e, 0x63, 0x74, 0x69, 0x6f, 0x6e, 0x29, 0x0a, 0x28, 0x67, 0x65, 0x6e,
    0x65, 0x72, 0x69, 0x63, 0x5f, 0x66, 0x75, 0x6e, 0x63, 0x74, 0x69, 0x6f, 0x6e, 0x0a, 0x20, 0x20,
    0x66, 0x75, 0x6e, 0x63, 0x74, 0x69, 0x6f, 0x6e, 0x3a, 0x20, 0x28, 0x73, 0x63, 0x6f, 0x70, 0x65,
    0x64, 0x5f, 0x69, 0x64, 0x65, 0x6e, 0x74, 0x69, 0x66, 0x69, 0x65, 0x72, 0x0a, 0x20, 0x20, 0x20,
    0x20, 0x6e, 0x61, 0x6d, 0x65, 0x3a, 0x20, 0x28, 0x69, 0x64, 0x65, 0x6e, 0x74, 0x69, 0x66, 0x69,
    0x65, 0x72, 0x29, 0x20, 0x40, 0x66, 0x75, 0x6e, 0x63, 0x74, 0x69, 0x6f, 0x6e, 0x29, 0x29, 0x0a,
    0x28, 0x67, 0x65, 0x6e, 0x65, 0x72, 0x69, 0x63, 0x5f, 0x66, 0x75, 0x6e, 0x63, 0x74, 0x69, 0x6f,
    0x6e, 0x0a, 0x20, 0x20, 0x66, 0x75, 0x6e, 0x63, 0x74, 0x69, 0x6f, 0x6e, 0x3a, 0x20, 0x28, 0x66,
    0x69, 0x65, 0x6c, 0x64, 0x5f, 0x65, 0x78, 0x70, 0x72, 0x65, 0x73, 0x73, 0x69, 0x6f, 0x6e, 0x0a,
    0x20, 0x20, 0x20, 0x20, 0x66, 0x69, 0x65, 0x6c, 0x64, 0x3a, 0x20, 0x28, 0x66, 0x69, 0x65, 0x6c,
    0x64, 0x5f, 0x69, 0x64, 0x65, 0x6e, 0x74, 0x69, 0x66, 0x69, 0x65, 0x72, 0x29, 0x20, 0x40, 0x66,
    0x75, 0x6e, 0x63, 0x74, 0x69, 0x6f, 0x6e, 0x2e, 0x6d, 0x65, 0x74, 0x68, 0x6f, 0x64, 0x29, 0x29,
    0x0a, 0x0a, 0x28, 0x6d, 0x61, 0x63, 0x72, 0x6f, 0x5f, 0x69, 0x6e, 0x76, 0x6f, 0x63, 0x61, 0x74,
    0x69, 0x6f, 0x6e, 0x0a, 0x20, 0x20, 0x6d, 0x61, 0x63, 0x72, 0x6f, 0x3a, 0x20, 0x28, 0x69, 0x64,
    0x65, 0x6e, 0x74, 0x69, 0x66, 0x69, 0x65, 0x72, 0x29, 0x20, 0x40, 0x66, 0x75, 0x6e, 0x63, 0x74,
    0x69, 0x6f, 0x6e, 0x2e, 0x6d, 0x61, 0x63, 0x72, 0x6f, 0x0a, 0x20, 0x20, 0x22, 0x21, 0x22, 0x20,
    0x40, 0x66, 0x75, 0x6e, 0x63, 0x74, 0x69, 0x6f, 0x6e, 0x2e, 0x6d, 0x61, 0x63, 0x72, 0x6f, 0x29,
    0x0a, 0x0a, 0x3b, 0x20, 0x46, 0x75, 0x6e, 0x63, 0x74, 0x69, 0x6f, 0x6e, 0x20, 0x64, 0x65, 0x66,
    0x69, 0x6e, 0x69, 0x74, 0x69, 0x6f, 0x6e, 0x73, 0x0a, 0x0a, 0x28, 0x66, 0x75, 0x6e, 0x63, 0x74,
    0x69, 0x6f, 0x6e, 0x5f, 0x69, 0x74, 0x65, 0x6d, 0x20, 0x28, 0x69, 0x64, 0x65, 0x6e, 0x74, 0x69,
    0x66, 0x69, 0x65, 0x72, 0x29, 0x20, 0x40, 0x66, 0x75, 0x6e, 0x63, 0x74, 0x69, 0x6f, 0x6e, 0x29,
    0x0a, 0x28, 0x66, 0x75, 0x6e, 0x63, 0x74, 0x69, 0x6f, 0x6e, 0x5f, 0x73, 0x69, 0x67, 0x6e, 0x61,
    0x74, 0x75, 0x72, 0x65, 0x5f, 0x69, 0x74, 0x65, 0x6d, 0x20, 0x28, 0x69, 0x64, 0x65, 0x6e, 0x74,
    0x69, 0x66, 0x69, 0x65, 0x72, 0x29, 0x20, 0x40, 0x66, 0x75, 0x6e, 0x63, 0x74, 0x69, 0x6f, 0x6e,
    0x29, 0x0a, 0x0a, 0x28, 0x6c, 0x69, 0x6e, 0x65, 0x5f, 0x63, 0x6f, 0x6d, 0x6d, 0x65, 0x6e, 0x74,
    0x29, 0x20, 0x40, 0x63, 0x6f, 0x6d, 0x6d, 0x65, 0x6e, 0x74, 0x0a, 0x28, 0x62, 0x6c, 0x6f, 0x63,
    0x6b, 0x5f, 0x63, 0x6f, 0x6d, 0x6d, 0x65, 0x6e, 0x74, 0x29, 0x20, 0x40, 0x63, 0x6f, 0x6d, 0x6d,
    0x65, 0x6e, 0x74, 0x0a, 0x0a, 0x28, 0x6c, 0x69, 0x6e, 0x65, 0x5f, 0x63, 0x6f, 0x6d, 0x6d, 0x65,
    0x6e, 0x74, 0x20, 0x28, 0x64, 0x6f, 0x63, 0x5f, 0x63, 0x6f, 0x6d, 0x6d, 0x65, 0x6e, 0x74, 0x29,
    0x29, 0x20, 0x40, 0x63, 0x6f, 0x6d, 0x6d, 0x65, 0x6e, 0x74, 0x2e, 0x64, 0x6f, 0x63, 0x75, 0x6d,
    0x65, 0x6e, 0x74, 0x61, 0x74, 0x69, 0x6f, 0x6e, 0x0a, 0x28, 0x62, 0x6c, 0x6f, 0x63, 0x6b, 0x5f,
    0x63, 0x6f, 0x6d, 0x6d, 0x65, 0x6e, 0x74, 0x20, 0x28, 0x64, 0x6f, 0x63, 0x5f, 0x63, 0x6f, 0x6d,
    0x6d, 0x65, 0x6e, 0x74, 0x29, 0x29, 0x20, 0x40, 0x63, 0x6f, 0x6d, 0x6d, 0x65, 0x6e, 0x74, 0x2e,
    0x64, 0x6f, 0x63, 0x75, 0x6d, 0x65, 0x6e, 0x74, 0x61, 0x74, 0x69, 0x6f, 0x6e, 0x0a, 0x0a, 0x22,
    0x28, 0x22, 0x20, 0x40, 0x70, 0x75, 0x6e, 0x63, 0x74, 0x75, 0x61, 0x74, 0x69, 0x6f, 0x6e, 0x2e,
    0x62, 0x72, 0x61, 0x63, 0x6b, 0x65, 0x74, 0x0a, 0x22, 0x29, 0x22, 0x20, 0x40, 0x70, 0x75, 0x6e,
    0x63, 0x74, 0x75, 0x61, 0x74, 0x69, 0x6f, 0x6e, 0x2e, 0x62, 0x72, 0x61, 0x63, 0x6b, 0x65, 0x74,
    0x0a, 0x22, 0x5b, 0x22, 0x20, 0x40, 0x70, 0x75, 0x6e, 0x63, 0x74, 0x75, 0x61, 0x74, 0x69, 0x6f,
    0x6e, 0x2e, 0x62, 0x72, 0x61, 0x63, 0x6b, 0x65, 0x74, 0x0a, 0x22, 0x5d, 0x22, 0x20, 0x40, 0x70,
    0x75, 0x6e, 0x63, 0x74, 0x75, 0x61, 0x74, 0x69, 0x6f, 0x6e, 0x2e, 0x62, 0x72, 0x61, 0x63, 0x6b,
    0x65, 0x74, 0x0a, 0x22, 0x7b, 0x22, 0x20, 0x40, 0x70, 0x75, 0x6e, 0x63, 0x74, 0x75, 0x61, 0x74,
    0x69, 0x6f, 0x6e, 0x2e, 0x62, 0x72, 0x61, 0x63, 0x6b, 0x65, 0x74, 0x0a, 0x22, 0x7d, 0x22, 0x20,
    0x40, 0x70, 0x75, 0x6e, 0x63, 0x74, 0x75, 0x61, 0x74, 0x69, 0x6f, 0x6e, 0x2e, 0x62, 0x72, 0x61,
    0x63, 0x6b, 0x65, 0x74, 0x0a, 0x0a, 0x28, 0x74, 0x79, 0x70, 0x65, 0x5f, 0x61, 0x72, 0x67, 0x75,
    0x6d, 0x65, 0x6e, 0x74, 0x73, 0x0a, 0x20, 0x20, 0x22, 0x3c, 0x22, 0x20, 0x40, 0x70, 0x75, 0x6e,
    0x63, 0x74, 0x75, 0x61, 0x74, 0x69, 0x6f, 0x6e, 0x2e, 0x62, 0x72, 0x61, 0x63, 0x6b, 0x65, 0x74,
    0x0a, 0x20, 0x20, 0x22, 0x3e, 0x22, 0x20, 0x40, 0x70, 0x75, 0x6e, 0x63, 0x74, 0x75, 0x61, 0x74,
    0x69, 0x6f, 0x6e, 0x2e, 0x62, 0x72, 0x61, 0x63, 0x6b, 0x65, 0x74, 0x29, 0x0a, 0x28, 0x74, 0x79,
    0x70, 0x65, 0x5f, 0x70, 0x61, 0x72, 0x61, 0x6d, 0x65, 0x74, 0x65, 0x72, 0x73, 0x0a, 0x20, 0x20,
    0x22, 0x3c, 0x22, 0x20, 0x40, 0x70, 0x75, 0x6e, 0x63, 0x74, 0x75, 0x61, 0x74, 0x69, 0x6f, 0x6e,
    0x2e, 0x62, 0x72, 0x61, 0x63, 0x6b, 0x65, 0x74, 0x0a, 0x20, 0x20, 0x22, 0x3e, 0x22, 0x20, 0x40,
    0x70, 0x75, 0x6e, 0x63, 0x74, 0x75, 0x61, 0x74, 0x69, 0x6f, 0x6e, 0x2e, 0x62, 0x72, 0x61, 0x63,
    0x6b, 0x65, 0x74, 0x29, 0x0a, 0x0a, 0x22, 0x3a, 0x3a, 0x22, 0x20, 0x40, 0x70, 0x75, 0x6e, 0x63,
    0x74, 0x75, 0x61, 0x74, 0x69, 0x6f, 0x6e, 0x2e, 0x64, 0x65, 0x6c, 0x69, 0x6d, 0x69, 0x74, 0x65,
    0x72, 0x0a, 0x22, 0x3a, 0x22, 0x20, 0x40, 0x70, 0x75, 0x6e, 0x63, 0x74, 0x75, 0x61, 0x74, 0x69,
    0x6f, 0x6e, 0x2e, 0x64, 0x65, 0x6c, 0x69, 0x6d, 0x69, 0x74, 0x65, 0x72, 0x0a, 0x22, 0x2e, 0x22,
    0x20, 0x40, 0x70, 0x75, 0x6e, 0x63, 0x74, 0x75, 0x61, 0x74, 0x69, 0x6f, 0x6e, 0x2e, 0x64, 0x65,
    0x6c, 0x69, 0x6d, 0x69, 0x74, 0x65, 0x72, 0x0a, 0x22, 0x2c, 0x22, 0x20, 0x40, 0x70, 0x75, 0x6e,
    0x63, 0x74, 0x75, 0x61, 0x74, 0x69, 0x6f, 0x6e, 0x2e, 0x64, 0x65, 0x6c, 0x69, 0x6d, 0x69, 0x74,
    0x65, 0x72, 0x0a, 0x22, 0x3b, 0x22, 0x20, 0x40, 0x70, 0x75, 0x6e, 0x63, 0x74, 0x75, 0x61, 0x74,
    0x69, 0x6f, 0x6e, 0x2e, 0x64, 0x65, 0x6c, 0x69, 0x6d, 0x69, 0x74, 0x65, 0x72, 0x0a, 0x0a, 0x28,
    0x70, 0x61, 0x72, 0x61, 0x6d, 0x65, 0x74, 0x65, 0x72, 0x20, 0x28, 0x69, 0x64, 0x65, 0x6e, 0x74,
    0x69, 0x66, 0x69, 0x65, 0x72, 0x29, 0x20, 0x40, 0x76, 0x61, 0x72, 0x69, 0x61, 0x62, 0x6c, 0x65,
    0x2e, 0x70, 0x61, 0x72, 0x61, 0x6d, 0x65, 0x74, 0x65, 0x72, 0x29, 0x0a, 0x0a, 0x28, 0x6c, 0x69,
    0x66, 0x65, 0x74, 0x69, 0x6d, 0x65, 0x20, 0x28, 0x69, 0x64, 0x65, 0x6e, 0x74, 0x69, 0x66, 0x69,
    0x65, 0x72, 0x29, 0x20, 0x40, 0x6c, 0x61, 0x62, 0x65, 0x6c, 0x29, 0x0a, 0x0a, 0x22, 0x61, 0x73,
    0x22, 0x20, 0x40, 0x6b, 0x65, 0x79, 0x77, 0x6f, 0x72, 0x64, 0x0a, 0x22, 0x61, 0x73, 0x79, 0x6e,
    0x63, 0x22, 0x20, 0x40, 0x6b, 0x65, 0x79, 0x77, 0x6f, 0x72, 0x64, 0x0a, 0x22, 0x61, 0x77, 0x61,
    0x69, 0x74, 0x22, 0x20, 0x40, 0x6b, 0x65, 0x79, 0x77, 0x6f, 0x72, 0x64, 0x0a, 0x22, 0x62, 0x72,
    0x65, 0x61, 0x6b, 0x22, 0x20, 0x40, 0x6b, 0x65, 0x79, 0x77, 0x6f, 0x72, 0x64, 0x0a, 0x22, 0x63,
    0x6f, 0x6e, 0x73, 0x74, 0x22, 0x20, 0x40, 0x6b, 0x65, 0x79, 0x77, 0x6f, 0x72, 0x64, 0x0a, 0x22,
    0x63, 0x6f, 0x6e, 0x74, 0x69, 0x6e, 0x75, 0x65, 0x22, 0x20, 0x40, 0x6b, 0x65, 0x79, 0x77, 0x6f,
    0x72, 0x64, 0x0a, 0x22, 0x64, 0x65, 0x66, 0x61, 0x75, 0x6c, 0x74, 0x22, 0x20, 0x40, 0x6b, 0x65,
    0x79, 0x77, 0x6f, 0x72, 0x64, 0x0a, 0x22, 0x64, 0x79, 0x6e, 0x22, 0x20, 0x40, 0x6b, 0x65, 0x79,
    0x77, 0x6f, 0x72, 0x64, 0x0a, 0x22, 0x65, 0x6c, 0x73, 0x65, 0x22, 0x20, 0x40, 0x6b, 0x65, 0x79,
    0x77, 0x6f, 0x72, 0x64, 0x0a, 0x22, 0x65, 0x6e, 0x75, 0x6d, 0x22, 0x20, 0x40, 0x6b, 0x65, 0x79,
    0x77, 0x6f, 0x72, 0x64, 0x0a, 0x22, 0x65, 0x78, 0x74, 0x65, 0x72, 0x6e, 0x22, 0x20, 0x40, 0x6b,
    0x65, 0x79, 0x77, 0x6f, 0x72, 0x64, 0x0a, 0x22, 0x66, 0x6e, 0x22, 0x20, 0x40, 0x6b, 0x65, 0x79,
    0x77, 0x6f, 0x72, 0x64, 0x0a, 0x22, 0x66, 0x6f, 0x72, 0x22, 0x20, 0x40, 0x6b, 0x65, 0x79, 0x77,
    0x6f, 0x72, 0x64, 0x0a, 0x22, 0x67, 0x65, 0x6e, 0x22, 0x20, 0x40, 0x6b, 0x65, 0x79, 0x77, 0x6f,
    0x72, 0x64, 0x0a, 0x22, 0x69, 0x66, 0x22, 0x20, 0x40, 0x6b, 0x65, 0x79, 0x77, 0x6f, 0x72, 0x64,
    0x0a, 0x22, 0x69, 0x6d, 0x70, 0x6c, 0x22, 0x20, 0x40, 0x6b, 0x65, 0x79, 0x77, 0x6f, 0x72, 0x64,
    0x0a, 0x22, 0x69, 0x6e, 0x22, 0x20, 0x40, 0x6b, 0x65, 0x79, 0x77, 0x6f, 0x72, 0x64, 0x0a, 0x22,
    0x6c, 0x65, 0x74, 0x22, 0x20, 0x40, 0x6b, 0x65, 0x79, 0x77, 0x6f, 0x72, 0x64, 0x0a, 0x22, 0x6c,
    0x6f, 0x6f, 0x70, 0x22, 0x20, 0x40, 0x6b, 0x65, 0x79, 0x77, 0x6f, 0x72, 0x64, 0x0a, 0x22, 0x6d,
    0x61, 0x63, 0x72, 0x6f, 0x5f, 0x72, 0x75, 0x6c, 0x65, 0x73, 0x21, 0x22, 0x20, 0x40, 0x6b, 0x65,
    0x79, 0x77, 0x6f, 0x72, 0x64, 0x0a, 0x22, 0x6d, 0x61, 0x74, 0x63, 0x68, 0x22, 0x20, 0x40, 0x6b,
    0x65, 0x79, 0x77, 0x6f, 0x72, 0x64, 0x0a, 0x22, 0x6d, 0x6f, 0x64, 0x22, 0x20, 0x40, 0x6b, 0x65,
    0x79, 0x77, 0x6f, 0x72, 0x64, 0x0a, 0x22, 0x6d, 0x6f, 0x76, 0x65, 0x22, 0x20, 0x40, 0x6b, 0x65,
    0x79, 0x77, 0x6f, 0x72, 0x64, 0x0a, 0x22, 0x70, 0x75, 0x62, 0x22, 0x20, 0x40, 0x6b, 0x65, 0x79,
    0x77, 0x6f, 0x72, 0x64, 0x0a, 0x22, 0x72, 0x61, 0x77, 0x22, 0x20, 0x40, 0x6b, 0x65, 0x79, 0x77,
    0x6f, 0x72, 0x64, 0x0a, 0x22, 0x72, 0x65, 0x66, 0x22, 0x20, 0x40, 0x6b, 0x65, 0x79, 0x77, 0x6f,
    0x72, 0x64, 0x0a, 0x22, 0x72, 0x65, 0x74, 0x75, 0x72, 0x6e, 0x22, 0x20, 0x40, 0x6b, 0x65, 0x79,
    0x77, 0x6f, 0x72, 0x64, 0x0a, 0x22, 0x73, 0x74, 0x61, 0x74, 0x69, 0x63, 0x22, 0x20, 0x40, 0x6b,
    0x65, 0x79, 0x77, 0x6f, 0x72, 0x64, 0x0a, 0x22, 0x73, 0x74, 0x72, 0x75, 0x63, 0x74, 0x22, 0x20,
    0x40, 0x6b, 0x65, 0x79, 0x77, 0x6f, 0x72, 0x64, 0x0a, 0x22, 0x74, 0x72, 0x61, 0x69, 0x74, 0x22,
    0x20, 0x40, 0x6b, 0x65, 0x79, 0x77, 0x6f, 0x72, 0x64, 0x0a, 0x22, 0x74, 0x79, 0x70, 0x65, 0x22,
    0x20, 0x40, 0x6b, 0x65, 0x79, 0x77, 0x6f, 0x72, 0x64, 0x0a, 0x22, 0x75, 0x6e, 0x69, 0x6f, 0x6e,
    0x22, 0x20, 0x40, 0x6b, 0x65, 0x79, 0x77, 0x6f, 0x72, 0x64, 0x0a, 0x22, 0x75, 0x6e, 0x73, 0x61,
    0x66, 0x65, 0x22, 0x20, 0x40, 0x6b, 0x65, 0x79, 0x77, 0x6f, 0x72, 0x64, 0x0a, 0x22, 0x75, 0x73,
    0x65, 0x22, 0x20, 0x40, 0x6b, 0x65, 0x79, 0x77, 0x6f, 0x72, 0x64, 0x0a, 0x22, 0x77, 0x68, 0x65,
    0x72, 0x65, 0x22, 0x20, 0x40, 0x6b, 0x65, 0x79, 0x77, 0x6f, 0x72, 0x64, 0x0a, 0x22, 0x77, 0x68,
    0x69, 0x6c, 0x65, 0x22, 0x20, 0x40, 0x6b, 0x65, 0x79, 0x77, 0x6f, 0x72, 0x64, 0x0a, 0x22, 0x79,
    0x69, 0x65, 0x6c, 0x64, 0x22, 0x20, 0x40, 0x6b, 0x65, 0x79, 0x77, 0x6f, 0x72, 0x64, 0x0a, 0x28,
    0x63, 0x72, 0x61, 0x74, 0x65, 0x29, 0x20, 0x40, 0x6b, 0x65, 0x79, 0x77, 0x6f, 0x72, 0x64, 0x0a,
    0x28, 0x6d, 0x75, 0x74, 0x61, 0x62, 0x6c, 0x65, 0x5f, 0x73, 0x70, 0x65, 0x63, 0x69, 0x66, 0x69,
    0x65, 0x72, 0x29, 0x20, 0x40, 0x6b, 0x65, 0x79, 0x77, 0x6f, 0x72, 0x64, 0x0a, 0x28, 0x75, 0x73,
    0x65, 0x5f, 0x6c, 0x69, 0x73, 0x74, 0x20, 0x28, 0x73, 0x65, 0x6c, 0x66, 0x29, 0x20, 0x40, 0x6b,
    0x65, 0x79, 0x77, 0x6f, 0x72, 0x64, 0x29, 0x0a, 0x28, 0x73, 0x63, 0x6f, 0x70, 0x65, 0x64, 0x5f,
    0x75, 0x73, 0x65, 0x5f, 0x6c, 0x69, 0x73, 0x74, 0x20, 0x28, 0x73, 0x65, 0x6c, 0x66, 0x29, 0x20,
    0x40, 0x6b, 0x65, 0x79, 0x77, 0x6f, 0x72, 0x64, 0x29, 0x0a, 0x28, 0x73, 0x63, 0x6f, 0x70, 0x65,
    0x64, 0x5f, 0x69, 0x64, 0x65, 0x6e, 0x74, 0x69, 0x66, 0x69, 0x65, 0x72, 0x20, 0x28, 0x73, 0x65,
    0x6c, 0x66, 0x29, 0x20, 0x40, 0x6b, 0x65, 0x79, 0x77, 0x6f, 0x72, 0x64, 0x29, 0x0a, 0x28, 0x73,
    0x75, 0x70, 0x65, 0x72, 0x29, 0x20, 0x40, 0x6b, 0x65, 0x79, 0x77, 0x6f, 0x72, 0x64, 0x0a, 0x0a,
    0x28, 0x73, 0x65, 0x6c, 0x66, 0x29, 0x20, 0x40, 0x76, 0x61, 0x72, 0x69, 0x61, 0x62, 0x6c, 0x65,
    0x2e, 0x62, 0x75, 0x69, 0x6c, 0x74, 0x69, 0x6e, 0x0a, 0x0a, 0x28, 0x63, 0x68, 0x61, 0x72, 0x5f,
    0x6c, 0x69, 0x74, 0x65, 0x72, 0x61, 0x6c, 0x29, 0x20, 0x40, 0x73, 0x74, 0x72, 0x69, 0x6e, 0x67,
    0x0a, 0x28, 0x73, 0x74, 0x72, 0x69, 0x6e, 0x67, 0x5f, 0x6c, 0x69, 0x74, 0x65, 0x72, 0x61, 0x6c,
    0x29, 0x20, 0x40, 0x73, 0x74, 0x72, 0x69, 0x6e, 0x67, 0x0a, 0x28, 0x72, 0x61, 0x77, 0x5f, 0x73,
    0x74, 0x72, 0x69, 0x6e, 0x67, 0x5f, 0x6c, 0x69, 0x74, 0x65, 0x72, 0x61, 0x6c, 0x29, 0x20, 0x40,
    0x73, 0x74, 0x72, 0x69, 0x6e, 0x67, 0x0a, 0x0a, 0x28, 0x62, 0x6f, 0x6f, 0x6c, 0x65, 0x61, 0x6e,
    0x5f, 0x6c, 0x69, 0x74, 0x65, 0x72, 0x61, 0x6c, 0x29, 0x20, 0x40, 0x63, 0x6f, 0x6e, 0x73, 0x74,
    0x61, 0x6e, 0x74, 0x2e, 0x62, 0x75, 0x69, 0x6c, 0x74, 0x69, 0x6e, 0x0a, 0x28, 0x69, 0x6e, 0x74,
    0x65, 0x67, 0x65, 0x72, 0x5f, 0x6c, 0x69, 0x74, 0x65, 0x72, 0x61, 0x6c, 0x29, 0x20, 0x40, 0x63,
    0x6f, 0x6e, 0x73, 0x74, 0x61, 0x6e, 0x74, 0x2e, 0x62, 0x75, 0x69, 0x6c, 0x74, 0x69, 0x6e, 0x0a,
    0x28, 0x66, 0x6c, 0x6f, 0x61, 0x74, 0x5f, 0x6c, 0x69, 0x74, 0x65, 0x72, 0x61, 0x6c, 0x29, 0x20,
    0x40, 0x63, 0x6f, 0x6e, 0x73, 0x74, 0x61, 0x6e, 0x74, 0x2e, 0x62, 0x75, 0x69, 0x6c, 0x74, 0x69,
    0x6e, 0x0a, 0x0a, 0x28, 0x65, 0x73, 0x63, 0x61, 0x70, 0x65, 0x5f, 0x73, 0x65, 0x71, 0x75, 0x65,
    0x6e, 0x63, 0x65, 0x29, 0x20, 0x40, 0x65, 0x73, 0x63, 0x61, 0x70, 0x65, 0x0a, 0x0a, 0x28, 0x61,
    0x74, 0x74, 0x72, 0x69, 0x62, 0x75, 0x74, 0x65, 0x5f, 0x69, 0x74, 0x65, 0x6d, 0x29, 0x20, 0x40,
    0x61, 0x74, 0x74, 0x72, 0x69, 0x62, 0x75, 0x74, 0x65, 0x0a, 0x28, 0x69, 0x6e, 0x6e, 0x65, 0x72,
    0x5f, 0x61, 0x74, 0x74, 0x72, 0x69, 0x62, 0x75, 0x74, 0x65, 0x5f, 0x69, 0x74, 0x65, 0x6d, 0x29,
    0x20, 0x40, 0x61, 0x74, 0x74, 0x72, 0x69, 0x62, 0x75, 0x74, 0x65, 0x0a, 0x0a, 0x22, 0x2a, 0x22,
    0x20, 0x40, 0x6f, 0x70, 0x65, 0x72, 0x61, 0x74, 0x6f, 0x72, 0x0a, 0x22, 0x26, 0x22, 0x20, 0x40,
    0x6f, 0x70, 0x65, 0x72, 0x61, 0x74, 0x6f, 0x72, 0x0a, 0x22, 0x27, 0x22, 0x20, 0x40, 0x6f, 0x70,
    0x65, 0x72, 0x61, 0x74, 0x6f, 0x72, 0x0a,
};

static const unsigned char query_go[] = {
    0x3b, 0x20, 0x46, 0x75, 0x6e, 0x63, 0x74, 0x69, 0x6f, 0x6e, 0x20, 0x63, 0x61, 0x6c, 0x6c, 0x73,
    0x0a, 0x0a, 0x28, 0x63, 0x61, 0x6c, 0x6c, 0x5f, 0x65, 0x78, 0x70, 0x72, 0x65, 0x73, 0x73, 0x69,
    0x6f, 0x6e, 0x0a, 0x20, 0x20, 0x66, 0x75, 0x6e, 0x63, 0x74, 0x69, 0x6f, 0x6e, 0x3a, 0x20, 0x28,
    0x69, 0x64, 0x65, 0x6e, 0x74, 0x69, 0x66, 0x69, 0x65, 0x72, 0x29, 0x20, 0x40, 0x66, 0x75, 0x6e,
    0x63, 0x74, 0x69, 0x6f, 0x6e, 0x29, 0x0a, 0x0a, 0x28, 0x63, 0x61, 0x6c, 0x6c, 0x5f, 0x65, 0x78,
    0x70, 0x72, 0x65, 0x73, 0x73, 0x69, 0x6f, 0x6e, 0x0a, 0x20, 0x20, 0x66, 0x75, 0x6e, 0x63, 0x74,
    0x69, 0x6f, 0x6e, 0x3a, 0x20, 0x28, 0x69, 0x64, 0x65, 0x6e, 0x74, 0x69, 0x66, 0x69, 0x65, 0x72,
    0x29, 0x20, 0x40, 0x66, 0x75, 0x6e, 0x63, 0x74, 0x69, 0x6f, 0x6e, 0x2e, 0x62, 0x75, 0x69, 0x6c,
    0x74, 0x69, 0x6e, 0x0a, 0x20, 0x20, 0x28, 0x23, 0x6d, 0x61, 0x74, 0x63, 0x68, 0x3f, 0x20, 0x40,
    0x66, 0x75, 0x6e, 0x63, 0x74, 0x69, 0x6f, 0x6e, 0x2e, 0x62, 0x75, 0x69, 0x6c, 0x74, 0x69, 0x6e,
    0x20, 0x22, 0x5e, 0x28, 0x61, 0x70, 0x70, 0x65, 0x6e, 0x64, 0x7c, 0x63, 0x61, 0x70, 0x7c, 0x63,
    0x6c, 0x6f, 0x73, 0x65, 0x7c, 0x63, 0x6f, 0x6d, 0x70, 0x6c, 0x65, 0x78, 0x7c, 0x63, 0x6f, 0x70,
    0x79, 0x7c, 0x64, 0x65, 0x6c, 0x65, 0x74, 0x65, 0x7c, 0x69, 0x6d, 0x61, 0x67, 0x7c, 0x6c, 0x65,
    0x6e, 0x7c, 0x6d, 0x61, 0x6b, 0x65, 0x7c, 0x6e, 0x65, 0x77, 0x7c, 0x70, 0x61, 0x6e, 0x69, 0x63,
    0x7c, 0x70, 0x72, 0x69, 0x6e, 0x74, 0x7c, 0x70, 0x72, 0x69, 0x6e, 0x74, 0x6c, 0x6e, 0x7c, 0x72,
    0x65, 0x61, 0x6c, 0x7c, 0x72, 0x65, 0x63, 0x6f, 0x76, 0x65, 0x72, 0x29, 0x24, 0x22, 0x29, 0x29,
    0x0a, 0x0a, 0x28, 0x63, 0x61, 0x6c, 0x6c, 0x5f, 0x65, 0x78, 0x70, 0x72, 0x65, 0x73, 0x73, 0x69,
    0x6f, 0x6e, 0x0a, 0x20, 0x20, 0x66, 0x75, 0x6e, 0x63, 0x74, 0x69, 0x6f, 0x6e, 0x3a, 0x20, 0x28,
    0x73, 0x65, 0x6c, 0x65, 0x63, 0x74, 0x6f, 0x72, 0x5f, 0x65, 0x78, 0x70, 0x72, 0x65, 0x73, 0x73,
    0x69, 0x6f, 0x6e, 0x0a, 0x20, 0x20, 0x20, 0x20, 0x66, 0x69, 0x65, 0x6c, 0x64, 0x3a, 0x20, 0x28,
    0x66, 0x69, 0x65, 0x6c, 0x64, 0x5f, 0x69, 0x64, 0x65, 0x6e, 0x74, 0x69, 0x66, 0x69, 0x65, 0x72,
    0x29, 0x20, 0x40, 0x66, 0x75, 0x6e, 0x63, 0x74, 0x69, 0x6f, 0x6e, 0x2e, 0x6d, 0x65, 0x74, 0x68,
    0x6f, 0x64, 0x29, 0x29, 0x0a, 0x0a, 0x3b, 0x20, 0x46, 0x75, 0x6e, 0x63, 0x74, 0x69, 0x6f, 0x6e,
    0x20, 0x64, 0x65, 0x66, 0x69, 0x6e, 0x69, 0x74, 0x69, 0x6f, 0x6e, 0x73, 0x0a, 0x0a, 0x28, 0x66,
    0x75, 0x6e, 0x63, 0x74, 0x69, 0x6f, 0x6e, 0x5f, 0x64, 0x65, 0x63, 0x6c, 0x61, 0x72, 0x61, 0x74,
    0x69, 0x6f, 0x6e, 0x0a, 0x20, 0x20, 0x6e, 0x61, 0x6d, 0x65, 0x3a, 0x20, 0x28, 0x69, 0x64, 0x65,
    0x6e, 0x74, 0x69, 0x66, 0x69, 0x65, 0x72, 0x29, 0x20, 0x40, 0x66, 0x75, 0x6e, 0x63, 0x74, 0x69,
    0x6f, 0x6e, 0x29, 0x0a, 0x0a, 0x28, 0x6d, 0x65, 0x74, 0x68, 0x6f, 0x64, 0x5f, 0x64, 0x65, 0x63,
    0x6c, 0x61, 0x72, 0x61, 0x74, 0x69, 0x6f, 0x6e, 0x0a, 0x20, 0x20, 0x6e, 0x61, 0x6d, 0x65, 0x3a,
    0x20, 0x28, 0x66, 0x69, 0x65, 0x6c, 0x64, 0x5f, 0x69, 0x64, 0x65, 0x6e, 0x74, 0x69, 0x66, 0x69,
    0x65, 0x72, 0x29, 0x20, 0x40, 0x66, 0x75, 0x6e, 0x63, 0x74, 0x69, 0x6f, 0x6e, 0x2e, 0x6d, 0x65,
    0x74, 0x68, 0x6f, 0x64, 0x29, 0x0a, 0x0a, 0x3b, 0x20, 0x49, 0x64, 0x65, 0x6e, 0x74, 0x69, 0x66,
    0x69, 0x65, 0x72, 0x73, 0x0a, 0x0a, 0x28, 0x74, 0x79, 0x70, 0x65, 0x5f, 0x69, 0x64, 0x65, 0x6e,
    0x74, 0x69, 0x66, 0x69, 0x65, 0x72, 0x29, 0x20, 0x40, 0x74, 0x79, 0x70, 0x65, 0x0a, 0x28, 0x66,
    0x69, 0x65, 0x6c, 0x64, 0x5f, 0x69, 0x64, 0x65, 0x6e, 0x74, 0x69, 0x66, 0x69, 0x65, 0x72, 0x29,
    0x20, 0x40, 0x70, 0x72, 0x6f, 0x70, 0x65, 0x72, 0x74, 0x79, 0x0a, 0x28, 0x69, 0x64, 0x65, 0x6e,
    0x74, 0x69, 0x66, 0x69, 0x65, 0x72, 0x29, 0x20, 0x40, 0x76, 0x61, 0x72, 0x69, 0x61, 0x62, 0x6c,
    0x65, 0x0a, 0x0a, 0x3b, 0x20, 0x4f, 0x70, 0x65, 0x72, 0x61, 0x74, 0x6f, 0x72, 0x73, 0x0a, 0x0a,
    0x5b, 0x0a, 0x20, 0x20, 0x22, 0x2d, 0x2d, 0x22, 0x0a, 0x20, 0x20, 0x22, 0x2d, 0x22, 0x0a, 0x20,
    0x20, 0x22, 0x2d, 0x3d, 0x22, 0x0a, 0x20, 0x20, 0x22, 0x3a, 0x3d, 0x22, 0x0a, 0x20, 0x20, 0x22,
    0x21, 0x22, 0x0a, 0x20, 0x20, 0x22, 0x21, 0x3d, 0x22, 0x0a, 0x20, 0x20, 0x22, 0x2e, 0x2e, 0x2e,
    0x22, 0x0a, 0x20, 0x20, 0x22, 0x2a, 0x22, 0x0a, 0x20, 0x20, 0x22, 0x2a, 0x22, 0x0a, 0x20, 0x20,
    0x22, 0x2a, 0x3d, 0x22, 0x0a, 0x20, 0x20, 0x22, 0x2f, 0x22, 0x0a, 0x20, 0x20, 0x22, 0x2f, 0x3d,
    0x22, 0x0a, 0x20, 0x20, 0x22, 0x26, 0x22, 0x0a, 0x20, 0x20, 0x22, 0x26, 0x26, 0x22, 0x0a, 0x20,
    0x20, 0x22, 0x26, 0x3d, 0x22, 0x0a, 0x20, 0x20, 0x22, 0x25, 0x22, 0x0a, 0x20, 0x20, 0x22, 0x25,
    0x3d, 0x22, 0x0a, 0x20, 0x20, 0x22, 0x5e, 0x22, 0x0a, 0x20, 0x20, 0x22, 0x5e, 0x3d, 0x22, 0x0a,
    0x20, 0x20, 0x22, 0x2b, 0x22, 0x0a, 0x20, 0x20, 0x22, 0x2b, 0x2b, 0x22, 0x0a, 0x20, 0x20, 0x22,
    0x2b, 0x3d, 0x22, 0x0a, 0x20, 0x20, 0x22, 0x3c, 0x2d, 0x22, 0x0a, 0x20, 0x20, 0x22, 0x3c, 0x22,
    0x0a, 0x20, 0x20, 0x22, 0x3c, 0x3c, 0x22, 0x0a, 0x20, 0x20, 0x22, 0x3c, 0x3c, 0x3d, 0x22, 0x0a,
    0x20, 0x20, 0x22, 0x3c, 0x3d, 0x22, 0x0a, 0x20, 0x20, 0x22, 0x3d, 0x22, 0x0a, 0x20, 0x20, 0x22,
    0x3d, 0x3d, 0x22, 0x0a, 0x20, 0x20, 0x22, 0x3e, 0x22, 0x0a, 0x20, 0x20, 0x22, 0x3e, 0x3d, 0x22,
    0x0a, 0x20, 0x20, 0x22, 0x3e, 0x3e, 0x22, 0x0a, 0x20, 0x20, 0x22, 0x3e, 0x3e, 0x3d, 0x22, 0x0a,
    0x20, 0x20, 0x22, 0x7c, 0x22, 0x0a, 0x20, 0x20, 0x22, 0x7c, 0x3d, 0x22, 0x0a, 0x20, 0x20, 0x22,
    0x7c, 0x7c, 0x22, 0x0a, 0x20, 0x20, 0x22, 0x7e, 0x22, 0x0a, 0x5d, 0x20, 0x40, 0x6f, 0x70, 0x65,
    0x72, 0x61, 0x74, 0x6f, 0x72, 0x0a, 0x0a, 0x3b, 0x20, 0x4b, 0x65, 0x79, 0x77, 0x6f, 0x72, 0x64,
    0x73, 0x0a, 0x0a, 0x5b, 0x0a, 0x20, 0x20, 0x22, 0x62, 0x72, 0x65, 0x61, 0x6b, 0x22, 0x0a, 0x20,
    0x20, 0x22, 0x63, 0x61, 0x73, 0x65, 0x22, 0x0a, 0x20, 0x20, 0x22, 0x63, 0x68, 0x61, 0x6e, 0x22,
    0x0a, 0x20, 0x20, 0x22, 0x63, 0x6f, 0x6e, 0x73, 0x74, 0x22, 0x0a, 0x20, 0x20, 0x22, 0x63, 0x6f,
    0x6e, 0x74, 0x69, 0x6e, 0x75, 0x65, 0x22, 0x0a, 0x20, 0x20, 0x22, 0x64, 0x65, 0x66, 0x61, 0x75,
    0x6c, 0x74, 0x22, 0x0a, 0x20, 0x20, 0x22, 0x64, 0x65, 0x66, 0x65, 0x72, 0x22, 0x0a, 0x20, 0x20,
    0x22, 0x65, 0x6c, 0x73, 0x65, 0x22, 0x0a, 0x20, 0x20, 0x22, 0x66, 0x61, 0x6c, 0x6c, 0x74, 0x68,
    0x72, 0x6f, 0x75, 0x67, 0x68, 0x22, 0x0a, 0x20, 0x20, 0x22, 0x66, 0x6f, 0x72, 0x22, 0x0a, 0x20,
    0x20, 0x22, 0x66, 0x75, 0x6e, 0x63, 0x22, 0x0a, 0x20, 0x20, 0x22, 0x67, 0x6f, 0x22, 0x0a, 0x20,
    0x20, 0x22, 0x67, 0x6f, 0x74, 0x6f, 0x22, 0x0a, 0x20, 0x20, 0x22, 0x69, 0x66, 0x22, 0x0a, 0x20,
    0x20, 0x22, 0x69, 0x6d, 0x70, 0x6f, 0x72, 0x74, 0x22, 0x0a, 0x20, 0x20, 0x22, 0x69, 0x6e, 0x74,
    0x65, 0x72, 0x66, 0x61, 0x63, 0x65, 0x22, 0x0a, 0x20, 0x20, 0x22, 0x6d, 0x61, 0x70, 0x22, 0x0a,
    0x20, 0x20, 0x22, 0x70, 0x61, 0x63, 0x6b, 0x61, 0x67, 0x65, 0x22, 0x0a, 0x20, 0x20, 0x22, 0x72,
    0x61, 0x6e, 0x67, 0x65, 0x22, 0x0a, 0x20, 0x20, 0x22, 0x72, 0x65, 0x74, 0x75, 0x72, 0x6e, 0x22,
    0x0a, 0x20, 0x20, 0x22, 0x73, 0x65, 0x6c, 0x65, 0x63, 0x74, 0x22, 0x0a, 0x20, 0x20, 0x22, 0x73,
    0x74, 0x72, 0x75, 0x63, 0x74, 0x22, 0x0a, 0x20, 0x20, 0x22, 0x73, 0x77, 0x69, 0x74, 0x63, 0x68,
    0x22, 0x0a, 0x20, 0x20, 0x22, 0x74, 0x79, 0x70, 0x65, 0x22, 0x0a, 0x20, 0x20, 0x22, 0x76, 0x61,
    0x72, 0x22, 0x0a, 0x5d, 0x20, 0x40, 0x6b, 0x65, 0x79, 0x77, 0x6f, 0x72, 0x64, 0x0a, 0x0a, 0x3b,
    0x20, 0x4c, 0x69, 0x74, 0x65, 0x72, 0x61, 0x6c, 0x73, 0x0a, 0x0a, 0x5b, 0x0a, 0x20, 0x20, 0x28,
    0x69, 0x6e, 0x74, 0x65, 0x72, 0x70, 0x72, 0x65, 0x74, 0x65, 0x64, 0x5f, 0x73, 0x74, 0x72, 0x69,
    0x6e, 0x67, 0x5f, 0x6c, 0x69, 0x74, 0x65, 0x72, 0x61, 0x6c, 0x29, 0x0a, 0x20, 0x20, 0x28, 0x72,
    0x61, 0x77, 0x5f, 0x73, 0x74, 0x72, 0x69, 0x6e, 0x67, 0x5f, 0x6c, 0x69, 0x74, 0x65, 0x72, 0x61,
    0x6c, 0x29, 0x0a, 0x20, 0x20, 0x28, 0x72, 0x75, 0x6e, 0x65, 0x5f, 0x6c, 0x69, 0x74, 0x65, 0x72,
    0x61, 0x6c, 0x29, 0x0a, 0x5d, 0x20, 0x40, 0x73, 0x74, 0x72, 0x69, 0x6e, 0x67, 0x0a, 0x0a, 0x28,
    0x65, 0x73, 0x63, 0x61, 0x70, 0x65, 0x5f, 0x73, 0x65, 0x71, 0x75, 0x65, 0x6e, 0x63, 0x65, 0x29,
    0x20, 0x40, 0x65, 0x73, 0x63, 0x61, 0x70, 0x65, 0x0a, 0x0a, 0x5b, 0x0a, 0x20, 0x20, 0x28, 0x69,
    0x6e, 0x74, 0x5f, 0x6c, 0x69, 0x74, 0x65, 0x72, 0x61, 0x6c, 0x29, 0x0a, 0x20, 0x20, 0x28, 0x66,
    0x6c, 0x6f, 0x61, 0x74, 0x5f, 0x6c, 0x69, 0x74, 0x65, 0x72, 0x61, 0x6c, 0x29, 0x0a, 0x20, 0x20,
    0x28, 0x69, 0x6d, 0x61, 0x67, 0x69, 0x6e, 0x61, 0x72, 0x79, 0x5f, 0x6c, 0x69, 0x74, 0x65, 0x72,
    0x61, 0x6c, 0x29, 0x0a, 0x5d, 0x20, 0x40, 0x6e, 0x75, 0x6d, 0x62, 0x65, 0x72, 0x0a, 0x0a, 0x5b,
    0x0a, 0x20, 0x20, 0x28, 0x74, 0x72, 0x75, 0x65, 0x29, 0x0a, 0x20, 0x20, 0x28, 0x66, 0x61, 0x6c,
    0x73, 0x65, 0x29, 0x0a, 0x20, 0x20, 0x28, 0x6e, 0x69, 0x6c, 0x29, 0x0a, 0x20, 0x20, 0x28, 0x69,
    0x6f, 0x74, 0x61, 0x29, 0x0a, 0x5d, 0x20, 0x40, 0x63, 0x6f, 0x6e, 0x73, 0x74, 0x61, 0x6e, 0x74,
    0x2e, 0x62, 0x75, 0x69, 0x6c, 0x74, 0x69, 0x6e, 0x0a, 0x0a, 0x28, 0x63, 0x6f, 0x6d, 0x6d, 0x65,
    0x6e, 0x74, 0x29, 0x20, 0x40, 0x63, 0x6f, 0x6d, 0x6d, 0x65, 0x6e, 0x74, 0x0a,
};

static const unsigned char query_python[] = {
    0x3b, 0x20, 0x49, 0x64, 0x65, 0x6e, 0x74, 0x69, 0x66, 0x69, 0x65, 0x72, 0x20, 0x6e, 0x61, 0x6d,
    0x69, 0x6e, 0x67, 0x20, 0x63, 0x6f, 0x6e, 0x76, 0x65, 0x6e, 0x74, 0x69, 0x6f, 0x6e, 0x73, 0x0a,
    0x0a, 0x28, 0x69, 0x64, 0x65, 0x6e, 0x74, 0x69, 0x66, 0x69, 0x65, 0x72, 0x29, 0x20, 0x40, 0x76,
    0x61, 0x72, 0x69, 0x61, 0x62, 0x6c, 0x65, 0x0a, 0x0a, 0x28, 0x28, 0x69, 0x64, 0x65, 0x6e, 0x74,
    0x69, 0x66, 0x69, 0x65, 0x72, 0x29, 0x20, 0x40, 0x63, 0x6f, 0x6e, 0x73, 0x74, 0x72, 0x75, 0x63,
    0x74, 0x6f, 0x72, 0x0a, 0x20, 0x28, 0x23, 0x6d, 0x61, 0x74, 0x63, 0x68, 0x3f, 0x20, 0x40, 0x63,
    0x6f, 0x6e, 0x73, 0x74, 0x72, 0x75, 0x63, 0x74, 0x6f, 0x72, 0x20, 0x22, 0x5e, 0x5b, 0x41, 0x2d,
    0x5a, 0x5d, 0x22, 0x29, 0x29, 0x0a, 0x0a, 0x28, 0x28, 0x69, 0x64, 0x65, 0x6e, 0x74, 0x69, 0x66,
    0x69, 0x65, 0x72, 0x29, 0x20, 0x40, 0x63, 0x6f, 0x6e, 0x73, 0x74, 0x61, 0x6e, 0x74, 0x0a, 0x20,
    0x28, 0x23, 0x6d, 0x61, 0x74, 0x63, 0x68, 0x3f, 0x20, 0x40, 0x63, 0x6f, 0x6e, 0x73, 0x74, 0x61,
    0x6e, 0x74, 0x20, 0x22, 0x5e, 0x5b, 0x41, 0x2d, 0x5a, 0x5d, 0x5b, 0x41, 0x2d, 0x5a, 0x5f, 0x5d,
    0x2a, 0x24, 0x22, 0x29, 0x29, 0x0a, 0x0a, 0x3b, 0x20, 0x46, 0x75, 0x6e, 0x63, 0x74, 0x69, 0x6f,
    0x6e, 0x20, 0x63, 0x61, 0x6c, 0x6c, 0x73, 0x0a, 0x0a, 0x28, 0x64, 0x65, 0x63, 0x6f, 0x72, 0x61,
    0x74, 0x6f, 0x72, 0x29, 0x20, 0x40, 0x66, 0x75, 0x6e, 0x63, 0x74, 0x69, 0x6f, 0x6e, 0x0a, 0x28,
    0x64, 0x65, 0x63, 0x6f, 0x72, 0x61, 0x74, 0x6f, 0x72, 0x0a, 0x20, 0x20, 0x28, 0x69, 0x64, 0x65,
    0x6e, 0x74, 0x69, 0x66, 0x69, 0x65, 0x72, 0x29, 0x20, 0x40, 0x66, 0x75, 0x6e, 0x63, 0x74, 0x69,
    0x6f, 0x6e, 0x29, 0x0a, 0x0a, 0x28, 0x63, 0x61, 0x6c, 0x6c, 0x0a, 0x20, 0x20, 0x66, 0x75, 0x6e,
    0x63, 0x74, 0x69, 0x6f, 0x6e, 0x3a, 0x20, 0x28, 0x61, 0x74, 0x74, 0x72, 0x69, 0x62, 0x75, 0x74,
    0x65, 0x20, 0x61, 0x74, 0x74, 0x72, 0x69, 0x62, 0x75, 0x74, 0x65, 0x3a, 0x20, 0x28, 0x69, 0x64,
    0x65, 0x6e, 0x74, 0x69, 0x66, 0x69, 0x65, 0x72, 0x29, 0x20, 0x40, 0x66, 0x75, 0x6e, 0x63, 0x74,
    0x69, 0x6f, 0x6e, 0x2e, 0x6d, 0x65, 0x74, 0x68, 0x6f, 0x64, 0x29, 0x29, 0x0a, 0x28, 0x63, 0x61,
    0x6c, 0x6c, 0x0a, 0x20, 0x20, 0x66, 0x75, 0x6e, 0x63, 0x74, 0x69, 0x6f, 0x6e, 0x3a, 0x20, 0x28,
    0x69, 0x64, 0x65, 0x6e, 0x74, 0x69, 0x66, 0x69, 0x65, 0x72, 0x29, 0x20, 0x40, 0x66, 0x75, 0x6e,
    0x63, 0x74, 0x69, 0x6f, 0x6e, 0x29, 0x0a, 0x0a, 0x3b, 0x20, 0x42, 0x75, 0x69, 0x6c, 0x74, 0x69,
    0x6e, 0x20, 0x66, 0x75, 0x6e, 0x63, 0x74, 0x69, 0x6f, 0x6e, 0x73, 0x0a, 0x0a, 0x28, 0x28, 0x63,
    0x61, 0x6c, 0x6c, 0x0a, 0x20, 0x20, 0x66, 0x75, 0x6e, 0x63, 0x74, 0x69, 0x6f, 0x6e, 0x3a, 0x20,
    0x28, 0x69, 0x64, 0x65, 0x6e, 0x74, 0x69, 0x66, 0x69, 0x65, 0x72, 0x29, 0x20, 0x40, 0x66, 0x75,
    0x6e, 0x63, 0x74, 0x69, 0x6f, 0x6e, 0x2e, 0x62, 0x75, 0x69, 0x6c, 0x74, 0x69, 0x6e, 0x29, 0x0a,
    0x20, 0x28, 0x23, 0x6d, 0x61, 0x74, 0x63, 0x68, 0x3f, 0x0a, 0x20, 0x20, 0x20, 0x40, 0x66, 0x75,
    0x6e, 0x63, 0x74, 0x69, 0x6f, 0x6e, 0x2e, 0x62, 0x75, 0x69, 0x6c, 0x74, 0x69, 0x6e, 0x0a, 0x20,
    0x20, 0x20, 0x22, 0x5e, 0x28, 0x61, 0x62, 0x73, 0x7c, 0x61, 0x6c, 0x6c, 0x7c, 0x61, 0x6e, 0x79,
    0x7c, 0x61, 0x73, 0x63, 0x69, 0x69, 0x7c, 0x62, 0x69, 0x6e, 0x7c, 0x62, 0x6f, 0x6f, 0x6c, 0x7c,
    0x62, 0x72, 0x65, 0x61, 0x6b, 0x70, 0x6f, 0x69, 0x6e, 0x74, 0x7c, 0x62, 0x79, 0x74, 0x65, 0x61,
    0x72, 0x72, 0x61, 0x79, 0x7c, 0x62, 0x79, 0x74, 0x65, 0x73, 0x7c, 0x63, 0x61, 0x6c, 0x6c, 0x61,
    0x62, 0x6c, 0x65, 0x7c, 0x63, 0x68, 0x72, 0x7c, 0x63, 0x6c, 0x61, 0x73, 0x73, 0x6d, 0x65, 0x74,
    0x68, 0x6f, 0x64, 0x7c, 0x63, 0x6f, 0x6d, 0x70, 0x69, 0x6c, 0x65, 0x7c, 0x63, 0x6f, 0x6d, 0x70,
    0x6c, 0x65, 0x78, 0x7c, 0x64, 0x65, 0x6c, 0x61, 0x74, 0x74, 0x72, 0x7c, 0x64, 0x69, 0x63, 0x74,
    0x7c, 0x64, 0x69, 0x72, 0x7c, 0x64, 0x69, 0x76, 0x6d, 0x6f, 0x64, 0x7c, 0x65, 0x6e, 0x75, 0x6d,
    0x65, 0x72, 0x61, 0x74, 0x65, 0x7c, 0x65, 0x76, 0x61, 0x6c, 0x7c, 0x65, 0x78, 0x65, 0x63, 0x7c,
    0x66, 0x69, 0x6c, 0x74, 0x65, 0x72, 0x7c, 0x66, 0x6c, 0x6f, 0x61, 0x74, 0x7c, 0x66, 0x6f, 0x72,
    0x6d, 0x61, 0x74, 0x7c, 0x66, 0x72, 0x6f, 0x7a, 0x65, 0x6e, 0x73, 0x65, 0x74, 0x7c, 0x67, 0x65,
    0x74, 0x61, 0x74, 0x74, 0x72, 0x7c, 0x67, 0x6c, 0x6f, 0x62, 0x61, 0x6c, 0x73, 0x7c, 0x68, 0x61,
    0x73, 0x61, 0x74, 0x74, 0x72, 0x7c, 0x68, 0x61, 0x73, 0x68, 0x7c, 0x68, 0x65, 0x6c, 0x70, 0x7c,
    0x68, 0x65, 0x78, 0x7c, 0x69, 0x64, 0x7c, 0x69, 0x6e, 0x70, 0x75, 0x74, 0x7c, 0x69, 0x6e, 0x74,
    0x7c, 0x69, 0x73, 0x69, 0x6e, 0x73, 0x74, 0x61, 0x6e, 0x63, 0x65, 0x7c, 0x69, 0x73, 0x73, 0x75,
    0x62, 0x63, 0x6c, 0x61, 0x73, 0x73, 0x7c, 0x69, 0x74, 0x65, 0x72, 0x7c, 0x6c, 0x65, 0x6e, 0x7c,
    0x6c, 0x69, 0x73, 0x74, 0x7c, 0x6c, 0x6f, 0x63, 0x61, 0x6c, 0x73, 0x7c, 0x6d, 0x61, 0x70, 0x7c,
    0x6d, 0x61, 0x78, 0x7c, 0x6d, 0x65, 0x6d, 0x6f, 0x72, 0x79, 0x76, 0x69, 0x65, 0x77, 0x7c, 0x6d,
    0x69, 0x6e, 0x7c, 0x6e, 0x65, 0x78, 0x74, 0x7c, 0x6f, 0x62, 0x6a, 0x65, 0x63, 0x74, 0x7c, 0x6f,
    0x63, 0x74, 0x7c, 0x6f, 0x70, 0x65, 0x6e, 0x7c, 0x6f, 0x72, 0x64, 0x7c, 0x70, 0x6f, 0x77, 0x7c,
    0x70, 0x72, 0x69, 0x6e, 0x74, 0x7c, 0x70, 0x72, 0x6f, 0x70, 0x65, 0x72, 0x74, 0x79, 0x7c, 0x72,
    0x61, 0x6e, 0x67, 0x65, 0x7c, 0x72, 0x65, 0x70, 0x72, 0x7c, 0x72, 0x65, 0x76, 0x65, 0x72, 0x73,
    0x65, 0x64, 0x7c, 0x72, 0x6f, 0x75, 0x6e, 0x64, 0x7c, 0x73, 0x65, 0x74, 0x7c, 0x73, 0x65, 0x74,
    0x61, 0x74, 0x74, 0x72, 0x7c, 0x73, 0x6c, 0x69, 0x63, 0x65, 0x7c, 0x73, 0x6f, 0x72, 0x74, 0x65,
    0x64, 0x7c, 0x73, 0x74, 0x61, 0x74, 0x69, 0x63, 0x6d, 0x65, 0x74, 0x68, 0x6f, 0x64, 0x7c, 0x73,
    0x74, 0x72, 0x7c, 0x73, 0x75, 0x6d, 0x7c, 0x73, 0x75, 0x70, 0x65, 0x72, 0x7c, 0x74, 0x75, 0x70,
    0x6c, 0x65, 0x7c, 0x74, 0x79, 0x70, 0x65, 0x7c, 0x76, 0x61, 0x72, 0x73, 0x7c, 0x7a, 0x69, 0x70,
    0x7c, 0x5f, 0x5f, 0x69, 0x6d, 0x70, 0x6f, 0x72, 0x74, 0x5f, 0x5f, 0x29, 0x24, 0x22, 0x29, 0x29,
    0x0a, 0x0a, 0x3b, 0x20, 0x46, 0x75, 0x6e, 0x63, 0x74, 0x69, 0x6f, 0x6e, 0x20, 0x64, 0x65, 0x66,
    0x69, 0x6e, 0x69, 0x74, 0x69, 0x6f, 0x6e, 0x73, 0x0a, 0x0a, 0x28, 0x66, 0x75, 0x6e, 0x63, 0x74,
    0x69, 0x6f, 0x6e, 0x5f, 0x64, 0x65, 0x66, 0x69, 0x6e, 0x69, 0x74, 0x69, 0x6f, 0x6e, 0x0a, 0x20,
    0x20, 0x6e, 0x61, 0x6d, 0x65, 0x3a, 0x20, 0x28, 0x69, 0x64, 0x65, 0x6e, 0x74, 0x69, 0x66, 0x69,
    0x65, 0x72, 0x29, 0x20, 0x40, 0x66, 0x75, 0x6e, 0x63, 0x74, 0x69, 0x6f, 0x6e, 0x29, 0x0a, 0x0a,
    0x28, 0x61, 0x74, 0x74, 0x72, 0x69, 0x62, 0x75, 0x74, 0x65, 0x20, 0x61, 0x74, 0x74, 0x72, 0x69,
    0x62, 0x75, 0x74, 0x65, 0x3a, 0x20, 0x28, 0x69, 0x64, 0x65, 0x6e, 0x74, 0x69, 0x66, 0x69, 0x65,
    0x72, 0x29, 0x20, 0x40, 0x70, 0x72, 0x6f, 0x70, 0x65, 0x72, 0x74, 0x79, 0x29, 0x0a, 0x28, 0x74,
    0x79, 0x70, 0x65, 0x20, 0x28, 0x69, 0x64, 0x65, 0x6e, 0x74, 0x69, 0x66, 0x69, 0x65, 0x72, 0x29,
    0x20, 0x40, 0x74, 0x79, 0x70, 0x65, 0x29, 0x0a, 0x0a, 0x3b, 0x20, 0x4c, 0x69, 0x74, 0x65, 0x72,
    0x61, 0x6c, 0x73, 0x0a, 0x0a, 0x5b, 0x0a, 0x20, 0x20, 0x28, 0x6e, 0x6f, 0x6e, 0x65, 0x29, 0x0a,
    0x20, 0x20, 0x28, 0x74, 0x72, 0x75, 0x65, 0x29, 0x0a, 0x20, 0x20, 0x28, 0x66, 0x61, 0x6c, 0x73,
    0x65, 0x29, 0x0a, 0x5d, 0x20, 0x40, 0x63, 0x6f, 0x6e, 0x73, 0x74, 0x61, 0x6e, 0x74, 0x2e, 0x62,
    0x75, 0x69, 0x6c, 0x74, 0x69, 0x6e, 0x0a, 0x0a, 0x5b, 0x0a, 0x20, 0x20, 0x28, 0x69, 0x6e, 0x74,
    0x65, 0x67, 0x65, 0x72, 0x29, 0x0a, 0x20, 0x20, 0x28, 0x66, 0x6c, 0x6f, 0x61, 0x74, 0x29, 0x0a,
    0x5d, 0x20, 0x40, 0x6e, 0x75, 0x6d, 0x62, 0x65, 0x72, 0x0a, 0x0a, 0x28, 0x63, 0x6f, 0x6d, 0x6d,
    0x65, 0x6e, 0x74, 0x29, 0x20, 0x40, 0x63, 0x6f, 0x6d, 0x6d, 0x65, 0x6e, 0x74, 0x0a, 0x28, 0x73,
    0x74, 0x72, 0x69, 0x6e, 0x67, 0x29, 0x20, 0x40, 0x73, 0x74, 0x72, 0x69, 0x6e, 0x67, 0x0a, 0x28,
    0x65, 0x73, 0x63, 0x61, 0x70, 0x65, 0x5f, 0x73, 0x65, 0x71, 0x75, 0x65, 0x6e, 0x63, 0x65, 0x29,
    0x20, 0x40, 0x65, 0x73, 0x63, 0x61, 0x70, 0x65, 0x0a, 0x0a, 0x28, 0x69, 0x6e, 0x74, 0x65, 0x72,
    0x70, 0x6f, 0x6c, 0x61, 0x74, 0x69, 0x6f, 0x6e, 0x0a, 0x20, 0x20, 0x22, 0x7b, 0x22, 0x20, 0x40,
    0x70, 0x75, 0x6e, 0x63, 0x74, 0x75, 0x61, 0x74, 0x69, 0x6f, 0x6e, 0x2e, 0x73, 0x70, 0x65, 0x63,
    0x69, 0x61, 0x6c, 0x0a, 0x20, 0x20, 0x22, 0x7d, 0x22, 0x20, 0x40, 0x70, 0x75, 0x6e, 0x63, 0x74,
    0x75, 0x61, 0x74, 0x69, 0x6f, 0x6e, 0x2e, 0x73, 0x70, 0x65, 0x63, 0x69, 0x61, 0x6c, 0x29, 0x20,
    0x40, 0x65, 0x6d, 0x62, 0x65, 0x64, 0x64, 0x65, 0x64, 0x0a, 0x0a, 0x5b, 0x0a, 0x20, 0x20, 0x22,
    0x2d, 0x22, 0x0a, 0x20, 0x20, 0x22, 0x2d, 0x3d, 0x22, 0x0a, 0x20, 0x20, 0x22, 0x21, 0x3d, 0x22,
    0x0a, 0x20, 0x20, 0x22, 0x2a, 0x22, 0x0a, 0x20, 0x20, 0x22, 0x2a, 0x2a, 0x22, 0x0a, 0x20, 0x20,
    0x22, 0x2a, 0x2a, 0x3d, 0x22, 0x0a, 0x20, 0x20, 0x22, 0x2a, 0x3d, 0x22, 0x0a, 0x20, 0x20, 0x22,
    0x2f, 0x22, 0x0a, 0x20, 0x20, 0x22, 0x2f, 0x2f, 0x22, 0x0a, 0x20, 0x20, 0x22, 0x2f, 0x2f, 0x3d,
    0x22, 0x0a, 0x20, 0x20, 0x22, 0x2f, 0x3d, 0x22, 0x0a, 0x20, 0x20, 0x22, 0x26, 0x22, 0x0a, 0x20,
    0x20, 0x22, 0x26, 0x3d, 0x22, 0x0a, 0x20, 0x20, 0x22, 0x25, 0x22, 0x0a, 0x20, 0x20, 0x22, 0x25,
    0x3d, 0x22, 0x0a, 0x20, 0x20, 0x22, 0x5e, 0x22, 0x0a, 0x20, 0x20, 0x22, 0x5e, 0x3d, 0x22, 0x0a,
    0x20, 0x20, 0x22, 0x2b, 0x22, 0x0a, 0x20, 0x20, 0x22, 0x2d, 0x3e, 0x22, 0x0a, 0x20, 0x20, 0x22,
    0x2b, 0x3d, 0x22, 0x0a, 0x20, 0x20, 0x22, 0x3c, 0x22, 0x0a, 0x20, 0x20, 0x22, 0x3c, 0x3c, 0x22,
    0x0a, 0x20, 0x20, 0x22, 0x3c, 0x3c, 0x3d, 0x22, 0x0a, 0x20, 0x20, 0x22, 0x3c, 0x3d, 0x22, 0x0a,
    0x20, 0x20, 0x22, 0x3c, 0x3e, 0x22, 0x0a, 0x20, 0x20, 0x22, 0x3d, 0x22, 0x0a, 0x20, 0x20, 0x22,
    0x3a, 0x3d, 0x22, 0x0a, 0x20, 0x20, 0x22, 0x3d, 0x3d, 0x22, 0x0a, 0x20, 0x20, 0x22, 0x3e, 0x22,
    0x0a, 0x20, 0x20, 0x22, 0x3e, 0x3d, 0x22, 0x0a, 0x20, 0x20, 0x22, 0x3e, 0x3e, 0x22, 0x0a, 0x20,
    0x20, 0x22, 0x3e, 0x3e, 0x3d, 0x22, 0x0a, 0x20, 0x20, 0x22, 0x7c, 0x22, 0x0a, 0x20, 0x20, 0x22,
    0x7c, 0x3d, 0x22, 0x0a, 0x20, 0x20, 0x22, 0x7e, 0x22, 0x0a, 0x20, 0x20, 0x22, 0x40, 0x3d, 0x22,
    0x0a, 0x20, 0x20, 0x22, 0x61, 0x6e, 0x64, 0x22, 0x0a, 0x20, 0x20, 0x22, 0x69, 0x6e, 0x22, 0x0a,
    0x20, 0x20, 0x22, 0x69, 0x73, 0x22, 0x0a, 0x20, 0x20, 0x22, 0x6e, 0x6f, 0x74, 0x22, 0x0a, 0x20,
    0x20, 0x22, 0x6f, 0x72, 0x22, 0x0a, 0x20, 0x20, 0x22, 0x69, 0x73, 0x20, 0x6e, 0x6f, 0x74, 0x22,
    0x0a, 0x20, 0x20, 0x22, 0x6e, 0x6f, 0x74, 0x20, 0x69, 0x6e, 0x22, 0x0a, 0x5d, 0x20, 0x40, 0x6f,
    0x70, 0x65, 0x72, 0x61, 0x74, 0x6f, 0x72, 0x0a, 0x0a, 0x5b, 0x0a, 0x20, 0x20, 0x22, 0x61, 0x73,
    0x22, 0x0a, 0x20, 0x20, 0x22, 0x61, 0x73, 0x73, 0x65, 0x72, 0x74, 0x22, 0x0a, 0x20, 0x20, 0x22,
    0x61, 0x73, 0x79, 0x6e, 0x63, 0x22, 0x0a, 0x20, 0x20, 0x22, 0x61, 0x77, 0x61, 0x69, 0x74, 0x22,
    0x0a, 0x20, 0x20, 0x22, 0x62, 0x72, 0x65, 0x61, 0x6b, 0x22, 0x0a, 0x20, 0x20, 0x22, 0x63, 0x6c,
    0x61, 0x73, 0x73, 0x22, 0x0a, 0x20, 0x20, 0x22, 0x63, 0x6f, 0x6e, 0x74, 0x69, 0x6e, 0x75, 0x65,
    0x22, 0x0a, 0x20, 0x20, 0x22, 0x64, 0x65, 0x66, 0x22, 0x0a, 0x20, 0x20, 0x22, 0x64, 0x65, 0x6c,
    0x22, 0x0a, 0x20, 0x20, 0x22, 0x65, 0x6c, 0x69, 0x66, 0x22, 0x0a, 0x20, 0x20, 0x22, 0x65, 0x6c,
    0x73, 0x65, 0x22, 0x0a, 0x20, 0x20, 0x22, 0x65, 0x78, 0x63, 0x65, 0x70, 0x74, 0x22, 0x0a, 0x20,
    0x20, 0x22, 0x65, 0x78, 0x65, 0x63, 0x22, 0x0a, 0x20, 0x20, 0x22, 0x66, 0x69, 0x6e, 0x61, 0x6c,
    0x6c, 0x79, 0x22, 0x0a, 0x20, 0x20, 0x22, 0x66, 0x6f, 0x72, 0x22, 0x0a, 0x20, 0x20, 0x22, 0x66,
    0x72, 0x6f, 0x6d, 0x22, 0x0a, 0x20, 0x20, 0x22, 0x67, 0x6c, 0x6f, 0x62, 0x61, 0x6c, 0x22, 0x0a,
    0x20, 0x20, 0x22, 0x69, 0x66, 0x22, 0x0a, 0x20, 0x20, 0x22, 0x69, 0x6d, 0x70, 0x6f, 0x72, 0x74,
    0x22, 0x0a, 0x20, 0x20, 0x22, 0x6c, 0x61, 0x6d, 0x62, 0x64, 0x61, 0x22, 0x0a, 0x20, 0x20, 0x22,
    0x6e, 0x6f, 0x6e, 0x6c, 0x6f, 0x63, 0x61, 0x6c, 0x22, 0x0a, 0x20, 0x20, 0x22, 0x70, 0x61, 0x73,
    0x73, 0x22, 0x0a, 0x20, 0x20, 0x22, 0x70, 0x72, 0x69, 0x6e, 0x74, 0x22, 0x0a, 0x20, 0x20, 0x22,
    0x72, 0x61, 0x69, 0x73, 0x65, 0x22, 0x0a, 0x20, 0x20, 0x22, 0x72, 0x65, 0x74, 0x75, 0x72, 0x6e,
    0x22, 0x0a, 0x20, 0x20, 0x22, 0x74, 0x72, 0x79, 0x22, 0x0a, 0x20, 0x20, 0x22, 0x77, 0x68, 0x69,
    0x6c, 0x65, 0x22, 0x0a, 0x20, 0x20, 0x22, 0x77, 0x69, 0x74, 0x68, 0x22, 0x0a, 0x20, 0x20, 0x22,
    0x79, 0x69, 0x65, 0x6c, 0x64, 0x22, 0x0a, 0x20, 0x20, 0x22, 0x6d, 0x61, 0x74, 0x63, 0x68, 0x22,
    0x0a, 0x20, 0x20, 0x22, 0x63, 0x61, 0x73, 0x65, 0x22, 0x0a, 0x5d, 0x20, 0x40, 0x6b, 0x65, 0x79,
    0x77, 0x6f, 0x72, 0x64, 0x0a,
};

static const unsigned char query_javascript[] = {
    0x3b, 0x20, 0x56, 0x61, 0x72, 0x69, 0x61, 0x62, 0x6c, 0x65, 0x73, 0x0a, 0x3b, 0x2d, 0x2d, 0x2d,
    0x2d, 0x2d, 0x2d, 0x2d, 0x2d, 0x2d, 0x2d, 0x0a, 0x0a, 0x28, 0x69, 0x64, 0x65, 0x6e, 0x74, 0x69,
    0x66, 0x69, 0x65, 0x72, 0x29, 0x20, 0x40, 0x76, 0x61, 0x72, 0x69, 0x61, 0x62, 0x6c, 0x65, 0x0a,
    0x0a, 0x3b, 0x20, 0x50, 0x72, 0x6f, 0x70, 0x65, 0x72, 0x74, 0x69, 0x65, 0x73, 0x0a, 0x3b, 0x2d,
    0x2d, 0x2d, 0x2d, 0x2d, 0x2d, 0x2d, 0x2d, 0x2d, 0x2d, 0x2d, 0x0a, 0x0a, 0x28, 0x70, 0x72, 0x6f,
    0x70, 0x65, 0x72, 0x74, 0x79, 0x5f, 0x69, 0x64, 0x65, 0x6e, 0x74, 0x69, 0x66, 0x69, 0x65, 0x72,
    0x29, 0x20, 0x40, 0x70, 0x72, 0x6f, 0x70, 0x65, 0x72, 0x74, 0x79, 0x0a, 0x0a, 0x3b, 0x20, 0x46,
    0x75, 0x6e, 0x63, 0x74, 0x69, 0x6f, 0x6e, 0x20, 0x61, 0x6e, 0x64, 0x20, 0x6d, 0x65, 0x74, 0x68,
    0x6f, 0x64, 0x20, 0x64, 0x65, 0x66, 0x69, 0x6e, 0x69, 0x74, 0x69, 0x6f, 0x6e, 0x73, 0x0a, 0x3b,
    0x2d, 0x2d, 0x2d, 0x2d, 0x2d, 0x2d, 0x2d, 0x2d, 0x2d, 0x2d, 0x2d, 0x2d, 0x2d, 0x2d, 0x2d, 0x2d,
    0x2d, 0x2d, 0x2d, 0x2d, 0x2d, 0x2d, 0x2d, 0x2d, 0x2d, 0x2d, 0x2d, 0x2d, 0x2d, 0x2d, 0x2d, 0x2d,
    0x0a, 0x0a, 0x28, 0x66, 0x75, 0x6e, 0x63, 0x74, 0x69, 0x6f, 0x6e, 0x5f, 0x65, 0x78, 0x70, 0x72,
    0x65, 0x73, 0x73, 0x69, 0x6f, 0x6e, 0x0a, 0x20, 0x20, 0x6e, 0x61, 0x6d, 0x65, 0x3a, 0x20, 0x28,
    0x69, 0x64, 0x65, 0x6e, 0x74, 0x69, 0x66, 0x69, 0x65, 0x72, 0x29, 0x20, 0x40, 0x66, 0x75, 0x6e,
    0x63, 0x74, 0x69, 0x6f, 0x6e, 0x29, 0x0a, 0x28, 0x66, 0x75, 0x6e, 0x63, 0x74, 0x69, 0x6f, 0x6e,
    0x5f, 0x64, 0x65, 0x63, 0x6c, 0x61, 0x72, 0x61, 0x74, 0x69, 0x6f, 0x6e, 0x0a, 0x20, 0x20, 0x6e,
    0x61, 0x6d, 0x65, 0x3a, 0x20, 0x28, 0x69, 0x64, 0x65, 0x6e, 0x74, 0x69, 0x66, 0x69, 0x65, 0x72,
    0x29, 0x20, 0x40, 0x66, 0x75, 0x6e, 0x63, 0x74, 0x69, 0x6f, 0x6e, 0x29, 0x0a, 0x28, 0x6d, 0x65,
    0x74, 0x68, 0x6f, 0x64, 0x5f, 0x64, 0x65, 0x66, 0x69, 0x6e, 0x69, 0x74, 0x69, 0x6f, 0x6e, 0x0a,
    0x20, 0x20, 0x6e, 0x61, 0x6d, 0x65, 0x3a, 0x20, 0x28, 0x70, 0x72, 0x6f, 0x70, 0x65, 0x72, 0x74,
    0x79, 0x5f, 0x69, 0x64, 0x65, 0x6e, 0x74, 0x69, 0x66, 0x69, 0x65, 0x72, 0x29, 0x20, 0x40, 0x66,
    0x75, 0x6e, 0x63, 0x74, 0x69, 0x6f, 0x6e, 0x2e, 0x6d, 0x65, 0x74, 0x68, 0x6f, 0x64, 0x29, 0x0a,
    0x0a, 0x28, 0x70, 0x61, 0x69, 0x72, 0x0a, 0x20, 0x20, 0x6b, 0x65, 0x79, 0x3a, 0x20, 0x28, 0x70,
    0x72, 0x6f, 0x70, 0x65, 0x72, 0x74, 0x79, 0x5f, 0x69, 0x64, 0x65, 0x6e, 0x74, 0x69, 0x66, 0x69,
    0x65, 0x72, 0x29, 0x20, 0x40, 0x66, 0x75, 0x6e, 0x63, 0x74, 0x69, 0x6f, 0x6e, 0x2e, 0x6d, 0x65,
    0x74, 0x68, 0x6f, 0x64, 0x0a, 0x20, 0x20, 0x76, 0x61, 0x6c, 0x75, 0x65, 0x3a, 0x20, 0x5b, 0x28,
    0x66, 0x75, 0x6e, 0x63, 0x74, 0x69, 0x6f, 0x6e, 0x5f, 0x65, 0x78, 0x70, 0x72, 0x65, 0x73, 0x73,
    0x69, 0x6f, 0x6e, 0x29, 0x20, 0x28, 0x61, 0x72, 0x72, 0x6f, 0x77, 0x5f, 0x66, 0x75, 0x6e, 0x63,
    0x74, 0x69, 0x6f, 0x6e, 0x29, 0x5d, 0x29, 0x0a, 0x0a, 0x28, 0x61, 0x73, 0x73, 0x69, 0x67, 0x6e,
    0x6d, 0x65, 0x6e, 0x74, 0x5f, 0x65, 0x78, 0x70, 0x72, 0x65, 0x73, 0x73, 0x69, 0x6f, 0x6e, 0x0a,
    0x20, 0x20, 0x6c, 0x65, 0x66, 0x74, 0x3a, 0x20, 0x28, 0x6d, 0x65, 0x6d, 0x62, 0x65, 0x72, 0x5f,
    0x65, 0x78, 0x70, 0x72, 0x65, 0x73, 0x73, 0x69, 0x6f, 0x6e, 0x0a, 0x20, 0x20, 0x20, 0x20, 0x70,
    0x72, 0x6f, 0x70, 0x65, 0x72, 0x74, 0x79, 0x3a, 0x20, 0x28, 0x70, 0x72, 0x6f, 0x70, 0x65, 0x72,
    0x74, 0x79, 0x5f, 0x69, 0x64, 0x65, 0x6e, 0x74, 0x69, 0x66, 0x69, 0x65, 0x72, 0x29, 0x20, 0x40,
    0x66, 0x75, 0x6e, 0x63, 0x74, 0x69, 0x6f, 0x6e, 0x2e, 0x6d, 0x65, 0x74, 0x68, 0x6f, 0x64, 0x29,
    0x0a, 0x20, 0x20, 0x72, 0x69, 0x67, 0x68, 0x74, 0x3a, 0x20, 0x5b, 0x28, 0x66, 0x75, 0x6e, 0x63,
    0x74, 0x69, 0x6f, 0x6e, 0x5f, 0x65, 0x78, 0x70, 0x72, 0x65, 0x73, 0x73, 0x69, 0x6f, 0x6e, 0x29,
    0x20, 0x28, 0x61, 0x72, 0x72, 0x6f, 0x77, 0x5f, 0x66, 0x75, 0x6e, 0x63, 0x74, 0x69, 0x6f, 0x6e,
    0x29, 0x5d, 0x29, 0x0a, 0x0a, 0x28, 0x76, 0x61, 0x72, 0x69, 0x61, 0x62, 0x6c, 0x65, 0x5f, 0x64,
    0x65, 0x63, 0x6c, 0x61, 0x72, 0x61, 0x74, 0x6f, 0x72, 0x0a, 0x20, 0x20, 0x6e, 0x61, 0x6d, 0x65,
    0x3a, 0x20, 0x28, 0x69, 0x64, 0x65, 0x6e, 0x74, 0x69, 0x66, 0x69, 0x65, 0x72, 0x29, 0x20, 0x40,
    0x66, 0x75, 0x6e, 0x63, 0x74, 0x69, 0x6f, 0x6e, 0x0a, 0x20, 0x20, 0x76, 0x61, 0x6c, 0x75, 0x65,
    0x3a, 0x20, 0x5b, 0x28, 0x66, 0x75, 0x6e, 0x63, 0x74, 0x69, 0x6f, 0x6e, 0x5f, 0x65, 0x78, 0x70,
    0x72, 0x65, 0x73, 0x73, 0x69, 0x6f, 0x6e, 0x29, 0x20, 0x28, 0x61, 0x72, 0x72, 0x6f, 0x77, 0x5f,
    0x66, 0x75, 0x6e, 0x63, 0x74, 0x69, 0x6f, 0x6e, 0x29, 0x5d, 0x29, 0x0a, 0x0a, 0x28, 0x61, 0x73,
    0x73, 0x69, 0x67, 0x6e, 0x6d, 0x65, 0x6e, 0x74, 0x5f, 0x65, 0x78, 0x70, 0x72, 0x65, 0x73, 0x73,
    0x69, 0x6f, 0x6e, 0x0a, 0x20, 0x20, 0x6c, 0x65, 0x66, 0x74, 0x3a, 0x20, 0x28, 0x69, 0x64, 0x65,
    0x6e, 0x74, 0x69, 0x66, 0x69, 0x65, 0x72, 0x29, 0x20, 0x40, 0x66, 0x75, 0x6e, 0x63, 0x74, 0x69,
    0x6f, 0x6e, 0x0a, 0x20, 0x20, 0x72, 0x69, 0x67, 0x68, 0x74, 0x3a, 0x20, 0x5b, 0x28, 0x66, 0x75,
    0x6e, 0x63, 0x74, 0x69, 0x6f, 0x6e, 0x5f, 0x65, 0x78, 0x70, 0x72, 0x65, 0x73, 0x73, 0x69, 0x6f,
    0x6e, 0x29, 0x20, 0x28, 0x61, 0x72, 0x72, 0x6f, 0x77, 0x5f, 0x66, 0x75, 0x6e, 0x63, 0x74, 0x69,
    0x6f, 0x6e, 0x29, 0x5d, 0x29, 0x0a, 0x0a, 0x3b, 0x20, 0x46, 0x75, 0x6e, 0x63, 0x74, 0x69, 0x6f,
    0x6e, 0x20, 0x61, 0x6e, 0x64, 0x20, 0x6d, 0x65, 0x74, 0x68, 0x6f, 0x64, 0x20, 0x63, 0x61, 0x6c,
    0x6c, 0x73, 0x0a, 0x3b, 0x2d, 0x2d, 0x2d, 0x2d, 0x2d, 0x2d, 0x2d, 0x2d, 0x2d, 0x2d, 0x2d, 0x2d,
    0x2d, 0x2d, 0x2d, 0x2d, 0x2d, 0x2d, 0x2d, 0x2d, 0x2d, 0x2d, 0x2d, 0x2d, 0x2d, 0x2d, 0x0a, 0x0a,
    0x28, 0x63, 0x61, 0x6c, 0x6c, 0x5f, 0x65, 0x78, 0x70, 0x72, 0x65, 0x73, 0x73, 0x69, 0x6f, 0x6e,
    0x0a, 0x20, 0x20, 0x66, 0x75, 0x6e, 0x63, 0x74, 0x69, 0x6f, 0x6e, 0x3a, 0x20, 0x28, 0x69, 0x64,
    0x65, 0x6e, 0x74, 0x69, 0x66, 0x69, 0x65, 0x72, 0x29, 0x20, 0x40, 0x66, 0x75, 0x6e, 0x63, 0x74,
    0x69, 0x6f, 0x6e, 0x29, 0x0a, 0x0a, 0x28, 0x63, 0x61, 0x6c, 0x6c, 0x5f, 0x65, 0x78, 0x70, 0x72,
    0x65, 0x73, 0x73, 0x69, 0x6f, 0x6e, 0x0a, 0x20, 0x20, 0x66, 0x75, 0x6e, 0x63, 0x74, 0x69, 0x6f,
    0x6e, 0x3a, 0x20, 0x28, 0x6d, 0x65, 0x6d, 0x62, 0x65, 0x72, 0x5f, 0x65, 0x78, 0x70, 0x72, 0x65,
    0x73, 0x73, 0x69, 0x6f, 0x6e, 0x0a, 0x20, 0x20, 0x20, 0x20, 0x70, 0x72, 0x6f, 0x70, 0x65, 0x72,
    0x74, 0x79, 0x3a, 0x20, 0x28, 0x70, 0x72, 0x6f, 0x70, 0x65, 0x72, 0x74, 0x79, 0x5f, 0x69, 0x64,
    0x65, 0x6e, 0x74, 0x69, 0x66, 0x69, 0x65, 0x72, 0x29, 0x20, 0x40, 0x66, 0x75, 0x6e, 0x63, 0x74,
    0x69, 0x6f, 0x6e, 0x2e, 0x6d, 0x65, 0x74, 0x68, 0x6f, 0x64, 0x29, 0x29, 0x0a, 0x0a, 0x3b, 0x20,
    0x53, 0x70, 0x65, 0x63, 0x69, 0x61, 0x6c, 0x20, 0x69, 0x64, 0x65, 0x6e, 0x74, 0x69, 0x66, 0x69,
    0x65, 0x72, 0x73, 0x0a, 0x3b, 0x2d, 0x2d, 0x2d, 0x2d, 0x2d, 0x2d, 0x2d, 0x2d, 0x2d, 0x2d, 0x2d,
    0x2d, 0x2d, 0x2d, 0x2d, 0x2d, 0x2d, 0x2d, 0x2d, 0x2d, 0x0a, 0x0a, 0x28, 0x28, 0x69, 0x64, 0x65,
    0x6e, 0x74, 0x69, 0x66, 0x69, 0x65, 0x72, 0x29, 0x20, 0x40, 0x63, 0x6f, 0x6e, 0x73, 0x74, 0x72,
    0x75, 0x63, 0x74, 0x6f, 0x72, 0x0a, 0x20, 0x28, 0x23, 0x6d, 0x61, 0x74, 0x63, 0x68, 0x3f, 0x20,
    0x40, 0x63, 0x6f, 0x6e, 0x73, 0x74, 0x72, 0x75, 0x63, 0x74, 0x6f, 0x72, 0x20, 0x22, 0x5e, 0x5b,
    0x41, 0x2d, 0x5a, 0x5d, 0x22, 0x29, 0x29, 0x0a, 0x0a, 0x28, 0x5b, 0x0a, 0x20, 0x20, 0x20, 0x20,
    0x28, 0x69, 0x64, 0x65, 0x6e, 0x74, 0x69, 0x66, 0x69, 0x65, 0x72, 0x29, 0x0a, 0x20, 0x20, 0x20,
    0x20, 0x28, 0x73, 0x68, 0x6f, 0x72, 0x74, 0x68, 0x61, 0x6e, 0x64, 0x5f, 0x70, 0x72, 0x6f, 0x70,
    0x65, 0x72, 0x74, 0x79, 0x5f, 0x69, 0x64, 0x65, 0x6e, 0x74, 0x69, 0x66, 0x69, 0x65, 0x72, 0x29,
    0x0a, 0x20, 0x20, 0x20, 0x20, 0x28, 0x73, 0x68, 0x6f, 0x72, 0x74, 0x68, 0x61, 0x6e, 0x64, 0x5f,
    0x70, 0x72, 0x6f, 0x70, 0x65, 0x72, 0x74, 0x79, 0x5f, 0x69, 0x64, 0x65, 0x6e, 0x74, 0x69, 0x66,
    0x69, 0x65, 0x72, 0x5f, 0x70, 0x61, 0x74, 0x74, 0x65, 0x72, 0x6e, 0x29, 0x0a, 0x20, 0x5d, 0x20,
    0x40, 0x63, 0x6f, 0x6e, 0x73, 0x74, 0x61, 0x6e, 0x74, 0x0a, 0x20, 0x28, 0x23, 0x6d, 0x61, 0x74,
    0x63, 0x68, 0x3f, 0x20, 0x40, 0x63, 0x6f, 0x6e, 0x73, 0x74, 0x61, 0x6e, 0x74, 0x20, 0x22, 0x5e,
    0x5b, 0x41, 0x2d, 0x5a, 0x5f, 0x5d, 0x5b, 0x41, 0x2d, 0x5a, 0x5c, 0x5c, 0x64, 0x5f, 0x5d, 0x2b,
    0x24, 0x22, 0x29, 0x29, 0x0a, 0x0a, 0x28, 0x28, 0x69, 0x64, 0x65, 0x6e, 0x74, 0x69, 0x66, 0x69,
    0x65, 0x72, 0x29, 0x20, 0x40, 0x76, 0x61, 0x72, 0x69, 0x61, 0x62, 0x6c, 0x65, 0x2e, 0x62, 0x75,
    0x69, 0x6c, 0x74, 0x69, 0x6e, 0x0a, 0x20, 0x28, 0x23, 0x6d, 0x61, 0x74, 0x63, 0x68, 0x3f, 0x20,
    0x40, 0x76, 0x61, 0x72, 0x69, 0x61, 0x62, 0x6c, 0x65, 0x2e, 0x62, 0x75, 0x69, 0x6c, 0x74, 0x69,
    0x6e, 0x20, 0x22, 0x5e, 0x28, 0x61, 0x72, 0x67, 0x75, 0x6d, 0x65, 0x6e, 0x74, 0x73, 0x7c, 0x6d,
    0x6f, 0x64, 0x75, 0x6c, 0x65, 0x7c, 0x63, 0x6f, 0x6e, 0x73, 0x6f, 0x6c, 0x65, 0x7c, 0x77, 0x69,
    0x6e, 0x64, 0x6f, 0x77, 0x7c, 0x64, 0x6f, 0x63, 0x75, 0x6d, 0x65, 0x6e, 0x74, 0x29, 0x24, 0x22,
    0x29, 0x0a, 0x20, 0x28, 0x23, 0x69, 0x73, 0x2d, 0x6e, 0x6f, 0x74, 0x3f, 0x20, 0x6c, 0x6f, 0x63,
    0x61, 0x6c, 0x29, 0x29, 0x0a, 0x0a, 0x28, 0x28, 0x69, 0x64, 0x65, 0x6e, 0x74, 0x69, 0x66, 0x69,
    0x65, 0x72, 0x29, 0x20, 0x40, 0x66, 0x75, 0x6e, 0x63, 0x74, 0x69, 0x6f, 0x6e, 0x2e, 0x62, 0x75,
    0x69, 0x6c, 0x74, 0x69, 0x6e, 0x0a, 0x20, 0x28, 0x23, 0x65, 0x71, 0x3f, 0x20, 0x40, 0x66, 0x75,
    0x6e, 0x63, 0x74, 0x69, 0x6f, 0x6e, 0x2e, 0x62, 0x75, 0x69, 0x6c, 0x74, 0x69, 0x6e, 0x20, 0x22,
    0x72, 0x65, 0x71, 0x75, 0x69, 0x72, 0x65, 0x22, 0x29, 0x0a, 0x20, 0x28, 0x23, 0x69, 0x73, 0x2d,
    0x6e, 0x6f, 0x74, 0x3f, 0x20, 0x6c, 0x6f, 0x63, 0x61, 0x6c, 0x29, 0x29, 0x0a, 0x0a, 0x3b, 0x20,
    0x4c, 0x69, 0x74, 0x65, 0x72, 0x61, 0x6c, 0x73, 0x0a, 0x3b, 0x2d, 0x2d, 0x2d, 0x2d, 0x2d, 0x2d,
    0x2d, 0x2d, 0x2d, 0x0a, 0x0a, 0x28, 0x74, 0x68, 0x69, 0x73, 0x29, 0x20, 0x40, 0x76, 0x61, 0x72,
    0x69, 0x61, 0x62, 0x6c, 0x65, 0x2e, 0x62, 0x75, 0x69, 0x6c, 0x74, 0x69, 0x6e, 0x0a, 0x28, 0x73,
    0x75, 0x70, 0x65, 0x72, 0x29, 0x20, 0x40, 0x76, 0x61, 0x72, 0x69, 0x61, 0x62, 0x6c, 0x65, 0x2e,
    0x62, 0x75, 0x69, 0x6c, 0x74, 0x69, 0x6e, 0x0a, 0x0a, 0x5b, 0x0a, 0x20, 0x20, 0x28, 0x74, 0x72,
    0x75, 0x65, 0x29, 0x0a, 0x20, 0x20, 0x28, 0x66, 0x61, 0x6c, 0x73, 0x65, 0x29, 0x0a, 0x20, 0x20,
    0x28, 0x6e, 0x75, 0x6c, 0x6c, 0x29, 0x0a, 0x20, 0x20, 0x28, 0x75, 0x6e, 0x64, 0x65, 0x66, 0x69,
    0x6e, 0x65, 0x64, 0x29, 0x0a, 0x5d, 0x20, 0x40, 0x63, 0x6f, 0x6e, 0x73, 0x74, 0x61, 0x6e, 0x74,
    0x2e, 0x62, 0x75, 0x69, 0x6c, 0x74, 0x69, 0x6e, 0x0a, 0x0a, 0x28, 0x63, 0x6f, 0x6d, 0x6d, 0x65,
    0x6e, 0x74, 0x29, 0x20, 0x40, 0x63, 0x6f, 0x6d, 0x6d, 0x65, 0x6e, 0x74, 0x0a, 0x0a, 0x5b, 0x0a,
    0x20, 0x20, 0x28, 0x73, 0x74, 0x72, 0x69, 0x6e, 0x67, 0x29, 0x0a, 0x20, 0x20, 0x28, 0x74, 0x65,
    0x6d, 0x70, 0x6c, 0x61, 0x74, 0x65, 0x5f, 0x73, 0x74, 0x72, 0x69, 0x6e, 0x67, 0x29, 0x0a, 0x5d,
    0x20, 0x40, 0x73, 0x74, 0x72, 0x69, 0x6e, 0x67, 0x0a, 0x0a, 0x28, 0x72, 0x65, 0x67, 0x65, 0x78,
    0x29, 0x20, 0x40, 0x73, 0x74, 0x72, 0x69, 0x6e, 0x67, 0x2e, 0x73, 0x70, 0x65, 0x63, 0x69, 0x61,
    0x6c, 0x0a, 0x28, 0x6e, 0x75, 0x6d, 0x62, 0x65, 0x72, 0x29, 0x20, 0x40, 0x6e, 0x75, 0x6d, 0x62,
    0x65, 0x72, 0x0a, 0x0a, 0x3b, 0x20, 0x54, 0x6f, 0x6b, 0x65, 0x6e, 0x73, 0x0a, 0x3b, 0x2d, 0x2d,
    0x2d, 0x2d, 0x2d, 0x2d, 0x2d, 0x0a, 0x0a, 0x5b, 0x0a, 0x20, 0x20, 0x22, 0x3b, 0x22, 0x0a, 0x20,
    0x20, 0x28, 0x6f, 0x70, 0x74, 0x69, 0x6f, 0x6e, 0x61, 0x6c, 0x5f, 0x63, 0x68, 0x61, 0x69, 0x6e,
    0x29, 0x0a, 0x20, 0x20, 0x22, 0x2e, 0x22, 0x0a, 0x20, 0x20, 0x22, 0x2c, 0x22, 0x0a, 0x5d, 0x20,
    0x40, 0x70, 0x75, 0x6e, 0x63, 0x74, 0x75, 0x61, 0x74, 0x69, 0x6f, 0x6e, 0x2e, 0x64, 0x65, 0x6c,
    0x69, 0x6d, 0x69, 0x74, 0x65, 0x72, 0x0a, 0x0a, 0x5b, 0x0a, 0x20, 0x20, 0x22, 0x2d, 0x22, 0x0a,
    0x20, 0x20, 0x22, 0x2d, 0x2d, 0x22, 0x0a, 0x20, 0x20, 0x22, 0x2d, 0x3d, 0x22, 0x0a, 0x20, 0x20,
    0x22, 0x2b, 0x22, 0x0a, 0x20, 0x20, 0x22, 0x2b, 0x2b, 0x22, 0x0a, 0x20, 0x20, 0x22, 0x2b, 0x3d,
    0x22, 0x0a, 0x20, 0x20, 0x22, 0x2a, 0x22, 0x0a, 0x20, 0x20, 0x22, 0x2a, 0x3d, 0x22, 0x0a, 0x20,
    0x20, 0x22, 0x2a, 0x2a, 0x22, 0x0a, 0x20, 0x20, 0x22, 0x2a, 0x2a, 0x3d, 0x22, 0x0a, 0x20, 0x20,
    0x22, 0x2f, 0x22, 0x0a, 0x20, 0x20, 0x22, 0x2f, 0x3d, 0x22, 0x0a, 0x20, 0x20, 0x22, 0x25, 0x22,
    0x0a, 0x20, 0x20, 0x22, 0x25, 0x3d, 0x22, 0x0a, 0x20, 0x20, 0x22, 0x3c, 0x22, 0x0a, 0x20, 0x20,
    0x22, 0x3c, 0x3d, 0x22, 0x0a, 0x20, 0x20, 0x22, 0x3c, 0x3c, 0x22, 0x0a, 0x20, 0x20, 0x22, 0x3c,
    0x3c, 0x3d, 0x22, 0x0a, 0x20, 0x20, 0x22, 0x3d, 0x22, 0x0a, 0x20, 0x20, 0x22, 0x3d, 0x3d, 0x22,
    0x0a, 0x20, 0x20, 0x22, 0x3d, 0x3d, 0x3d, 0x22, 0x0a, 0x20, 0x20, 0x22, 0x21, 0x22, 0x0a, 0x20,
    0x20, 0x22, 0x21, 0x3d, 0x22, 0x0a, 0x20, 0x20, 0x22, 0x21, 0x3d, 0x3d, 0x22, 0x0a, 0x20, 0x20,
    0x22, 0x3d, 0x3e, 0x22, 0x0a, 0x20, 0x20, 0x22, 0x3e, 0x22, 0x0a, 0x20, 0x20, 0x22, 0x3e, 0x3d,
    0x22, 0x0a, 0x20, 0x20, 0x22, 0x3e, 0x3e, 0x22, 0x0a, 0x20, 0x20, 0x22, 0x3e, 0x3e, 0x3d, 0x22,
    0x0a, 0x20, 0x20, 0x22, 0x3e, 0x3e, 0x3e, 0x22, 0x0a, 0x20, 0x20, 0x22, 0x3e, 0x3e, 0x3e, 0x3d,
    0x22, 0x0a, 0x20, 0x20, 0x22, 0x7e, 0x22, 0x0a, 0x20, 0x20, 0x22, 0x5e, 0x22, 0x0a, 0x20, 0x20,
    0x22, 0x26, 0x22, 0x0a, 0x20, 0x20, 0x22, 0x7c, 0x22, 0x0a, 0x20, 0x20, 0x22, 0x5e, 0x3d, 0x22,
    0x0a, 0x20, 0x20, 0x22, 0x26, 0x3d, 0x22, 0x0a, 0x20, 0x20, 0x22, 0x7c, 0x3d, 0x22, 0x0a, 0x20,
    0x20, 0x22, 0x26, 0x26, 0x22, 0x0a, 0x20, 0x20, 0x22, 0x7c, 0x7c, 0x22, 0x0a, 0x20, 0x20, 0x22,
    0x3f, 0x3f, 0x22, 0x0a, 0x20, 0x20, 0x22, 0x26, 0x26, 0x3d, 0x22, 0x0a, 0x20, 0x20, 0x22, 0x7c,
    0x7c, 0x3d, 0x22, 0x0a, 0x20, 0x20, 0x22, 0x3f, 0x3f, 0x3d, 0x22, 0x0a, 0x5d, 0x20, 0x40, 0x6f,
    0x70, 0x65, 0x72, 0x61, 0x74, 0x6f, 0x72, 0x0a, 0x0a, 0x5b, 0x0a, 0x20, 0x20, 0x22, 0x28, 0x22,
    0x0a, 0x20, 0x20, 0x22, 0x29, 0x22, 0x0a, 0x20, 0x20, 0x22, 0x5b, 0x22, 0x0a, 0x20, 0x20, 0x22,
    0x5d, 0x22, 0x0a, 0x20, 0x20, 0x22, 0x7b, 0x22, 0x0a, 0x20, 0x20, 0x22, 0x7d, 0x22, 0x0a, 0x5d,
    0x20, 0x20, 0x40, 0x70, 0x75, 0x6e, 0x63, 0x74, 0x75, 0x61, 0x74, 0x69, 0x6f, 0x6e, 0x2e, 0x62,
    0x72, 0x61, 0x63, 0x6b, 0x65, 0x74, 0x0a, 0x0a, 0x28, 0x74, 0x65, 0x6d, 0x70, 0x6c, 0x61, 0x74,
    0x65, 0x5f, 0x73, 0x75, 0x62, 0x73, 0x74, 0x69, 0x74, 0x75, 0x74, 0x69, 0x6f, 0x6e, 0x0a, 0x20,
    0x20, 0x22, 0x24, 0x7b, 0x22, 0x20, 0x40, 0x70, 0x75, 0x6e, 0x63, 0x74, 0x75, 0x61, 0x74, 0x69,
    0x6f, 0x6e, 0x2e, 0x73, 0x70, 0x65, 0x63, 0x69, 0x61, 0x6c, 0x0a, 0x20, 0x20, 0x22, 0x7d, 0x22,
    0x20, 0x40, 0x70, 0x75, 0x6e, 0x63, 0x74, 0x75, 0x61, 0x74, 0x69, 0x6f, 0x6e, 0x2e, 0x73, 0x70,
    0x65, 0x63, 0x69, 0x61, 0x6c, 0x29, 0x20, 0x40, 0x65, 0x6d, 0x62, 0x65, 0x64, 0x64, 0x65, 0x64,
    0x0a, 0x0a, 0x5b, 0x0a, 0x20, 0x20, 0x22, 0x61, 0x73, 0x22, 0x0a, 0x20, 0x20, 0x22, 0x61, 0x73,
    0x79, 0x6e, 0x63, 0x22, 0x0a, 0x20, 0x20, 0x22, 0x61, 0x77, 0x61, 0x69, 0x74, 0x22, 0x0a, 0x20,
    0x20, 0x22, 0x62, 0x72, 0x65, 0x61, 0x6b, 0x22, 0x0a, 0x20, 0x20, 0x22, 0x63, 0x61, 0x73, 0x65,
    0x22, 0x0a, 0x20, 0x20, 0x22, 0x63, 0x61, 0x74, 0x63, 0x68, 0x22, 0x0a, 0x20, 0x20, 0x22, 0x63,
    0x6c, 0x61, 0x73, 0x73, 0x22, 0x0a, 0x20, 0x20, 0x22, 0x63, 0x6f, 0x6e, 0x73, 0x74, 0x22, 0x0a,
    0x20, 0x20, 0x22, 0x63, 0x6f, 0x6e, 0x74, 0x69, 0x6e, 0x75, 0x65, 0x22, 0x0a, 0x20, 0x20, 0x22,
    0x64, 0x65, 0x62, 0x75, 0x67, 0x67, 0x65, 0x72, 0x22, 0x0a, 0x20, 0x20, 0x22, 0x64, 0x65, 0x66,
    0x61, 0x75, 0x6c, 0x74, 0x22, 0x0a, 0x20, 0x20, 0x22, 0x64, 0x65, 0x6c, 0x65, 0x74, 0x65, 0x22,
    0x0a, 0x20, 0x20, 0x22, 0x64, 0x6f, 0x22, 0x0a, 0x20, 0x20, 0x22, 0x65, 0x6c, 0x73, 0x65, 0x22,
    0x0a, 0x20, 0x20, 0x22, 0x65, 0x78, 0x70, 0x6f, 0x72, 0x74, 0x22, 0x0a, 0x20, 0x20, 0x22, 0x65,
    0x78, 0x74, 0x65, 0x6e, 0x64, 0x73, 0x22, 0x0a, 0x20, 0x20, 0x22, 0x66, 0x69, 0x6e, 0x61, 0x6c,
    0x6c, 0x79, 0x22, 0x0a, 0x20, 0x20, 0x22, 0x66, 0x6f, 0x72, 0x22, 0x0a, 0x20, 0x20, 0x22, 0x66,
    0x72, 0x6f, 0x6d, 0x22, 0x0a, 0x20, 0x20, 0x22, 0x66, 0x75, 0x6e, 0x63, 0x74, 0x69, 0x6f, 0x6e,
    0x22, 0x0a, 0x20, 0x20, 0x22, 0x67, 0x65, 0x74, 0x22, 0x0a, 0x20, 0x20, 0x22, 0x69, 0x66, 0x22,
    0x0a, 0x20, 0x20, 0x22, 0x69, 0x6d, 0x70, 0x6f, 0x72, 0x74, 0x22, 0x0a, 0x20, 0x20, 0x22, 0x69,
    0x6e, 0x22, 0x0a, 0x20, 0x20, 0x22, 0x69, 0x6e, 0x73, 0x74, 0x61, 0x6e, 0x63, 0x65, 0x6f, 0x66,
    0x22, 0x0a, 0x20, 0x20, 0x22, 0x6c, 0x65, 0x74, 0x22, 0x0a, 0x20, 0x20, 0x22, 0x6e, 0x65, 0x77,
    0x22, 0x0a, 0x20, 0x20, 0x22, 0x6f, 0x66, 0x22, 0x0a, 0x20, 0x20, 0x22, 0x72, 0x65, 0x74, 0x75,
    0x72, 0x6e, 0x22, 0x0a, 0x20, 0x20, 0x22, 0x73, 0x65, 0x74, 0x22, 0x0a, 0x20, 0x20, 0x22, 0x73,
    0x74, 0x61, 0x74, 0x69, 0x63, 0x22, 0x0a, 0x20, 0x20, 0x22, 0x73, 0x77, 0x69, 0x74, 0x63, 0x68,
    0x22, 0x0a, 0x20, 0x20, 0x22, 0x74, 0x61, 0x72, 0x67, 0x65, 0x74, 0x22, 0x0a, 0x20, 0x20, 0x22,
    0x74, 0x68, 0x72, 0x6f, 0x77, 0x22, 0x0a, 0x20, 0x20, 0x22, 0x74, 0x72, 0x79, 0x22, 0x0a, 0x20,
    0x20, 0x22, 0x74, 0x79, 0x70, 0x65, 0x6f, 0x66, 0x22, 0x0a, 0x20, 0x20, 0x22, 0x76, 0x61, 0x72,
    0x22, 0x0a, 0x20, 0x20, 0x22, 0x76, 0x6f, 0x69, 0x64, 0x22, 0x0a, 0x20, 0x20, 0x22, 0x77, 0x68,
    0x69, 0x6c, 0x65, 0x22, 0x0a, 0x20, 0x20, 0x22, 0x77, 0x69, 0x74, 0x68, 0x22, 0x0a, 0x20, 0x20,
    0x22, 0x79, 0x69, 0x65, 0x6c, 0x64, 0x22, 0x0a, 0x5d, 0x20, 0x40, 0x6b, 0x65, 0x79, 0x77, 0x6f,
    0x72, 0x64, 0x0a,
};

static const unsigned char query_typescript[] = {
    0x3b, 0x20, 0x56, 0x61, 0x72, 0x69, 0x61, 0x62, 0x6c, 0x65, 0x73, 0x0a, 0x3b, 0x2d, 0x2d, 0x2d,
    0x2d, 0x2d, 0x2d, 0x2d, 0x2d, 0x2d, 0x2d, 0x0a, 0x0a, 0x28, 0x69, 0x64, 0x65, 0x6e, 0x74, 0x69,
    0x66, 0x69, 0x65, 0x72, 0x29, 0x20, 0x40, 0x76, 0x61, 0x72, 0x69, 0x61, 0x62, 0x6c, 0x65, 0x0a,
    0x0a, 0x3b, 0x20, 0x50, 0x72, 0x6f, 0x70, 0x65, 0x72, 0x74, 0x69, 0x65, 0x73, 0x0a, 0x3b, 0x2d,
    0x2d, 0x2d, 0x2d, 0x2d, 0x2d, 0x2d, 0x2d, 0x2d, 0x2d, 0x2d, 0x0a, 0x0a, 0x28, 0x70, 0x72, 0x6f,
    0x70, 0x65, 0x72, 0x74, 0x79, 0x5f, 0x69, 0x64, 0x65, 0x6e, 0x74, 0x69, 0x66, 0x69, 0x65, 0x72,
    0x29, 0x20, 0x40, 0x70, 0x72, 0x6f, 0x70, 0x65, 0x72, 0x74, 0x79, 0x0a, 0x0a, 0x3b, 0x20, 0x46,
    0x75, 0x6e, 0x63, 0x74, 0x69, 0x6f, 0x6e, 0x20, 0x61, 0x6e, 0x64, 0x20, 0x6d, 0x65, 0x74, 0x68,
    0x6f, 0x64, 0x20, 0x64, 0x65, 0x66, 0x69, 0x6e, 0x69, 0x74, 0x69, 0x6f, 0x6e, 0x73, 0x0a, 0x3b,
    0x2d, 0x2d, 0x2d, 0x2d, 0x2d, 0x2d, 0x2d, 0x2d, 0x2d, 0x2d, 0x2d, 0x2d, 0x2d, 0x2d, 0x2d, 0x2d,
    0x2d, 0x2d, 0x2d, 0x2d, 0x2d, 0x2d, 0x2d, 0x2d, 0x2d, 0x2d, 0x2d, 0x2d, 0x2d, 0x2d, 0x2d, 0x2d,
    0x0a, 0x0a, 0x28, 0x66, 0x75, 0x6e, 0x63, 0x74, 0x69, 0x6f, 0x6e, 0x5f, 0x65, 0x78, 0x70, 0x72,
    0x65, 0x73, 0x73, 0x69, 0x6f, 0x6e, 0x0a, 0x20, 0x20, 0x6e, 0x61, 0x6d, 0x65, 0x3a, 0x20, 0x28,
    0x69, 0x64, 0x65, 0x6e, 0x74, 0x69, 0x66, 0x69, 0x65, 0x72, 0x29, 0x20, 0x40, 0x66, 0x75, 0x6e,
    0x63, 0x74, 0x69, 0x6f, 0x6e, 0x29, 0x0a, 0x28, 0x66, 0x75, 0x6e, 0x63, 0x74, 0x69, 0x6f, 0x6e,
    0x5f, 0x64, 0x65, 0x63, 0x6c, 0x61, 0x72, 0x61, 0x74, 0x69, 0x6f, 0x6e, 0x0a, 0x20, 0x20, 0x6e,
    0x61, 0x6d, 0x65, 0x3a, 0x20, 0x28, 0x69, 0x64, 0x65, 0x6e, 0x74, 0x69, 0x66, 0x69, 0x65, 0x72,
    0x29, 0x20, 0x40, 0x66, 0x75, 0x6e, 0x63, 0x74, 0x69, 0x6f, 0x6e, 0x29, 0x0a, 0x28, 0x6d, 0x65,
    0x74, 0x68, 0x6f, 0x64, 0x5f, 0x64, 0x65, 0x66, 0x69, 0x6e, 0x69, 0x74, 0x69, 0x6f, 0x6e, 0x0a,
    0x20, 0x20, 0x6e, 0x61, 0x6d, 0x65, 0x3a, 0x20, 0x28, 0x70, 0x72, 0x6f, 0x70, 0x65, 0x72, 0x74,
    0x79, 0x5f, 0x69, 0x64, 0x65, 0x6e, 0x74, 0x69, 0x66, 0x69, 0x65, 0x72, 0x29, 0x20, 0x40, 0x66,
    0x75, 0x6e, 0x63, 0x74, 0x69, 0x6f, 0x6e, 0x2e, 0x6d, 0x65, 0x74, 0x68, 0x6f, 0x64, 0x29, 0x0a,
    0x0a, 0x28, 0x70, 0x61, 0x69, 0x72, 0x0a, 0x20, 0x20, 0x6b, 0x65, 0x79, 0x3a, 0x20, 0x28, 0x70,
    0x72, 0x6f, 0x70, 0x65, 0x72, 0x74, 0x79, 0x5f, 0x69, 0x64, 0x65, 0x6e, 0x74, 0x69, 0x66, 0x69,
    0x65, 0x72, 0x29, 0x20, 0x40, 0x66, 0x75, 0x6e, 0x63, 0x74, 0x69, 0x6f, 0x6e, 0x2e, 0x6d, 0x65,
    0x74, 0x68, 0x6f, 0x64, 0x0a, 0x20, 0x20, 0x76, 0x61, 0x6c, 0x75, 0x65, 0x3a, 0x20, 0x5b, 0x28,
    0x66, 0x75, 0x6e, 0x63, 0x74, 0x69, 0x6f, 0x6e, 0x5f, 0x65, 0x78, 0x70, 0x72, 0x65, 0x73, 0x73,
    0x69, 0x6f, 0x6e, 0x29, 0x20, 0x28, 0x61, 0x72, 0x72, 0x6f, 0x77, 0x5f, 0x66, 0x75, 0x6e, 0x63,
    0x74, 0x69, 0x6f, 0x6e, 0x29, 0x5d, 0x29, 0x0a, 0x0a, 0x28, 0x61, 0x73, 0x73, 0x69, 0x67, 0x6e,
    0x6d, 0x65, 0x6e, 0x74, 0x5f, 0x65, 0x78, 0x70, 0x72, 0x65, 0x73, 0x73, 0x69, 0x6f, 0x6e, 0x0a,
    0x20, 0x20, 0x6c, 0x65, 0x66, 0x74, 0x3a, 0x20, 0x28, 0x6d, 0x65, 0x6d, 0x62, 0x65, 0x72, 0x5f,
    0x65, 0x78, 0x70, 0x72, 0x65, 0x73, 0x73, 0x69, 0x6f, 0x6e, 0x0a, 0x20, 0x20, 0x20, 0x20, 0x70,
    0x72, 0x6f, 0x70, 0x65, 0x72, 0x74, 0x79, 0x3a, 0x20, 0x28, 0x70, 0x72, 0x6f, 0x70, 0x65, 0x72,
    0x74, 0x79, 0x5f, 0x69, 0x64, 0x65, 0x6e, 0x74, 0x69, 0x66, 0x69, 0x65, 0x72, 0x29, 0x20, 0x40,
    0x66, 0x75, 0x6e, 0x63, 0x74, 0x69, 0x6f, 0x6e, 0x2e, 0x6d, 0x65, 0x74, 0x68, 0x6f, 0x64, 0x29,
    0x0a, 0x20, 0x20, 0x72, 0x69, 0x67, 0x68, 0x74, 0x3a, 0x20, 0x5b, 0x28, 0x66, 0x75, 0x6e, 0x63,
    0x74, 0x69, 0x6f, 0x6e, 0x5f, 0x65, 0x78, 0x70, 0x72, 0x65, 0x73, 0x73, 0x69, 0x6f, 0x6e, 0x29,
    0x20, 0x28, 0x61, 0x72, 0x72, 0x6f, 0x77, 0x5f, 0x66, 0x75, 0x6e, 0x63, 0x74, 0x69, 0x6f, 0x6e,
    0x29, 0x5d, 0x29, 0x0a, 0x0a, 0x28, 0x76, 0x61, 0x72, 0x69, 0x61, 0x62, 0x6c, 0x65, 0x5f, 0x64,
    0x65, 0x63, 0x6c, 0x61, 0x72, 0x61, 0x74, 0x6f, 0x72, 0x0a, 0x20, 0x20, 0x6e, 0x61, 0x6d, 0x65,
    0x3a, 0x20, 0x28, 0x69, 0x64, 0x65, 0x6e, 0x74, 0x69, 0x66, 0x69, 0x65, 0x72, 0x29, 0x20, 0x40,
    0x66, 0x75, 0x6e, 0x63, 0x74, 0x69, 0x6f, 0x6e, 0x0a, 0x20, 0x20, 0x76, 0x61, 0x6c, 0x75, 0x65,
    0x3a, 0x20, 0x5b, 0x28, 0x66, 0x75, 0x6e, 0x63, 0x74, 0x69, 0x6f, 0x6e, 0x5f, 0x65, 0x78, 0x70,
    0x72, 0x65, 0x73, 0x73, 0x69, 0x6f, 0x6e, 0x29, 0x20, 0x28, 0x61, 0x72, 0x72, 0x6f, 0x77, 0x5f,
    0x66, 0x75, 0x6e, 0x63, 0x74, 0x69, 0x6f, 0x6e, 0x29, 0x5d, 0x29, 0x0a, 0x0a, 0x28, 0x61, 0x73,
    0x73, 0x69, 0x67, 0x6e, 0x6d, 0x65, 0x6e, 0x74, 0x5f, 0x65, 0x78, 0x70, 0x72, 0x65, 0x73, 0x73,
    0x69, 0x6f, 0x6e, 0x0a, 0x20, 0x20, 0x6c, 0x65, 0x66, 0x74, 0x3a, 0x20, 0x28, 0x69, 0x64, 0x65,
    0x6e, 0x74, 0x69, 0x66, 0x69, 0x65, 0x72, 0x29, 0x20, 0x40, 0x66, 0x75, 0x6e, 0x63, 0x74, 0x69,
    0x6f, 0x6e, 0x0a, 0x20, 0x20, 0x72, 0x69, 0x67, 0x68, 0x74, 0x3a, 0x20, 0x5b, 0x28, 0x66, 0x75,
    0x6e, 0x63, 0x74, 0x69, 0x6f, 0x6e, 0x5f, 0x65, 0x78, 0x70, 0x72, 0x65, 0x73, 0x73, 0x69, 0x6f,
    0x6e, 0x29, 0x20, 0x28, 0x61, 0x72, 0x72, 0x6f, 0x77, 0x5f, 0x66, 0x75, 0x6e, 0x63, 0x74, 0x69,
    0x6f, 0x6e, 0x29, 0x5d, 0x29, 0x0a, 0x0a, 0x3b, 0x20, 0x46, 0x75, 0x6e, 0x63, 0x74, 0x69, 0x6f,
    0x6e, 0x20, 0x61, 0x6e, 0x64, 0x20, 0x6d, 0x65, 0x74, 0x68, 0x6f, 0x64, 0x20, 0x63, 0x61, 0x6c,
    0x6c, 0x73, 0x0a, 0x3b, 0x2d, 0x2d, 0x2d, 0x2d, 0x2d, 0x2d, 0x2d, 0x2d, 0x2d, 0x2d, 0x2d, 0x2d,
    0x2d, 0x2d, 0x2d, 0x2d, 0x2d, 0x2d, 0x2d, 0x2d, 0x2d, 0x2d, 0x2d, 0x2d, 0x2d, 0x2d, 0x0a, 0x0a,
    0x28, 0x63, 0x61, 0x6c, 0x6c, 0x5f, 0x65, 0x78, 0x70, 0x72, 0x65, 0x73, 0x73, 0x69, 0x6f, 0x6e,
    0x0a, 0x20, 0x20, 0x66, 0x75, 0x6e, 0x63, 0x74, 0x69, 0x6f, 0x6e, 0x3a, 0x20, 0x28, 0x69, 0x64,
    0x65, 0x6e, 0x74, 0x69, 0x66, 0x69, 0x65, 0x72, 0x29, 0x20, 0x40, 0x66, 0x75, 0x6e, 0x63, 0x74,
    0x69, 0x6f, 0x6e, 0x29, 0x0a, 0x0a, 0x28, 0x63, 0x61, 0x6c, 0x6c, 0x5f, 0x65, 0x78, 0x70, 0x72,
    0x65, 0x73, 0x73, 0x69, 0x6f, 0x6e, 0x0a, 0x20, 0x20, 0x66, 0x75, 0x6e, 0x63, 0x74, 0x69, 0x6f,
    0x6e, 0x3a, 0x20, 0x28, 0x6d, 0x65, 0x6d, 0x62, 0x65, 0x72, 0x5f, 0x65, 0x78, 0x70, 0x72, 0x65,
    0x73, 0x73, 0x69, 0x6f, 0x6e, 0x0a, 0x20, 0x20, 0x20, 0x20, 0x70, 0x72, 0x6f, 0x70, 0x65, 0x72,
    0x74, 0x79, 0x3a, 0x20, 0x28, 0x70, 0x72, 0x6f, 0x70, 0x65, 0x72, 0x74, 0x79, 0x5f, 0x69, 0x64,
    0x65, 0x6e, 0x74, 0x69, 0x66, 0x69, 0x65, 0x72, 0x29, 0x20, 0x40, 0x66, 0x75, 0x6e, 0x63, 0x74,
    0x69, 0x6f, 0x6e, 0x2e, 0x6d, 0x65, 0x74, 0x68, 0x6f, 0x64, 0x29, 0x29, 0x0a, 0x0a, 0x3b, 0x20,
    0x53, 0x70, 0x65, 0x63, 0x69, 0x61, 0x6c, 0x20, 0x69, 0x64, 0x65, 0x6e, 0x74, 0x69, 0x66, 0x69,
    0x65, 0x72, 0x73, 0x0a, 0x3b, 0x2d, 0x2d, 0x2d, 0x2d, 0x2d, 0x2d, 0x2d, 0x2d, 0x2d, 0x2d, 0x2d,
    0x2d, 0x2d, 0x2d, 0x2d, 0x2d, 0x2d, 0x2d, 0x2d, 0x2d, 0x0a, 0x0a, 0x28, 0x28, 0x69, 0x64, 0x65,
    0x6e, 0x74, 0x69, 0x66, 0x69, 0x65, 0x72, 0x29, 0x20, 0x40, 0x63, 0x6f, 0x6e, 0x73, 0x74, 0x72,
    0x75, 0x63, 0x74, 0x6f, 0x72, 0x0a, 0x20, 0x28, 0x23, 0x6d, 0x61, 0x74, 0x63, 0x68, 0x3f, 0x20,
    0x40, 0x63, 0x6f, 0x6e, 0x73, 0x74, 0x72, 0x75, 0x63, 0x74, 0x6f, 0x72, 0x20, 0x22, 0x5e, 0x5b,
    0x41, 0x2d, 0x5a, 0x5d, 0x22, 0x29, 0x29, 0x0a, 0x0a, 0x28, 0x5b, 0x0a, 0x20, 0x20, 0x20, 0x20,
    0x28, 0x69, 0x64, 0x65, 0x6e, 0x74, 0x69, 0x66, 0x69, 0x65, 0x72, 0x29, 0x0a, 0x20, 0x20, 0x20,
    0x20, 0x28, 0x73, 0x68, 0x6f, 0x72, 0x74, 0x68, 0x61, 0x6e, 0x64, 0x5f, 0x70, 0x72, 0x6f, 0x70,
    0x65, 0x72, 0x74, 0x79, 0x5f, 0x69, 0x64, 0x65, 0x6e, 0x74, 0x69, 0x66, 0x69, 0x65, 0x72, 0x29,
    0x0a, 0x20, 0x20, 0x20, 0x20, 0x28, 0x73, 0x68, 0x6f, 0x72, 0x74, 0x68, 0x61, 0x6e, 0x64, 0x5f,
    0x70, 0x72, 0x6f, 0x70, 0x65, 0x72, 0x74, 0x79, 0x5f, 0x69, 0x64, 0x65, 0x6e, 0x74, 0x69, 0x66,
    0x69, 0x65, 0x72, 0x5f, 0x70, 0x61, 0x74, 0x74, 0x65, 0x72, 0x6e, 0x29, 0x0a, 0x20, 0x5d, 0x20,
    0x40, 0x63, 0x6f, 0x6e, 0x73, 0x74, 0x61, 0x6e, 0x74, 0x0a, 0x20, 0x28, 0x23, 0x6d, 0x61, 0x74,
    0x63, 0x68, 0x3f, 0x20, 0x40, 0x63, 0x6f, 0x6e, 0x73, 0x74, 0x61, 0x6e, 0x74, 0x20, 0x22, 0x5e,
    0x5b, 0x41, 0x2d, 0x5a, 0x5f, 0x5d, 0x5b, 0x41, 0x2d, 0x5a, 0x5c, 0x5c, 0x64, 0x5f, 0x5d, 0x2b,
    0x24, 0x22, 0x29, 0x29, 0x0a, 0x0a, 0x28, 0x28, 0x69, 0x64, 0x65, 0x6e, 0x74, 0x69, 0x66, 0x69,
    0x65, 0x72, 0x29, 0x20, 0x40, 0x76, 0x61, 0x72, 0x69, 0x61, 0x62, 0x6c, 0x65, 0x2e, 0x62, 0x75,
    0x69, 0x6c, 0x74, 0x69, 0x6e, 0x0a, 0x20, 0x28, 0x23, 0x6d, 0x61, 0x74, 0x63, 0x68, 0x3f, 0x20,
    0x40, 0x76, 0x61, 0x72, 0x69, 0x61, 0x62, 0x6c, 0x65, 0x2e, 0x62, 0x75, 0x69, 0x6c, 0x74, 0x69,
    0x6e, 0x20, 0x22, 0x5e, 0x28, 0x61, 0x72, 0x67, 0x75, 0x6d, 0x65, 0x6e, 0x74, 0x73, 0x7c, 0x6d,
    0x6f, 0x64, 0x75, 0x6c, 0x65, 0x7c, 0x63, 0x6f, 0x6e, 0x73, 0x6f, 0x6c, 0x65, 0x7c, 0x77, 0x69,
    0x6e, 0x64, 0x6f, 0x77, 0x7c, 0x64, 0x6f, 0x63, 0x75, 0x6d, 0x65, 0x6e, 0x74, 0x29, 0x24, 0x22,
    0x29, 0x0a, 0x20, 0x28, 0x23, 0x69, 0x73, 0x2d, 0x6e, 0x6f, 0x74, 0x3f, 0x20, 0x6c, 0x6f, 0x63,
    0x61, 0x6c, 0x29, 0x29, 0x0a, 0x0a, 0x28, 0x28, 0x69, 0x64, 0x65, 0x6e, 0x74, 0x69, 0x66, 0x69,
    0x65, 0x72, 0x29, 0x20, 0x40, 0x66, 0x75, 0x6e, 0x63, 0x74, 0x69, 0x6f, 0x6e, 0x2e, 0x62, 0x75,
    0x69, 0x6c, 0x74, 0x69, 0x6e, 0x0a, 0x20, 0x28, 0x23, 0x65, 0x71, 0x3f, 0x20, 0x40, 0x66, 0x75,
    0x6e, 0x63, 0x74, 0x69, 0x6f, 0x6e, 0x2e, 0x62, 0x75, 0x69, 0x6c, 0x74, 0x69, 0x6e, 0x20, 0x22,
    0x72, 0x65, 0x71, 0x75, 0x69, 0x72, 0x65, 0x22, 0x29, 0x0a, 0x20, 0x28, 0x23, 0x69, 0x73, 0x2d,
    0x6e, 0x6f, 0x74, 0x3f, 0x20, 0x6c, 0x6f, 0x63, 0x61, 0x6c, 0x29, 0x29, 0x0a, 0x0a, 0x3b, 0x20,
    0x4c, 0x69, 0x74, 0x65, 0x72, 0x61, 0x6c, 0x73, 0x0a, 0x3b, 0x2d, 0x2d, 0x2d, 0x2d, 0x2d, 0x2d,
    0x2d, 0x2d, 0x2d, 0x0a, 0x0a, 0x28, 0x74, 0x68, 0x69, 0x73, 0x29, 0x20, 0x40, 0x76, 0x61, 0x72,
    0x69, 0x61, 0x62, 0x6c, 0x65, 0x2e, 0x62, 0x75, 0x69, 0x6c, 0x74, 0x69, 0x6e, 0x0a, 0x28, 0x73,
    0x75, 0x70, 0x65, 0x72, 0x29, 0x20, 0x40, 0x76, 0x61, 0x72, 0x69, 0x61, 0x62, 0x6c, 0x65, 0x2e,
    0x62, 0x75, 0x69, 0x6c, 0x74, 0x69, 0x6e, 0x0a, 0x0a, 0x5b, 0x0a, 0x20, 0x20, 0x28, 0x74, 0x72,
    0x75, 0x65, 0x29, 0x0a, 0x20, 0x20, 0x28, 0x66, 0x61, 0x6c, 0x73, 0x65, 0x29, 0x0a, 0x20, 0x20,
    0x28, 0x6e, 0x75, 0x6c, 0x6c, 0x29, 0x0a, 0x20, 0x20, 0x28, 0x75, 0x6e, 0x64, 0x65, 0x66, 0x69,
    0x6e, 0x65, 0x64, 0x29, 0x0a, 0x5d, 0x20, 0x40, 0x63, 0x6f, 0x6e, 0x73, 0x74, 0x61, 0x6e, 0x74,
    0x2e, 0x62, 0x75, 0x69, 0x6c, 0x74, 0x69, 0x6e, 0x0a, 0x0a, 0x28, 0x63, 0x6f, 0x6d, 0x6d, 0x65,
    0x6e, 0x74, 0x29, 0x20, 0x40, 0x63, 0x6f, 0x6d, 0x6d, 0x65, 0x6e, 0x74, 0x0a, 0x0a, 0x5b, 0x0a,
    0x20, 0x20, 0x28, 0x73, 0x74, 0x72, 0x69, 0x6e, 0x67, 0x29, 0x0a, 0x20, 0x20, 0x28, 0x74, 0x65,
    0x6d, 0x70, 0x6c, 0x61, 0x74, 0x65, 0x5f, 0x73, 0x74, 0x72, 0x69, 0x6e, 0x67, 0x29, 0x0a, 0x5d,
    0x20, 0x40, 0x73, 0x74, 0x72, 0x69, 0x6e, 0x67, 0x0a, 0x0a, 0x28, 0x72, 0x65, 0x67, 0x65, 0x78,
    0x29, 0x20, 0x40, 0x73, 0x74, 0x72, 0x69, 0x6e, 0x67, 0x2e, 0x73, 0x70, 0x65, 0x63, 0x69, 0x61,
    0x6c, 0x0a, 0x28, 0x6e, 0x75, 0x6d, 0x62, 0x65, 0x72, 0x29, 0x20, 0x40, 0x6e, 0x75, 0x6d, 0x62,
    0x65, 0x72, 0x0a, 0x0a, 0x3b, 0x20, 0x54, 0x6f, 0x6b, 0x65, 0x6e, 0x73, 0x0a, 0x3b, 0x2d, 0x2d,
    0x2d, 0x2d, 0x2d, 0x2d, 0x2d, 0x0a, 0x0a, 0x5b, 0x0a, 0x20, 0x20, 0x22, 0x3b, 0x22, 0x0a, 0x20,
    0x20, 0x28, 0x6f, 0x70, 0x74, 0x69, 0x6f, 0x6e, 0x61, 0x6c, 0x5f, 0x63, 0x68, 0x61, 0x69, 0x6e,
    0x29, 0x0a, 0x20, 0x20, 0x22, 0x2e, 0x22, 0x0a, 0x20, 0x20, 0x22, 0x2c, 0x22, 0x0a, 0x5d, 0x20,
    0x40, 0x70, 0x75, 0x6e, 0x63, 0x74, 0x75, 0x61, 0x74, 0x69, 0x6f, 0x6e, 0x2e, 0x64, 0x65, 0x6c,
    0x69, 0x6d, 0x69, 0x74, 0x65, 0x72, 0x0a, 0x0a, 0x5b, 0x0a, 0x20, 0x20, 0x22, 0x2d, 0x22, 0x0a,
    0x20, 0x20, 0x22, 0x2d, 0x2d, 0x22, 0x0a, 0x20, 0x20, 0x22, 0x2d, 0x3d, 0x22, 0x0a, 0x20, 0x20,
    0x22, 0x2b, 0x22, 0x0a, 0x20, 0x20, 0x22, 0x2b, 0x2b, 0x22, 0x0a, 0x20, 0x20, 0x22, 0x2b, 0x3d,
    0x22, 0x0a, 0x20, 0x20, 0x22, 0x2a, 0x22, 0x0a, 0x20, 0x20, 0x22, 0x2a, 0x3d, 0x22, 0x0a, 0x20,
    0x20, 0x22, 0x2a, 0x2a, 0x22, 0x0a, 0x20, 0x20, 0x22, 0x2a, 0x2a, 0x3d, 0x22, 0x0a, 0x20, 0x20,
    0x22, 0x2f, 0x22, 0x0a, 0x20, 0x20, 0x22, 0x2f, 0x3d, 0x22, 0x0a, 0x20, 0x20, 0x22, 0x25, 0x22,
    0x0a, 0x20, 0x20, 0x22, 0x25, 0x3d, 0x22, 0x0a, 0x20, 0x20, 0x22, 0x3c, 0x22, 0x0a, 0x20, 0x20,
    0x22, 0x3c, 0x3d, 0x22, 0x0a, 0x20, 0x20, 0x22, 0x3c, 0x3c, 0x22, 0x0a, 0x20, 0x20, 0x22, 0x3c,
    0x3c, 0x3d, 0x22, 0x0a, 0x20, 0x20, 0x22, 0x3d, 0x22, 0x0a, 0x20, 0x20, 0x22, 0x3d, 0x3d, 0x22,
    0x0a, 0x20, 0x20, 0x22, 0x3d, 0x3d, 0x3d, 0x22, 0x0a, 0x20, 0x20, 0x22, 0x21, 0x22, 0x0a, 0x20,
    0x20, 0x22, 0x21, 0x3d, 0x22, 0x0a, 0x20, 0x20, 0x22, 0x21, 0x3d, 0x3d, 0x22, 0x0a, 0x20, 0x20,
    0x22, 0x3d, 0x3e, 0x22, 0x0a, 0x20, 0x20, 0x22, 0x3e, 0x22, 0x0a, 0x20, 0x20, 0x22, 0x3e, 0x3d,
    0x22, 0x0a, 0x20, 0x20, 0x22, 0x3e, 0x3e, 0x22, 0x0a, 0x20, 0x20, 0x22, 0x3e, 0x3e, 0x3d, 0x22,
    0x0a, 0x20, 0x20, 0x22, 0x3e, 0x3e, 0x3e, 0x22, 0x0a, 0x20, 0x20, 0x22, 0x3e, 0x3e, 0x3e, 0x3d,
    0x22, 0x0a, 0x20, 0x20, 0x22, 0x7e, 0x22, 0x0a, 0x20, 0x20, 0x22, 0x5e, 0x22, 0x0a, 0x20, 0x20,
    0x22, 0x26, 0x22, 0x0a, 0x20, 0x20, 0x22, 0x7c, 0x22, 0x0a, 0x20, 0x20, 0x22, 0x5e, 0x3d, 0x22,
    0x0a, 0x20, 0x20, 0x22, 0x26, 0x3d, 0x22, 0x0a, 0x20, 0x20, 0x22, 0x7c, 0x3d, 0x22, 0x0a, 0x20,
    0x20, 0x22, 0x26, 0x26, 0x22, 0x0a, 0x20, 0x20, 0x22, 0x7c, 0x7c, 0x22, 0x0a, 0x20, 0x20, 0x22,
    0x3f, 0x3f, 0x22, 0x0a, 0x20, 0x20, 0x22, 0x26, 0x26, 0x3d, 0x22, 0x0a, 0x20, 0x20, 0x22, 0x7c,
    0x7c, 0x3d, 0x22, 0x0a, 0x20, 0x20, 0x22, 0x3f, 0x3f, 0x3d, 0x22, 0x0a, 0x5d, 0x20, 0x40, 0x6f,
    0x70, 0x65, 0x72, 0x61, 0x74, 0x6f, 0x72, 0x0a, 0x0a, 0x5b, 0x0a, 0x20, 0x20, 0x22, 0x28, 0x22,
    0x0a, 0x20, 0x20, 0x22, 0x29, 0x22, 0x0a, 0x20, 0x20, 0x22, 0x5b, 0x22, 0x0a, 0x20, 0x20, 0x22,
    0x5d, 0x22, 0x0a, 0x20, 0x20, 0x22, 0x7b, 0x22, 0x0a, 0x20, 0x20, 0x22, 0x7d, 0x22, 0x0a, 0x5d,
    0x20, 0x20, 0x40, 0x70, 0x75, 0x6e, 0x63, 0x74, 0x75, 0x61, 0x74, 0x69, 0x6f, 0x6e, 0x2e, 0x62,
    0x72, 0x61, 0x63, 0x6b, 0x65, 0x74, 0x0a, 0x0a, 0x28, 0x74, 0x65, 0x6d, 0x70, 0x6c, 0x61, 0x74,
    0x65, 0x5f, 0x73, 0x75, 0x62, 0x73, 0x74, 0x69, 0x74, 0x75, 0x74, 0x69, 0x6f, 0x6e, 0x0a, 0x20,
    0x20, 0x22, 0x24, 0x7b, 0x22, 0x20, 0x40, 0x70, 0x75, 0x6e, 0x63, 0x74, 0x75, 0x61, 0x74, 0x69,
    0x6f, 0x6e, 0x2e, 0x73, 0x70, 0x65, 0x63, 0x69, 0x61, 0x6c, 0x0a, 0x20, 0x20, 0x22, 0x7d, 0x22,
    0x20, 0x40, 0x70, 0x75, 0x6e, 0x63, 0x74, 0x75, 0x61, 0x74, 0x69, 0x6f, 0x6e, 0x2e, 0x73, 0x70,
    0x65, 0x63, 0x69, 0x61, 0x6c, 0x29, 0x20, 0x40, 0x65, 0x6d, 0x62, 0x65, 0x64, 0x64, 0x65, 0x64,
    0x0a, 0x0a, 0x5b, 0x0a, 0x20, 0x20, 0x22, 0x61, 0x73, 0x22, 0x0a, 0x20, 0x20, 0x22, 0x61, 0x73,
    0x79, 0x6e, 0x63, 0x22, 0x0a, 0x20, 0x20, 0x22, 0x61, 0x77, 0x61, 0x69, 0x74, 0x22, 0x0a, 0x20,
    0x20, 0x22, 0x62, 0x72, 0x65, 0x61, 0x6b, 0x22, 0x0a, 0x20, 0x20, 0x22, 0x63, 0x61, 0x73, 0x65,
    0x22, 0x0a, 0x20, 0x20, 0x22, 0x63, 0x61, 0x74, 0x63, 0x68, 0x22, 0x0a, 0x20, 0x20, 0x22, 0x63,
    0x6c, 0x61, 0x73, 0x73, 0x22, 0x0a, 0x20, 0x20, 0x22, 0x63, 0x6f, 0x6e, 0x73, 0x74, 0x22, 0x0a,
    0x20, 0x20, 0x22, 0x63, 0x6f, 0x6e, 0x74, 0x69, 0x6e, 0x75, 0x65, 0x22, 0x0a, 0x20, 0x20, 0x22,
    0x64, 0x65, 0x62, 0x75, 0x67, 0x67, 0x65, 0x72, 0x22, 0x0a, 0x20, 0x20, 0x22, 0x64, 0x65, 0x66,
    0x61, 0x75, 0x6c, 0x74, 0x22, 0x0a, 0x20, 0x20, 0x22, 0x64, 0x65, 0x6c, 0x65, 0x74, 0x65, 0x22,
    0x0a, 0x20, 0x20, 0x22, 0x64, 0x6f, 0x22, 0x0a, 0x20, 0x20, 0x22, 0x65, 0x6c, 0x73, 0x65, 0x22,
    0x0a, 0x20, 0x20, 0x22, 0x65, 0x78, 0x70, 0x6f, 0x72, 0x74, 0x22, 0x0a, 0x20, 0x20, 0x22, 0x65,
    0x78, 0x74, 0x65, 0x6e, 0x64, 0x73, 0x22, 0x0a, 0x20, 0x20, 0x22, 0x66, 0x69, 0x6e, 0x61, 0x6c,
    0x6c, 0x79, 0x22, 0x0a, 0x20, 0x20, 0x22, 0x66, 0x6f, 0x72, 0x22, 0x0a, 0x20, 0x20, 0x22, 0x66,
    0x72, 0x6f, 0x6d, 0x22, 0x0a, 0x20, 0x20, 0x22, 0x66, 0x75, 0x6e, 0x63, 0x74, 0x69, 0x6f, 0x6e,
    0x22, 0x0a, 0x20, 0x20, 0x22, 0x67, 0x65, 0x74, 0x22, 0x0a, 0x20, 0x20, 0x22, 0x69, 0x66, 0x22,
    0x0a, 0x20, 0x20, 0x22, 0x69, 0x6d, 0x70, 0x6f, 0x72, 0x74, 0x22, 0x0a, 0x20, 0x20, 0x22, 0x69,
    0x6e, 0x22, 0x0a, 0x20, 0x20, 0x22, 0x69, 0x6e, 0x73, 0x74, 0x61, 0x6e, 0x63, 0x65, 0x6f, 0x66,
    0x22, 0x0a, 0x20, 0x20, 0x22, 0x6c, 0x65, 0x74, 0x22, 0x0a, 0x20, 0x20, 0x22, 0x6e, 0x65, 0x77,
    0x22, 0x0a, 0x20, 0x20, 0x22, 0x6f, 0x66, 0x22, 0x0a, 0x20, 0x20, 0x22, 0x72, 0x65, 0x74, 0x75,
    0x72, 0x6e, 0x22, 0x0a, 0x20, 0x20, 0x22, 0x73, 0x65, 0x74, 0x22, 0x0a, 0x20, 0x20, 0x22, 0x73,
    0x74, 0x61, 0x74, 0x69, 0x63, 0x22, 0x0a, 0x20, 0x20, 0x22, 0x73, 0x77, 0x69, 0x74, 0x63, 0x68,
    0x22, 0x0a, 0x20, 0x20, 0x22, 0x74, 0x61, 0x72, 0x67, 0x65, 0x74, 0x22, 0x0a, 0x20, 0x20, 0x22,
    0x74, 0x68, 0x72, 0x6f, 0x77, 0x22, 0x0a, 0x20, 0x20, 0x22, 0x74, 0x72, 0x79, 0x22, 0x0a, 0x20,
    0x20, 0x22, 0x74, 0x79, 0x70, 0x65, 0x6f, 0x66, 0x22, 0x0a, 0x20, 0x20, 0x22, 0x76, 0x61, 0x72,
    0x22, 0x0a, 0x20, 0x20, 0x22, 0x76, 0x6f, 0x69, 0x64, 0x22, 0x0a, 0x20, 0x20, 0x22, 0x77, 0x68,
    0x69, 0x6c, 0x65, 0x22, 0x0a, 0x20, 0x20, 0x22, 0x77, 0x69, 0x74, 0x68, 0x22, 0x0a, 0x20, 0x20,
    0x22, 0x79, 0x69, 0x65, 0x6c, 0x64, 0x22, 0x0a, 0x5d, 0x20, 0x40, 0x6b, 0x65, 0x79, 0x77, 0x6f,
    0x72, 0x64, 0x0a, 0x0a, 0x3b, 0x20, 0x54, 0x79, 0x70, 0x65, 0x73, 0x0a, 0x0a, 0x28, 0x74, 0x79,
    0x70, 0x65, 0x5f, 0x69, 0x64, 0x65, 0x6e, 0x74, 0x69, 0x66, 0x69, 0x65, 0x72, 0x29, 0x20, 0x40,
    0x74, 0x79, 0x70, 0x65, 0x0a, 0x28, 0x70, 0x72, 0x65, 0x64, 0x65, 0x66, 0x69, 0x6e, 0x65, 0x64,
    0x5f, 0x74, 0x79, 0x70, 0x65, 0x29, 0x20, 0x40, 0x74, 0x79, 0x70, 0x65, 0x2e, 0x62, 0x75, 0x69,
    0x6c, 0x74, 0x69, 0x6e, 0x0a, 0x0a, 0x28, 0x28, 0x69, 0x64, 0x65, 0x6e, 0x74, 0x69, 0x66, 0x69,
    0x65, 0x72, 0x29, 0x20, 0x40, 0x74, 0x79, 0x70, 0x65, 0x0a, 0x20, 0x28, 0x23, 0x6d, 0x61, 0x74,
    0x63, 0x68, 0x3f, 0x20, 0x40, 0x74, 0x79, 0x70, 0x65, 0x20, 0x22, 0x5e, 0x5b, 0x41, 0x2d, 0x5a,
    0x5d, 0x22, 0x29, 0x29, 0x0a, 0x0a, 0x28, 0x74, 0x79, 0x70, 0x65, 0x5f, 0x61, 0x72, 0x67, 0x75,
    0x6d, 0x65, 0x6e, 0x74, 0x73, 0x0a, 0x20, 0x20, 0x22, 0x3c, 0x22, 0x20, 0x40, 0x70, 0x75, 0x6e,
    0x63, 0x74, 0x75, 0x61, 0x74, 0x69, 0x6f, 0x6e, 0x2e, 0x62, 0x72, 0x61, 0x63, 0x6b, 0x65, 0x74,
    0x0a, 0x20, 0x20, 0x22, 0x3e, 0x22, 0x20, 0x40, 0x70, 0x75, 0x6e, 0x63, 0x74, 0x75, 0x61, 0x74,
    0x69, 0x6f, 0x6e, 0x2e, 0x62, 0x72, 0x61, 0x63, 0x6b, 0x65, 0x74, 0x29, 0x0a, 0x0a, 0x3b, 0x20,
    0x56, 0x61, 0x72, 0x69, 0x61, 0x62, 0x6c, 0x65, 0x73, 0x0a, 0x0a, 0x28, 0x72, 0x65, 0x71, 0x75,
    0x69, 0x72, 0x65, 0x64, 0x5f, 0x70, 0x61, 0x72, 0x61, 0x6d, 0x65, 0x74, 0x65, 0x72, 0x20, 0x28,
    0x69, 0x64, 0x65, 0x6e, 0x74, 0x69, 0x66, 0x69, 0x65, 0x72, 0x29, 0x20, 0x40, 0x76, 0x61, 0x72,
    0x69, 0x61, 0x62, 0x6c, 0x65, 0x2e, 0x70, 0x61, 0x72, 0x61, 0x6d, 0x65, 0x74, 0x65, 0x72, 0x29,
    0x0a, 0x28, 0x6f, 0x70, 0x74, 0x69, 0x6f, 0x6e, 0x61, 0x6c, 0x5f, 0x70, 0x61, 0x72, 0x61, 0x6d,
    0x65, 0x74, 0x65, 0x72, 0x20, 0x28, 0x69, 0x64, 0x65, 0x6e, 0x74, 0x69, 0x66, 0x69, 0x65, 0x72,
    0x29, 0x20, 0x40, 0x76, 0x61, 0x72, 0x69, 0x61, 0x62, 0x6c, 0x65, 0x2e, 0x70, 0x61, 0x72, 0x61,
    0x6d, 0x65, 0x74, 0x65, 0x72, 0x29, 0x0a, 0x0a, 0x3b, 0x20, 0x4b, 0x65, 0x79, 0x77, 0x6f, 0x72,
    0x64, 0x73, 0x0a, 0x0a, 0x5b, 0x20, 0x22, 0x61, 0x62, 0x73, 0x74, 0x72, 0x61, 0x63, 0x74, 0x22,
    0x0a, 0x20, 0x20, 0x22, 0x64, 0x65, 0x63, 0x6c, 0x61, 0x72, 0x65, 0x22, 0x0a, 0x20, 0x20, 0x22,
    0x65, 0x6e, 0x75, 0x6d, 0x22, 0x0a, 0x20, 0x20, 0x22, 0x65, 0x78, 0x70, 0x6f, 0x72, 0x74, 0x22,
    0x0a, 0x20, 0x20, 0x22, 0x69, 0x6d, 0x70, 0x6c, 0x65, 0x6d, 0x65, 0x6e, 0x74, 0x73, 0x22, 0x0a,
    0x20, 0x20, 0x22, 0x69, 0x6e, 0x74, 0x65, 0x72, 0x66, 0x61, 0x63, 0x65, 0x22, 0x0a, 0x20, 0x20,
    0x22, 0x6b, 0x65, 0x79, 0x6f, 0x66, 0x22, 0x0a, 0x20, 0x20, 0x22, 0x6e, 0x61, 0x6d, 0x65, 0x73,
    0x70, 0x61, 0x63, 0x65, 0x22, 0x0a, 0x20, 0x20, 0x22, 0x70, 0x72, 0x69, 0x76, 0x61, 0x74, 0x65,
    0x22, 0x0a, 0x20, 0x20, 0x22, 0x70, 0x72, 0x6f, 0x74, 0x65, 0x63, 0x74, 0x65, 0x64, 0x22, 0x0a,
    0x20, 0x20, 0x22, 0x70, 0x75, 0x62, 0x6c, 0x69, 0x63, 0x22, 0x0a, 0x20, 0x20, 0x22, 0x74, 0x79,
    0x70, 0x65, 0x22, 0x0a, 0x20, 0x20, 0x22, 0x72, 0x65, 0x61, 0x64, 0x6f, 0x6e, 0x6c, 0x79, 0x22,
    0x0a, 0x20, 0x20, 0x22, 0x6f, 0x76, 0x65, 0x72, 0x72, 0x69, 0x64, 0x65, 0x22, 0x0a, 0x20, 0x20,
    0x22, 0x73, 0x61, 0x74, 0x69, 0x73, 0x66, 0x69, 0x65, 0x73, 0x22, 0x0a, 0x5d, 0x20, 0x40, 0x6b,
    0x65, 0x79, 0x77, 0x6f, 0x72, 0x64, 0x0a,
};

static const unsigned char query_tsx[] = {
    0x3b, 0x20, 0x56, 0x61, 0x72, 0x69, 0x61, 0x62, 0x6c, 0x65, 0x73, 0x0a, 0x3b, 0x2d, 0x2d, 0x2d,
    0x2d, 0x2d, 0x2d, 0x2d, 0x2d, 0x2d, 0x2d, 0x0a, 0x0a, 0x28, 0x69, 0x64, 0x65, 0x6e, 0x74, 0x69,
    0x66, 0x69, 0x65, 0x72, 0x29, 0x20, 0x40, 0x76, 0x61, 0x72, 0x69, 0x61, 0x62, 0x6c, 0x65, 0x0a,
    0x0a, 0x3b, 0x20, 0x50, 0x72, 0x6f, 0x70, 0x65, 0x72, 0x74, 0x69, 0x65, 0x73, 0x0a, 0x3b, 0x2d,
    0x2d, 0x2d, 0x2d, 0x2d, 0x2d, 0x2d, 0x2d, 0x2d, 0x2d, 0x2d, 0x0a, 0x0a, 0x28, 0x70, 0x72, 0x6f,
    0x70, 0x65, 0x72, 0x74, 0x79, 0x5f, 0x69, 0x64, 0x65, 0x6e, 0x74, 0x69, 0x66, 0x69, 0x65, 0x72,
    0x29, 0x20, 0x40, 0x70, 0x72, 0x6f, 0x70, 0x65, 0x72, 0x74, 0x79, 0x0a, 0x0a, 0x3b, 0x20, 0x46,
    0x75, 0x6e, 0x63, 0x74, 0x69, 0x6f, 0x6e, 0x20, 0x61, 0x6e, 0x64, 0x20, 0x6d, 0x65, 0x74, 0x68,
    0x6f, 0x64, 0x20, 0x64, 0x65, 0x66, 0x69, 0x6e, 0x69, 0x74, 0x69, 0x6f, 0x6e, 0x73, 0x0a, 0x3b,
    0x2d, 0x2d, 0x2d, 0x2d, 0x2d, 0x2d, 0x2d, 0x2d, 0x2d, 0x2d, 0x2d, 0x2d, 0x2d, 0x2d, 0x2d, 0x2d,
    0x2d, 0x2d, 0x2d, 0x2d, 0x2d, 0x2d, 0x2d, 0x2d, 0x2d, 0x2d, 0x2d, 0x2d, 0x2d, 0x2d, 0x2d, 0x2d,
    0x0a, 0x0a, 0x28, 0x66, 0x75, 0x6e, 0x63, 0x74, 0x69, 0x6f, 0x6e, 0x5f, 0x65, 0x78, 0x70, 0x72,
    0x65, 0x73, 0x73, 0x69, 0x6f, 0x6e, 0x0a, 0x20, 0x20, 0x6e, 0x61, 0x6d, 0x65, 0x3a, 0x20, 0x28,
    0x69, 0x64, 0x65, 0x6e, 0x74, 0x69, 0x66, 0x69, 0x65, 0x72, 0x29, 0x20, 0x40, 0x66, 0x75, 0x6e,
    0x63, 0x74, 0x69, 0x6f, 0x6e, 0x29, 0x0a, 0x28, 0x66, 0x75, 0x6e, 0x63, 0x74, 0x69, 0x6f, 0x6e,
    0x5f, 0x64, 0x65, 0x63, 0x6c, 0x61, 0x72, 0x61, 0x74, 0x69, 0x6f, 0x6e, 0x0a, 0x20, 0x20, 0x6e,
    0x61, 0x6d, 0x65, 0x3a, 0x20, 0x28, 0x69, 0x64, 0x65, 0x6e, 0x74, 0x69, 0x66, 0x69, 0x65, 0x72,
    0x29, 0x20, 0x40, 0x66, 0x75, 0x6e, 0x63, 0x74, 0x69, 0x6f, 0x6e, 0x29, 0x0a, 0x28, 0x6d, 0x65,
    0x74, 0x68, 0x6f, 0x64, 0x5f, 0x64, 0x65, 0x66, 0x69, 0x6e, 0x69, 0x74, 0x69, 0x6f, 0x6e, 0x0a,
    0x20, 0x20, 0x6e, 0x61, 0x6d, 0x65, 0x3a, 0x20, 0x28, 0x70, 0x72, 0x6f, 0x70, 0x65, 0x72, 0x74,
    0x79, 0x5f, 0x69, 0x64, 0x65, 0x6e, 0x74, 0x69, 0x66, 0x69, 0x65, 0x72, 0x29, 0x20, 0x40, 0x66,
    0x75, 0x6e, 0x63, 0x74, 0x69, 0x6f, 0x6e, 0x2e, 0x6d, 0x65, 0x74, 0x68, 0x6f, 0x64, 0x29, 0x0a,
    0x0a, 0x28, 0x70, 0x61, 0x69, 0x72, 0x0a, 0x20, 0x20, 0x6b, 0x65, 0x79, 0x3a, 0x20, 0x28, 0x70,
    0x72, 0x6f, 0x70, 0x65, 0x72, 0x74, 0x79, 0x5f, 0x69, 0x64, 0x65, 0x6e, 0x74, 0x69, 0x66, 0x69,
    0x65, 0x72, 0x29, 0x20, 0x40, 0x66, 0x75, 0x6e, 0x63, 0x74, 0x69, 0x6f, 0x6e, 0x2e, 0x6d, 0x65,
    0x74, 0x68, 0x6f, 0x64, 0x0a, 0x20, 0x20, 0x76, 0x61, 0x6c, 0x75, 0x65, 0x3a, 0x20, 0x5b, 0x28,
    0x66, 0x75, 0x6e, 0x63, 0x74, 0x69, 0x6f, 0x6e, 0x5f, 0x65, 0x78, 0x70, 0x72, 0x65, 0x73, 0x73,
    0x69, 0x6f, 0x6e, 0x29, 0x20, 0x28, 0x61, 0x72, 0x72, 0x6f, 0x77, 0x5f, 0x66, 0x75, 0x6e, 0x63,
    0x74, 0x69, 0x6f, 0x6e, 0x29, 0x5d, 0x29, 0x0a, 0x0a, 0x28, 0x61, 0x73, 0x73, 0x69, 0x67, 0x6e,
    0x6d, 0x65, 0x6e, 0x74, 0x5f, 0x65, 0x78, 0x70, 0x72, 0x65, 0x73, 0x73, 0x69, 0x6f, 0x6e, 0x0a,
    0x20, 0x20, 0x6c, 0x65, 0x66, 0x74, 0x3a, 0x20, 0x28, 0x6d, 0x65, 0x6d, 0x62, 0x65, 0x72, 0x5f,
    0x65, 0x78, 0x70, 0x72, 0x65, 0x73, 0x73, 0x69, 0x6f, 0x6e, 0x0a, 0x20, 0x20, 0x20, 0x20, 0x70,
    0x72, 0x6f, 0x70, 0x65, 0x72, 0x74, 0x79, 0x3a, 0x20, 0x28, 0x70, 0x72, 0x6f, 0x70, 0x65, 0x72,
    0x74, 0x79, 0x5f, 0x69, 0x64, 0x65, 0x6e, 0x74, 0x69, 0x66, 0x69, 0x65, 0x72, 0x29, 0x20, 0x40,
    0x66, 0x75, 0x6e, 0x63, 0x74, 0x69, 0x6f, 0x6e, 0x2e, 0x6d, 0x65, 0x74, 0x68, 0x6f, 0x64, 0x29,
    0x0a, 0x20, 0x20, 0x72, 0x69, 0x67, 0x68, 0x74, 0x3a, 0x20, 0x5b, 0x28, 0x66, 0x75, 0x6e, 0x63,
    0x74, 0x69, 0x6f, 0x6e, 0x5f, 0x65, 0x78, 0x70, 0x72, 0x65, 0x73, 0x73, 0x69, 0x6f, 0x6e, 0x29,
    0x20, 0x28, 0x61, 0x72, 0x72, 0x6f, 0x77, 0x5f, 0x66, 0x75, 0x6e, 0x63, 0x74, 0x69, 0x6f, 0x6e,
    0x29, 0x5d, 0x29, 0x0a, 0x0a, 0x28, 0x76, 0x61, 0x72, 0x69, 0x61, 0x62, 0x6c, 0x65, 0x5f, 0x64,
    0x65, 0x63, 0x6c, 0x61, 0x72, 0x61, 0x74, 0x6f, 0x72, 0x0a, 0x20, 0x20, 0x6e, 0x61, 0x6d, 0x65,
    0x3a, 0x20, 0x28, 0x69, 0x64, 0x65, 0x6e, 0x74, 0x69, 0x66, 0x69, 0x65, 0x72, 0x29, 0x20, 0x40,
    0x66, 0x75, 0x6e, 0x63, 0x74, 0x69, 0x6f, 0x6e, 0x0a, 0x20, 0x20, 0x76, 0x61, 0x6c, 0x75, 0x65,
    0x3a, 0x20, 0x5b, 0x28, 0x66, 0x75, 0x6e, 0x63, 0x74, 0x69, 0x6f, 0x6e, 0x5f, 0x65, 0x78, 0x70,
    0x72, 0x65, 0x73, 0x73, 0x69, 0x6f, 0x6e, 0x29, 0x20, 0x28, 0x61, 0x72, 0x72, 0x6f, 0x77, 0x5f,
    0x66, 0x75, 0x6e, 0x63, 0x74, 0x69, 0x6f, 0x6e, 0x29, 0x5d, 0x29, 0x0a, 0x0a, 0x28, 0x61, 0x73,
    0x73, 0x69, 0x67, 0x6e, 0x6d, 0x65, 0x6e, 0x74, 0x5f, 0x65, 0x78, 0x70, 0x72, 0x65, 0x73, 0x73,
    0x69, 0x6f, 0x6e, 0x0a, 0x20, 0x20, 0x6c, 0x65, 0x66, 0x74, 0x3a, 0x20, 0x28, 0x69, 0x64, 0x65,
    0x6e, 0x74, 0x69, 0x66, 0x69, 0x65, 0x72, 0x29, 0x20, 0x40, 0x66, 0x75, 0x6e, 0x63, 0x74, 0x69,
    0x6f, 0x6e, 0x0a, 0x20, 0x20, 0x72, 0x69, 0x67, 0x68, 0x74, 0x3a, 0x20, 0x5b, 0x28, 0x66, 0x75,
    0x6e, 0x63, 0x74, 0x69, 0x6f, 0x6e, 0x5f, 0x65, 0x78, 0x70, 0x72, 0x65, 0x73, 0x73, 0x69, 0x6f,
    0x6e, 0x29, 0x20, 0x28, 0x61, 0x72, 0x72, 0x6f, 0x77, 0x5f, 0x66, 0x75, 0x6e, 0x63, 0x74, 0x69,
    0x6f, 0x6e, 0x29, 0x5d, 0x29, 0x0a, 0x0a, 0x3b, 0x20, 0x46, 0x75, 0x6e, 0x63, 0x74, 0x69, 0x6f,
    0x6e, 0x20, 0x61, 0x6e, 0x64, 0x20, 0x6d, 0x65, 0x74, 0x68, 0x6f, 0x64, 0x20, 0x63, 0x61, 0x6c,
    0x6c, 0x73, 0x0a, 0x3b, 0x2d, 0x2d, 0x2d, 0x2d, 0x2d, 0x2d, 0x2d, 0x2d, 0x2d, 0x2d, 0x2d, 0x2d,
    0x2d, 0x2d, 0x2d, 0x2d, 0x2d, 0x2d, 0x2d, 0x2d, 0x2d, 0x2d, 0x2d, 0x2d, 0x2d, 0x2d, 0x0a, 0x0a,
    0x28, 0x63, 0x61, 0x6c, 0x6c, 0x5f, 0x65, 0x78, 0x70, 0x72, 0x65, 0x73, 0x73, 0x69, 0x6f, 0x6e,
    0x0a, 0x20, 0x20, 0x66, 0x75, 0x6e, 0x63, 0x74, 0x69, 0x6f, 0x6e, 0x3a, 0x20, 0x28, 0x69, 0x64,
    0x65, 0x6e, 0x74, 0x69, 0x66, 0x69, 0x65, 0x72, 0x29, 0x20, 0x40, 0x66, 0x75, 0x6e, 0x63, 0x74,
    0x69, 0x6f, 0x6e, 0x29, 0x0a, 0x0a, 0x28, 0x63, 0x61, 0x6c, 0x6c, 0x5f, 0x65, 0x78, 0x70, 0x72,
    0x65, 0x73, 0x73, 0x69, 0x6f, 0x6e, 0x0a, 0x20, 0x20, 0x66, 0x75, 0x6e, 0x63, 0x74, 0x69, 0x6f,
    0x6e, 0x3a, 0x20, 0x28, 0x6d, 0x65, 0x6d, 0x62, 0x65, 0x72, 0x5f, 0x65, 0x78, 0x70, 0x72, 0x65,
    0x73, 0x73, 0x69, 0x6f, 0x6e, 0x0a, 0x20, 0x20, 0x20, 0x20, 0x70, 0x72, 0x6f, 0x70, 0x65, 0x72,
    0x74, 0x79, 0x3a, 0x20, 0x28, 0x70, 0x72, 0x6f, 0x70, 0x65, 0x72, 0x74, 0x79, 0x5f, 0x69, 0x64,
    0x65, 0x6e, 0x74, 0x69, 0x66, 0x69, 0x65, 0x72, 0x29, 0x20, 0x40, 0x66, 0x75, 0x6e, 0x63, 0x74,
    0x69, 0x6f, 0x6e, 0x2e, 0x6d, 0x65, 0x74, 0x68, 0x6f, 0x64, 0x29, 0x29, 0x0a, 0x0a, 0x3b, 0x20,
    0x53, 0x70, 0x65, 0x63, 0x69, 0x61, 0x6c, 0x20, 0x69, 0x64, 0x65, 0x6e, 0x74, 0x69, 0x66, 0x69,
    0x65, 0x72, 0x73, 0x0a, 0x3b, 0x2d, 0x2d, 0x2d, 0x2d, 0x2d, 0x2d, 0x2d, 0x2d, 0x2d, 0x2d, 0x2d,
    0x2d, 0x2d, 0x2d, 0x2d, 0x2d, 0x2d, 0x2d, 0x2d, 0x2d, 0x0a, 0x0a, 0x28, 0x28, 0x69, 0x64, 0x65,
    0x6e, 0x74, 0x69, 0x66, 0x69, 0x65, 0x72, 0x29, 0x20, 0x40, 0x63, 0x6f, 0x6e, 0x73, 0x74, 0x72,
    0x75, 0x63, 0x74, 0x6f, 0x72, 0x0a, 0x20, 0x28, 0x23, 0x6d, 0x61, 0x74, 0x63, 0x68, 0x3f, 0x20,
    0x40, 0x63, 0x6f, 0x6e, 0x73, 0x74, 0x72, 0x75, 0x63, 0x74, 0x6f, 0x72, 0x20, 0x22, 0x5e, 0x5b,
    0x41, 0x2d, 0x5a, 0x5d, 0x22, 0x29, 0x29, 0x0a, 0x0a, 0x28, 0x5b, 0x0a, 0x20, 0x20, 0x20, 0x20,
    0x28, 0x69, 0x64, 0x65, 0x6e, 0x74, 0x69, 0x66, 0x69, 0x65, 0x72, 0x29, 0x0a, 0x20, 0x20, 0x20,
    0x20, 0x28, 0x73, 0x68, 0x6f, 0x72, 0x74, 0x68, 0x61, 0x6e, 0x64, 0x5f, 0x70, 0x72, 0x6f, 0x70,
    0x65, 0x72, 0x74, 0x79, 0x5f, 0x69, 0x64, 0x65, 0x6e, 0x74, 0x69, 0x66, 0x69, 0x65, 0x72, 0x29,
    0x0a, 0x20, 0x20, 0x20, 0x20, 0x28, 0x73, 0x68, 0x6f, 0x72, 0x74, 0x68, 0x61, 0x6e, 0x64, 0x5f,
    0x70, 0x72, 0x6f, 0x70, 0x65, 0x72, 0x74, 0x79, 0x5f, 0x69, 0x64, 0x65, 0x6e, 0x74, 0x69, 0x66,
    0x69, 0x65, 0x72, 0x5f, 0x70, 0x61, 0x74, 0x74, 0x65, 0x72, 0x6e, 0x29, 0x0a, 0x20, 0x5d, 0x20,
    0x40, 0x63, 0x6f, 0x6e, 0x73, 0x74, 0x61, 0x6e, 0x74, 0x0a, 0x20, 0x28, 0x23, 0x6d, 0x61, 0x74,
    0x63, 0x68, 0x3f, 0x20, 0x40, 0x63, 0x6f, 0x6e, 0x73, 0x74, 0x61, 0x6e, 0x74, 0x20, 0x22, 0x5e,
    0x5b, 0x41, 0x2d, 0x5a, 0x5f, 0x5d, 0x5b, 0x41, 0x2d, 0x5a, 0x5c, 0x5c, 0x64, 0x5f, 0x5d, 0x2b,
    0x24, 0x22, 0x29, 0x29, 0x0a, 0x0a, 0x28, 0x28, 0x69, 0x64, 0x65, 0x6e, 0x74, 0x69, 0x66, 0x69,
    0x65, 0x72, 0x29, 0x20, 0x40, 0x76, 0x61, 0x72, 0x69, 0x61, 0x62, 0x6c, 0x65, 0x2e, 0x62, 0x75,
    0x69, 0x6c, 0x74, 0x69, 0x6e, 0x0a, 0x20, 0x28, 0x23, 0x6d, 0x61, 0x74, 0x63, 0x68, 0x3f, 0x20,
    0x40, 0x76, 0x61, 0x72, 0x69, 0x61, 0x62, 0x6c, 0x65, 0x2e, 0x62, 0x75, 0x69, 0x6c, 0x74, 0x69,
    0x6e, 0x20, 0x22, 0x5e, 0x28, 0x61, 0x72, 0x67, 0x75, 0x6d, 0x65, 0x6e, 0x74, 0x73, 0x7c, 0x6d,
    0x6f, 0x64, 0x75, 0x6c, 0x65, 0x7c, 0x63, 0x6f, 0x6e, 0x73, 0x6f, 0x6c, 0x65, 0x7c, 0x77, 0x69,
    0x6e, 0x64, 0x6f, 0x77, 0x7c, 0x64, 0x6f, 0x63, 0x75, 0x6d, 0x65, 0x6e, 0x74, 0x29, 0x24, 0x22,
    0x29, 0x0a, 0x20, 0x28, 0x23, 0x69, 0x73, 0x2d, 0x6e, 0x6f, 0x74, 0x3f, 0x20, 0x6c, 0x6f, 0x63,
    0x61, 0x6c, 0x29, 0x29, 0x0a, 0x0a, 0x28, 0x28, 0x69, 0x64, 0x65, 0x6e, 0x74, 0x69, 0x66, 0x69,
    0x65, 0x72, 0x29, 0x20, 0x40, 0x66, 0x75, 0x6e, 0x63, 0x74, 0x69, 0x6f, 0x6e, 0x2e, 0x62, 0x75,
    0x69, 0x6c, 0x74, 0x69, 0x6e, 0x0a, 0x20, 0x28, 0x23, 0x65, 0x71, 0x3f, 0x20, 0x40, 0x66, 0x75,
    0x6e, 0x63, 0x74, 0x69, 0x6f, 0x6e, 0x2e, 0x62, 0x75, 0x69, 0x6c, 0x74, 0x69, 0x6e, 0x20, 0x22,
    0x72, 0x65, 0x71, 0x75, 0x69, 0x72, 0x65, 0x22, 0x29, 0x0a, 0x20, 0x28, 0x23, 0x69, 0x73, 0x2d,
    0x6e, 0x6f, 0x74, 0x3f, 0x20, 0x6c, 0x6f, 0x63, 0x61, 0x6c, 0x29, 0x29, 0x0a, 0x0a, 0x3b, 0x20,
    0x4c, 0x69, 0x74, 0x65, 0x72, 0x61, 0x6c, 0x73, 0x0a, 0x3b, 0x2d, 0x2d, 0x2d, 0x2d, 0x2d, 0x2d,
    0x2d, 0x2d, 0x2d, 0x0a, 0x0a, 0x28, 0x74, 0x68, 0x69, 0x73, 0x29, 0x20, 0x40, 0x76, 0x61, 0x72,
    0x69, 0x61, 0x62, 0x6c, 0x65, 0x2e, 0x62, 0x75, 0x69, 0x6c, 0x74, 0x69, 0x6e, 0x0a, 0x28, 0x73,
    0x75, 0x70, 0x65, 0x72, 0x29, 0x20, 0x40, 0x76, 0x61, 0x72, 0x69, 0x61, 0x62, 0x6c, 0x65, 0x2e,
    0x62, 0x75, 0x69, 0x6c, 0x74, 0x69, 0x6e, 0x0a, 0x0a, 0x5b, 0x0a, 0x20, 0x20, 0x28, 0x74, 0x72,
    0x75, 0x65, 0x29, 0x0a, 0x20, 0x20, 0x28, 0x66, 0x61, 0x6c, 0x73, 0x65, 0x29, 0x0a, 0x20, 0x20,
    0x28, 0x6e, 0x75, 0x6c, 0x6c, 0x29, 0x0a, 0x20, 0x20, 0x28, 0x75, 0x6e, 0x64, 0x65, 0x66, 0x69,
    0x6e, 0x65, 0x64, 0x29, 0x0a, 0x5d, 0x20, 0x40, 0x63, 0x6f, 0x6e, 0x73, 0x74, 0x61, 0x6e, 0x74,
    0x2e, 0x62, 0x75, 0x69, 0x6c, 0x74, 0x69, 0x6e, 0x0a, 0x0a, 0x28, 0x63, 0x6f, 0x6d, 0x6d, 0x65,
    0x6e, 0x74, 0x29, 0x20, 0x40, 0x63, 0x6f, 0x6d, 0x6d, 0x65, 0x6e, 0x74, 0x0a, 0x0a, 0x5b, 0x0a,
    0x20, 0x20, 0x28, 0x73, 0x74, 0x72, 0x69, 0x6e, 0x67, 0x29, 0x0a, 0x20, 0x20, 0x28, 0x74, 0x65,
    0x6d, 0x70, 0x6c, 0x61, 0x74, 0x65, 0x5f, 0x73, 0x74, 0x72, 0x69, 0x6e, 0x67, 0x29, 0x0a, 0x5d,
    0x20, 0x40, 0x73, 0x74, 0x72, 0x69, 0x6e, 0x67, 0x0a, 0x0a, 0x28, 0x72, 0x65, 0x67, 0x65, 0x78,
    0x29, 0x20, 0x40, 0x73, 0x74, 0x72, 0x69, 0x6e, 0x67, 0x2e, 0x73, 0x70, 0x65, 0x63, 0x69, 0x61,
    0x6c, 0x0a, 0x28, 0x6e, 0x75, 0x6d, 0x62, 0x65, 0x72, 0x29, 0x20, 0x40, 0x6e, 0x75, 0x6d, 0x62,
    0x65, 0x72, 0x0a, 0x0a, 0x3b, 0x20, 0x54, 0x6f, 0x6b, 0x65, 0x6e, 0x73, 0x0a, 0x3b, 0x2d, 0x2d,
    0x2d, 0x2d, 0x2d, 0x2d, 0x2d, 0x0a, 0x0a, 0x5b, 0x0a, 0x20, 0x20, 0x22, 0x3b, 0x22, 0x0a, 0x20,
    0x20, 0x28, 0x6f, 0x70, 0x74, 0x69, 0x6f, 0x6e, 0x61, 0x6c, 0x5f, 0x63, 0x68, 0x61, 0x69, 0x6e,
    0x29, 0x0a, 0x20, 0x20, 0x22, 0x2e, 0x22, 0x0a, 0x20, 0x20, 0x22, 0x2c, 0x22, 0x0a, 0x5d, 0x20,
    0x40, 0x70, 0x75, 0x6e, 0x63, 0x74, 0x75, 0x61, 0x74, 0x69, 0x6f, 0x6e, 0x2e, 0x64, 0x65, 0x6c,
    0x69, 0x6d, 0x69, 0x74, 0x65, 0x72, 0x0a, 0x0a, 0x5b, 0x0a, 0x20, 0x20, 0x22, 0x2d, 0x22, 0x0a,
    0x20, 0x20, 0x22, 0x2d, 0x2d, 0x22, 0x0a, 0x20, 0x20, 0x22, 0x2d, 0x3d, 0x22, 0x0a, 0x20, 0x20,
    0x22, 0x2b, 0x22, 0x0a, 0x20, 0x20, 0x22, 0x2b, 0x2b, 0x22, 0x0a, 0x20, 0x20, 0x22, 0x2b, 0x3d,
    0x22, 0x0a, 0x20, 0x20, 0x22, 0x2a, 0x22, 0x0a, 0x20, 0x20, 0x22, 0x2a, 0x3d, 0x22, 0x0a, 0x20,
    0x20, 0x22, 0x2a, 0x2a, 0x22, 0x0a, 0x20, 0x20, 0x22, 0x2a, 0x2a, 0x3d, 0x22, 0x0a, 0x20, 0x20,
    0x22, 0x2f, 0x22, 0x0a, 0x20, 0x20, 0x22, 0x2f, 0x3d, 0x22, 0x0a, 0x20, 0x20, 0x22, 0x25, 0x22,
    0x0a, 0x20, 0x20, 0x22, 0x25, 0x3d, 0x22, 0x0a, 0x20, 0x20, 0x22, 0x3c, 0x22, 0x0a, 0x20, 0x20,
    0x22, 0x3c, 0x3d, 0x22, 0x0a, 0x20, 0x20, 0x22, 0x3c, 0x3c, 0x22, 0x0a, 0x20, 0x20, 0x22, 0x3c,
    0x3c, 0x3d, 0x22, 0x0a, 0x20, 0x20, 0x22, 0x3d, 0x22, 0x0a, 0x20, 0x20, 0x22, 0x3d, 0x3d, 0x22,
    0x0a, 0x20, 0x20, 0x22, 0x3d, 0x3d, 0x3d, 0x22, 0x0a, 0x20, 0x20, 0x22, 0x21, 0x22, 0x0a, 0x20,
    0x20, 0x22, 0x21, 0x3d, 0x22, 0x0a, 0x20, 0x20, 0x22, 0x21, 0x3d, 0x3d, 0x22, 0x0a, 0x20, 0x20,
    0x22, 0x3d, 0x3e, 0x22, 0x0a, 0x20, 0x20, 0x22, 0x3e, 0x22, 0x0a, 0x20, 0x20, 0x22, 0x3e, 0x3d,
    0x22, 0x0a, 0x20, 0x20, 0x22, 0x3e, 0x3e, 0x22, 0x0a, 0x20, 0x20, 0x22, 0x3e, 0x3e, 0x3d, 0x22,
    0x0a, 0x20, 0x20, 0x22, 0x3e, 0x3e, 0x3e, 0x22, 0x0a, 0x20, 0x20, 0x22, 0x3e, 0x3e, 0x3e, 0x3d,
    0x22, 0x0a, 0x20, 0x20, 0x22, 0x7e, 0x22, 0x0a, 0x20, 0x20, 0x22, 0x5e, 0x22, 0x0a, 0x20, 0x20,
    0x22, 0x26, 0x22, 0x0a, 0x20, 0x20, 0x22, 0x7c, 0x22, 0x0a, 0x20, 0x20, 0x22, 0x5e, 0x3d, 0x22,
    0x0a, 0x20, 0x20, 0x22, 0x26, 0x3d, 0x22, 0x0a, 0x20, 0x20, 0x22, 0x7c, 0x3d, 0x22, 0x0a, 0x20,
    0x20, 0x22, 0x26, 0x26, 0x22, 0x0a, 0x20, 0x20, 0x22, 0x7c, 0x7c, 0x22, 0x0a, 0x20, 0x20, 0x22,
    0x3f, 0x3f, 0x22, 0x0a, 0x20, 0x20, 0x22, 0x26, 0x26, 0x3d, 0x22, 0x0a, 0x20, 0x20, 0x22, 0x7c,
    0x7c, 0x3d, 0x22, 0x0a, 0x20, 0x20, 0x22, 0x3f, 0x3f, 0x3d, 0x22, 0x0a, 0x5d, 0x20, 0x40, 0x6f,
    0x70, 0x65, 0x72, 0x61, 0x74, 0x6f, 0x72, 0x0a, 0x0a, 0x5b, 0x0a, 0x20, 0x20, 0x22, 0x28, 0x22,
    0x0a, 0x20, 0x20, 0x22, 0x29, 0x22, 0x0a, 0x20, 0x20, 0x22, 0x5b, 0x22, 0x0a, 0x20, 0x20, 0x22,
    0x5d, 0x22, 0x0a, 0x20, 0x20, 0x22, 0x7b, 0x22, 0x0a, 0x20, 0x20, 0x22, 0x7d, 0x22, 0x0a, 0x5d,
    0x20, 0x20, 0x40, 0x70, 0x75, 0x6e, 0x63, 0x74, 0x75, 0x61, 0x74, 0x69, 0x6f, 0x6e, 0x2e, 0x62,
    0x72, 0x61, 0x63, 0x6b, 0x65, 0x74, 0x0a, 0x0a, 0x28, 0x74, 0x65, 0x6d, 0x70, 0x6c, 0x61, 0x74,
    0x65, 0x5f, 0x73, 0x75, 0x62, 0x73, 0x74, 0x69, 0x74, 0x75, 0x74, 0x69, 0x6f, 0x6e, 0x0a, 0x20,
    0x20, 0x22, 0x24, 0x7b, 0x22, 0x20, 0x40, 0x70, 0x75, 0x6e, 0x63, 0x74, 0x75, 0x61, 0x74, 0x69,
    0x6f, 0x6e, 0x2e, 0x73, 0x70, 0x65, 0x63, 0x69, 0x61, 0x6c, 0x0a, 0x20, 0x20, 0x22, 0x7d, 0x22,
    0x20, 0x40, 0x70, 0x75, 0x6e, 0x63, 0x74, 0x75, 0x61, 0x74, 0x69, 0x6f, 0x6e, 0x2e, 0x73, 0x70,
    0x65, 0x63, 0x69, 0x61, 0x6c, 0x29, 0x20, 0x40, 0x65, 0x6d, 0x62, 0x65, 0x64, 0x64, 0x65, 0x64,
    0x0a, 0x0a, 0x5b, 0x0a, 0x20, 0x20, 0x22, 0x61, 0x73, 0x22, 0x0a, 0x20, 0x20, 0x22, 0x61, 0x73,
    0x79, 0x6e, 0x63, 0x22, 0x0a, 0x20, 0x20, 0x22, 0x61, 0x77, 0x61, 0x69, 0x74, 0x22, 0x0a, 0x20,
    0x20, 0x22, 0x62, 0x72, 0x65, 0x61, 0x6b, 0x22, 0x0a, 0x20, 0x20, 0x22, 0x63, 0x61, 0x73, 0x65,
    0x22, 0x0a, 0x20, 0x20, 0x22, 0x63, 0x61, 0x74, 0x63, 0x68, 0x22, 0x0a, 0x20, 0x20, 0x22, 0x63,
    0x6c, 0x61, 0x73, 0x73, 0x22, 0x0a, 0x20, 0x20, 0x22, 0x63, 0x6f, 0x6e, 0x73, 0x74, 0x22, 0x0a,
    0x20, 0x20, 0x22, 0x63, 0x6f, 0x6e, 0x74, 0x69, 0x6e, 0x75, 0x65, 0x22, 0x0a, 0x20, 0x20, 0x22,
    0x64, 0x65, 0x62, 0x75, 0x67, 0x67, 0x65, 0x72, 0x22, 0x0a, 0x20, 0x20, 0x22, 0x64, 0x65, 0x66,
    0x61, 0x75, 0x6c, 0x74, 0x22, 0x0a, 0x20, 0x20, 0x22, 0x64, 0x65, 0x6c, 0x65, 0x74, 0x65, 0x22,
    0x0a, 0x20, 0x20, 0x22, 0x64, 0x6f, 0x22, 0x0a, 0x20, 0x20, 0x22, 0x65, 0x6c, 0x73, 0x65, 0x22,
    0x0a, 0x20, 0x20, 0x22, 0x65, 0x78, 0x70, 0x6f, 0x72, 0x74, 0x22, 0x0a, 0x20, 0x20, 0x22, 0x65,
    0x78, 0x74, 0x65, 0x6e, 0x64, 0x73, 0x22, 0x0a, 0x20, 0x20, 0x22, 0x66, 0x69, 0x6e, 0x61, 0x6c,
    0x6c, 0x79, 0x22, 0x0a, 0x20, 0x20, 0x22, 0x66, 0x6f, 0x72, 0x22, 0x0a, 0x20, 0x20, 0x22, 0x66,
    0x72, 0x6f, 0x6d, 0x22, 0x0a, 0x20, 0x20, 0x22, 0x66, 0x75, 0x6e, 0x63, 0x74, 0x69, 0x6f, 0x6e,
    0x22, 0x0a, 0x20, 0x20, 0x22, 0x67, 0x65, 0x74, 0x22, 0x0a, 0x20, 0x20, 0x22, 0x69, 0x66, 0x22,
    0x0a, 0x20, 0x20, 0x22, 0x69, 0x6d, 0x70, 0x6f, 0x72, 0x74, 0x22, 0x0a, 0x20, 0x20, 0x22, 0x69,
    0x6e, 0x22, 0x0a, 0x20, 0x20, 0x22, 0x69, 0x6e, 0x73, 0x74, 0x61, 0x6e, 0x63, 0x65, 0x6f, 0x66,
    0x22, 0x0a, 0x20, 0x20, 0x22, 0x6c, 0x65, 0x74, 0x22, 0x0a, 0x20, 0x20, 0x22, 0x6e, 0x65, 0x77,
    0x22, 0x0a, 0x20, 0x20, 0x22, 0x6f, 0x66, 0x22, 0x0a, 0x20, 0x20, 0x22, 0x72, 0x65, 0x74, 0x75,
    0x72, 0x6e, 0x22, 0x0a, 0x20, 0x20, 0x22, 0x73, 0x65, 0x74, 0x22, 0x0a, 0x20, 0x20, 0x22, 0x73,
    0x74, 0x61, 0x74, 0x69, 0x63, 0x22, 0x0a, 0x20, 0x20, 0x22, 0x73, 0x77, 0x69, 0x74, 0x63, 0x68,
    0x22, 0x0a, 0x20, 0x20, 0x22, 0x74, 0x61, 0x72, 0x67, 0x65, 0x74, 0x22, 0x0a, 0x20, 0x20, 0x22,
    0x74, 0x68, 0x72, 0x6f, 0x77, 0x22, 0x0a, 0x20, 0x20, 0x22, 0x74, 0x72, 0x79, 0x22, 0x0a, 0x20,
    0x20, 0x22, 0x74, 0x79, 0x70, 0x65, 0x6f, 0x66, 0x22, 0x0a, 0x20, 0x20, 0x22, 0x76, 0x61, 0x72,
    0x22, 0x0a, 0x20, 0x20, 0x22, 0x76, 0x6f, 0x69, 0x64, 0x22, 0x0a, 0x20, 0x20, 0x22, 0x77, 0x68,
    0x69, 0x6c, 0x65, 0x22, 0x0a, 0x20, 0x20, 0x22, 0x77, 0x69, 0x74, 0x68, 0x22, 0x0a, 0x20, 0x20,
    0x22, 0x79, 0x69, 0x65, 0x6c, 0x64, 0x22, 0x0a, 0x5d, 0x20, 0x40, 0x6b, 0x65, 0x79, 0x77, 0x6f,
    0x72, 0x64, 0x0a, 0x0a, 0x3b, 0x20, 0x54, 0x79, 0x70, 0x65, 0x73, 0x0a, 0x0a, 0x28, 0x74, 0x79,
    0x70, 0x65, 0x5f, 0x69, 0x64, 0x65, 0x6e, 0x74, 0x69, 0x66, 0x69, 0x65, 0x72, 0x29, 0x20, 0x40,
    0x74, 0x79, 0x70, 0x65, 0x0a, 0x28, 0x70, 0x72, 0x65, 0x64, 0x65, 0x66, 0x69, 0x6e, 0x65, 0x64,
    0x5f, 0x74, 0x79, 0x70, 0x65, 0x29, 0x20, 0x40, 0x74, 0x79, 0x70, 0x65, 0x2e, 0x62, 0x75, 0x69,
    0x6c, 0x74, 0x69, 0x6e, 0x0a, 0x0a, 0x28, 0x28, 0x69, 0x64, 0x65, 0x6e, 0x74, 0x69, 0x66, 0x69,
    0x65, 0x72, 0x29, 0x20, 0x40, 0x74, 0x79, 0x70, 0x65, 0x0a, 0x20, 0x28, 0x23, 0x6d, 0x61, 0x74,
    0x63, 0x68, 0x3f, 0x20, 0x40, 0x74, 0x79, 0x70, 0x65, 0x20, 0x22, 0x5e, 0x5b, 0x41, 0x2d, 0x5a,
    0x5d, 0x22, 0x29, 0x29, 0x0a, 0x0a, 0x28, 0x74, 0x79, 0x70, 0x65, 0x5f, 0x61, 0x72, 0x67, 0x75,
    0x6d, 0x65, 0x6e, 0x74, 0x73, 0x0a, 0x20, 0x20, 0x22, 0x3c, 0x22, 0x20, 0x40, 0x70, 0x75, 0x6e,
    0x63, 0x74, 0x75, 0x61, 0x74, 0x69, 0x6f, 0x6e, 0x2e, 0x62, 0x72, 0x61, 0x63, 0x6b, 0x65, 0x74,
    0x0a, 0x20, 0x20, 0x22, 0x3e, 0x22, 0x20, 0x40, 0x70, 0x75, 0x6e, 0x63, 0x74, 0x75, 0x61, 0x74,
    0x69, 0x6f, 0x6e, 0x2e, 0x62, 0x72, 0x61, 0x63, 0x6b, 0x65, 0x74, 0x29, 0x0a, 0x0a, 0x3b, 0x20,
    0x56, 0x61, 0x72, 0x69, 0x61, 0x62, 0x6c, 0x65, 0x73, 0x0a, 0x0a, 0x28, 0x72, 0x65, 0x71, 0x75,
    0x69, 0x72, 0x65, 0x64, 0x5f, 0x70, 0x61, 0x72, 0x61, 0x6d, 0x65, 0x74, 0x65, 0x72, 0x20, 0x28,
    0x69, 0x64, 0x65, 0x6e, 0x74, 0x69, 0x66, 0x69, 0x65, 0x72, 0x29, 0x20, 0x40, 0x76, 0x61, 0x72,
    0x69, 0x61, 0x62, 0x6c, 0x65, 0x2e, 0x70, 0x61, 0x72, 0x61, 0x6d, 0x65, 0x74, 0x65, 0x72, 0x29,
    0x0a, 0x28, 0x6f, 0x70, 0x74, 0x69, 0x6f, 0x6e, 0x61, 0x6c, 0x5f, 0x70, 0x61, 0x72, 0x61, 0x6d,
    0x65, 0x74, 0x65, 0x72, 0x20, 0x28, 0x69, 0x64, 0x65, 0x6e, 0x74, 0x69, 0x66, 0x69, 0x65, 0x72,
    0x29, 0x20, 0x40, 0x76, 0x61, 0x72, 0x69, 0x61, 0x62, 0x6c, 0x65, 0x2e, 0x70, 0x61, 0x72, 0x61,
    0x6d, 0x65, 0x74, 0x65, 0x72, 0x29, 0x0a, 0x0a, 0x3b, 0x20, 0x4b, 0x65, 0x79, 0x77, 0x6f, 0x72,
    0x64, 0x73, 0x0a, 0x0a, 0x5b, 0x20, 0x22, 0x61, 0x62, 0x73, 0x74, 0x72, 0x61, 0x63, 0x74, 0x22,
    0x0a, 0x20, 0x20, 0x22, 0x64, 0x65, 0x63, 0x6c, 0x61, 0x72, 0x65, 0x22, 0x0a, 0x20, 0x20, 0x22,
    0x65, 0x6e, 0x75, 0x6d, 0x22, 0x0a, 0x20, 0x20, 0x22, 0x65, 0x78, 0x70, 0x6f, 0x72, 0x74, 0x22,
    0x0a, 0x20, 0x20, 0x22, 0x69, 0x6d, 0x70, 0x6c, 0x65, 0x6d, 0x65, 0x6e, 0x74, 0x73, 0x22, 0x0a,
    0x20, 0x20, 0x22, 0x69, 0x6e, 0x74, 0x65, 0x72, 0x66, 0x61, 0x63, 0x65, 0x22, 0x0a, 0x20, 0x20,
    0x22, 0x6b, 0x65, 0x79, 0x6f, 0x66, 0x22, 0x0a, 0x20, 0x20, 0x22, 0x6e, 0x61, 0x6d, 0x65, 0x73,
    0x70, 0x61, 0x63, 0x65, 0x22, 0x0a, 0x20, 0x20, 0x22, 0x70, 0x72, 0x69, 0x76, 0x61, 0x74, 0x65,
    0x22, 0x0a, 0x20, 0x20, 0x22, 0x70, 0x72, 0x6f, 0x74, 0x65, 0x63, 0x74, 0x65, 0x64, 0x22, 0x0a,
    0x20, 0x20, 0x22, 0x70, 0x75, 0x62, 0x6c, 0x69, 0x63, 0x22, 0x0a, 0x20, 0x20, 0x22, 0x74, 0x79,
    0x70, 0x65, 0x22, 0x0a, 0x20, 0x20, 0x22, 0x72, 0x65, 0x61, 0x64, 0x6f, 0x6e, 0x6c, 0x79, 0x22,
    0x0a, 0x20, 0x20, 0x22, 0x6f, 0x76, 0x65, 0x72, 0x72, 0x69, 0x64, 0x65, 0x22, 0x0a, 0x20, 0x20,
    0x22, 0x73, 0x61, 0x74, 0x69, 0x73, 0x66, 0x69, 0x65, 0x73, 0x22, 0x0a, 0x5d, 0x20, 0x40, 0x6b,
    0x65, 0x79, 0x77, 0x6f, 0x72, 0x64, 0x0a,
};

static const unsigned char query_bash[] = {
    0x5b, 0x0a, 0x20, 0x20, 0x28, 0x73, 0x74, 0x72, 0x69, 0x6e, 0x67, 0x29, 0x0a, 0x20, 0x20, 0x28,
    0x72, 0x61, 0x77, 0x5f, 0x73, 0x74, 0x72, 0x69, 0x6e, 0x67, 0x29, 0x0a, 0x20, 0x20, 0x28, 0x68,
    0x65, 0x72, 0x65, 0x64, 0x6f, 0x63, 0x5f, 0x62, 0x6f, 0x64, 0x79, 0x29, 0x0a, 0x20, 0x20, 0x28,
    0x68, 0x65, 0x72, 0x65, 0x64, 0x6f, 0x63, 0x5f, 0x73, 0x74, 0x61, 0x72, 0x74, 0x29, 0x0a, 0x5d,
    0x20, 0x40, 0x73, 0x74, 0x72, 0x69, 0x6e, 0x67, 0x0a, 0x0a, 0x28, 0x63, 0x6f, 0x6d, 0x6d, 0x61,
    0x6e, 0x64, 0x5f, 0x6e, 0x61, 0x6d, 0x65, 0x29, 0x20, 0x40, 0x66, 0x75, 0x6e, 0x63, 0x74, 0x69,
    0x6f, 0x6e, 0x0a, 0x0a, 0x28, 0x76, 0x61, 0x72, 0x69, 0x61, 0x62, 0x6c, 0x65, 0x5f, 0x6e, 0x61,
    0x6d, 0x65, 0x29, 0x20, 0x40, 0x70, 0x72, 0x6f, 0x70, 0x65, 0x72, 0x74, 0x79, 0x0a, 0x0a, 0x5b,
    0x0a, 0x20, 0x20, 0x22, 0x63, 0x61, 0x73, 0x65, 0x22, 0x0a, 0x20, 0x20, 0x22, 0x64, 0x6f, 0x22,
    0x0a, 0x20, 0x20, 0x22, 0x64, 0x6f, 0x6e, 0x65, 0x22, 0x0a, 0x20, 0x20, 0x22, 0x65, 0x6c, 0x69,
    0x66, 0x22, 0x0a, 0x20, 0x20, 0x22, 0x65, 0x6c, 0x73, 0x65, 0x22, 0x0a, 0x20, 0x20, 0x22, 0x65,
    0x73, 0x61, 0x63, 0x22, 0x0a, 0x20, 0x20, 0x22, 0x65, 0x78, 0x70, 0x6f, 0x72, 0x74, 0x22, 0x0a,
    0x20, 0x20, 0x22, 0x66, 0x69, 0x22, 0x0a, 0x20, 0x20, 0x22, 0x66, 0x6f, 0x72, 0x22, 0x0a, 0x20,
    0x20, 0x22, 0x66, 0x75, 0x6e, 0x63, 0x74, 0x69, 0x6f, 0x6e, 0x22, 0x0a, 0x20, 0x20, 0x22, 0x69,
    0x66, 0x22, 0x0a, 0x20, 0x20, 0x22, 0x69, 0x6e, 0x22, 0x0a, 0x20, 0x20, 0x22, 0x73, 0x65, 0x6c,
    0x65, 0x63, 0x74, 0x22, 0x0a, 0x20, 0x20, 0x22, 0x74, 0x68, 0x65, 0x6e, 0x22, 0x0a, 0x20, 0x20,
    0x22, 0x75, 0x6e, 0x73, 0x65, 0x74, 0x22, 0x0a, 0x20, 0x20, 0x22, 0x75, 0x6e, 0x74, 0x69, 0x6c,
    0x22, 0x0a, 0x20, 0x20, 0x22, 0x77, 0x68, 0x69, 0x6c, 0x65, 0x22, 0x0a, 0x5d, 0x20, 0x40, 0x6b,
    0x65, 0x79, 0x77, 0x6f, 0x72, 0x64, 0x0a, 0x0a, 0x28, 0x63, 0x6f, 0x6d, 0x6d, 0x65, 0x6e, 0x74,
    0x29, 0x20, 0x40, 0x63, 0x6f, 0x6d, 0x6d, 0x65, 0x6e, 0x74, 0x0a, 0x0a, 0x28, 0x66, 0x75, 0x6e,
    0x63, 0x74, 0x69, 0x6f, 0x6e, 0x5f, 0x64, 0x65, 0x66, 0x69, 0x6e, 0x69, 0x74, 0x69, 0x6f, 0x6e,
    0x20, 0x6e, 0x61, 0x6d, 0x65, 0x3a, 0x20, 0x28, 0x77, 0x6f, 0x72, 0x64, 0x29, 0x20, 0x40, 0x66,
    0x75, 0x6e, 0x63, 0x74, 0x69, 0x6f, 0x6e, 0x29, 0x0a, 0x0a, 0x28, 0x66, 0x69, 0x6c, 0x65, 0x5f,
    0x64, 0x65, 0x73, 0x63, 0x72, 0x69, 0x70, 0x74, 0x6f, 0x72, 0x29, 0x20, 0x40, 0x6e, 0x75, 0x6d,
    0x62, 0x65, 0x72, 0x0a, 0x0a, 0x5b, 0x0a, 0x20, 0x20, 0x28, 0x63, 0x6f, 0x6d, 0x6d, 0x61, 0x6e,
    0x64, 0x5f, 0x73, 0x75, 0x62, 0x73, 0x74, 0x69, 0x74, 0x75, 0x74, 0x69, 0x6f, 0x6e, 0x29, 0x0a,
    0x20, 0x20, 0x28, 0x70, 0x72, 0x6f, 0x63, 0x65, 0x73, 0x73, 0x5f, 0x73, 0x75, 0x62, 0x73, 0x74,
    0x69, 0x74, 0x75, 0x74, 0x69, 0x6f, 0x6e, 0x29, 0x0a, 0x20, 0x20, 0x28, 0x65, 0x78, 0x70, 0x61,
    0x6e, 0x73, 0x69, 0x6f, 0x6e, 0x29, 0x0a, 0x5d, 0x40, 0x65, 0x6d, 0x62, 0x65, 0x64, 0x64, 0x65,
    0x64, 0x0a, 0x0a, 0x5b, 0x0a, 0x20, 0x20, 0x22, 0x24, 0x22, 0x0a, 0x20, 0x20, 0x22, 0x26, 0x26,
    0x22, 0x0a, 0x20, 0x20, 0x22, 0x3e, 0x22, 0x0a, 0x20, 0x20, 0x22, 0x3e, 0x3e, 0x22, 0x0a, 0x20,
    0x20, 0x22, 0x3c, 0x22, 0x0a, 0x20, 0x20, 0x22, 0x7c, 0x22, 0x0a, 0x5d, 0x20, 0x40, 0x6f, 0x70,
    0x65, 0x72, 0x61, 0x74, 0x6f, 0x72, 0x0a, 0x0a, 0x28, 0x0a, 0x20, 0x20, 0x28, 0x63, 0x6f, 0x6d,
    0x6d, 0x61, 0x6e, 0x64, 0x20, 0x28, 0x5f, 0x29, 0x20, 0x40, 0x63, 0x6f, 0x6e, 0x73, 0x74, 0x61,
    0x6e, 0x74, 0x29, 0x0a, 0x20, 0x20, 0x28, 0x23, 0x6d, 0x61, 0x74, 0x63, 0x68, 0x3f, 0x20, 0x40,
    0x63, 0x6f, 0x6e, 0x73, 0x74, 0x61, 0x6e, 0x74, 0x20, 0x22, 0x5e, 0x2d, 0x22, 0x29, 0x0a, 0x29,
    0x0a,
};

static const unsigned char query_json[] = {
    0x28, 0x70, 0x61, 0x69, 0x72, 0x0a, 0x20, 0x20, 0x6b, 0x65, 0x79, 0x3a, 0x20, 0x28, 0x5f, 0x29,
    0x20, 0x40, 0x73, 0x74, 0x72, 0x69, 0x6e, 0x67, 0x2e, 0x73, 0x70, 0x65, 0x63, 0x69, 0x61, 0x6c,
    0x2e, 0x6b, 0x65, 0x79, 0x29, 0x0a, 0x0a, 0x28, 0x73, 0x74, 0x72, 0x69, 0x6e, 0x67, 0x29, 0x20,
    0x40, 0x73, 0x74, 0x72, 0x69, 0x6e, 0x67, 0x0a, 0x0a, 0x28, 0x6e, 0x75, 0x6d, 0x62, 0x65, 0x72,
    0x29, 0x20, 0x40, 0x6e, 0x75, 0x6d, 0x62, 0x65, 0x72, 0x0a, 0x0a, 0x5b, 0x0a, 0x20, 0x20, 0x28,
    0x6e, 0x75, 0x6c, 0x6c, 0x29, 0x0a, 0x20, 0x20, 0x28, 0x74, 0x72, 0x75, 0x65, 0x29, 0x0a, 0x20,
    0x20, 0x28, 0x66, 0x61, 0x6c, 0x73, 0x65, 0x29, 0x0a, 0x5d, 0x20, 0x40, 0x63, 0x6f, 0x6e, 0x73,
    0x74, 0x61, 0x6e, 0x74, 0x2e, 0x62, 0x75, 0x69, 0x6c, 0x74, 0x69, 0x6e, 0x0a, 0x0a, 0x28, 0x65,
    0x73, 0x63, 0x61, 0x70, 0x65, 0x5f, 0x73, 0x65, 0x71, 0x75, 0x65, 0x6e, 0x63, 0x65, 0x29, 0x20,
    0x40, 0x65, 0x73, 0x63, 0x61, 0x70, 0x65, 0x0a, 0x0a, 0x28, 0x63, 0x6f, 0x6d, 0x6d, 0x65, 0x6e,
    0x74, 0x29, 0x20, 0x40, 0x63, 0x6f, 0x6d, 0x6d, 0x65, 0x6e, 0x74, 0x0a,
};

static const unsigned char query_toml[] = {
    0x3b, 0x20, 0x50, 0x72, 0x6f, 0x70, 0x65, 0x72, 0x74, 0x69, 0x65, 0x73, 0x0a, 0x3b, 0x2d, 0x2d,
    0x2d, 0x2d, 0x2d, 0x2d, 0x2d, 0x2d, 0x2d, 0x2d, 0x2d, 0x0a, 0x0a, 0x28, 0x62, 0x61, 0x72, 0x65,
    0x5f, 0x6b, 0x65, 0x79, 0x29, 0x20, 0x40, 0x74, 0x79, 0x70, 0x65, 0x0a, 0x0a, 0x28, 0x71, 0x75,
    0x6f, 0x74, 0x65, 0x64, 0x5f, 0x6b, 0x65, 0x79, 0x29, 0x20, 0x40, 0x73, 0x74, 0x72, 0x69, 0x6e,
    0x67, 0x0a, 0x0a, 0x28, 0x70, 0x61, 0x69, 0x72, 0x0a, 0x20, 0x20, 0x28, 0x62, 0x61, 0x72, 0x65,
    0x5f, 0x6b, 0x65, 0x79, 0x29, 0x29, 0x20, 0x40, 0x70, 0x72, 0x6f, 0x70, 0x65, 0x72, 0x74, 0x79,
    0x0a, 0x0a, 0x28, 0x70, 0x61, 0x69, 0x72, 0x0a, 0x20, 0x20, 0x28, 0x64, 0x6f, 0x74, 0x74, 0x65,
    0x64, 0x5f, 0x6b, 0x65, 0x79, 0x0a, 0x20, 0x20, 0x20, 0x20, 0x28, 0x62, 0x61, 0x72, 0x65, 0x5f,
    0x6b, 0x65, 0x79, 0x29, 0x20, 0x40, 0x70, 0x72, 0x6f, 0x70, 0x65, 0x72, 0x74, 0x79, 0x29, 0x29,
    0x0a, 0x0a, 0x3b, 0x20, 0x4c, 0x69, 0x74, 0x65, 0x72, 0x61, 0x6c, 0x73, 0x0a, 0x3b, 0x2d, 0x2d,
    0x2d, 0x2d, 0x2d, 0x2d, 0x2d, 0x2d, 0x2d, 0x0a, 0x0a, 0x28, 0x62, 0x6f, 0x6f, 0x6c, 0x65, 0x61,
    0x6e, 0x29, 0x20, 0x40, 0x62, 0x6f, 0x6f, 0x6c, 0x65, 0x61, 0x6e, 0x0a, 0x0a, 0x28, 0x63, 0x6f,
    0x6d, 0x6d, 0x65, 0x6e, 0x74, 0x29, 0x20, 0x40, 0x63, 0x6f, 0x6d, 0x6d, 0x65, 0x6e, 0x74, 0x0a,
    0x0a, 0x28, 0x73, 0x74, 0x72, 0x69, 0x6e, 0x67, 0x29, 0x20, 0x40, 0x73, 0x74, 0x72, 0x69, 0x6e,
    0x67, 0x0a, 0x0a, 0x5b, 0x0a, 0x20, 0x20, 0x28, 0x69, 0x6e, 0x74, 0x65, 0x67, 0x65, 0x72, 0x29,
    0x0a, 0x20, 0x20, 0x28, 0x66, 0x6c, 0x6f, 0x61, 0x74, 0x29, 0x0a, 0x5d, 0x20, 0x40, 0x6e, 0x75,
    0x6d, 0x62, 0x65, 0x72, 0x0a, 0x0a, 0x5b, 0x0a, 0x20, 0x20, 0x28, 0x6f, 0x66, 0x66, 0x73, 0x65,
    0x74, 0x5f, 0x64, 0x61, 0x74, 0x65, 0x5f, 0x74, 0x69, 0x6d, 0x65, 0x29, 0x0a, 0x20, 0x20, 0x28,
    0x6c, 0x6f, 0x63, 0x61, 0x6c, 0x5f, 0x64, 0x61, 0x74, 0x65, 0x5f, 0x74, 0x69, 0x6d, 0x65, 0x29,
    0x0a, 0x20, 0x20, 0x28, 0x6c, 0x6f, 0x63, 0x61, 0x6c, 0x5f, 0x64, 0x61, 0x74, 0x65, 0x29, 0x0a,
    0x20, 0x20, 0x28, 0x6c, 0x6f, 0x63, 0x61, 0x6c, 0x5f, 0x74, 0x69, 0x6d, 0x65, 0x29, 0x0a, 0x5d,
    0x20, 0x40, 0x73, 0x74, 0x72, 0x69, 0x6e, 0x67, 0x2e, 0x73, 0x70, 0x65, 0x63, 0x69, 0x61, 0x6c,
    0x0a, 0x0a, 0x3b, 0x20, 0x50, 0x75, 0x6e, 0x63, 0x74, 0x75, 0x61, 0x74, 0x69, 0x6f, 0x6e, 0x0a,
    0x3b, 0x2d, 0x2d, 0x2d, 0x2d, 0x2d, 0x2d, 0x2d, 0x2d, 0x2d, 0x2d, 0x2d, 0x2d, 0x0a, 0x0a, 0x5b,
    0x0a, 0x20, 0x20, 0x22, 0x2e, 0x22, 0x0a, 0x20, 0x20, 0x22, 0x2c, 0x22, 0x0a, 0x5d, 0x20, 0x40,
    0x70, 0x75, 0x6e, 0x63, 0x74, 0x75, 0x61, 0x74, 0x69, 0x6f, 0x6e, 0x2e, 0x64, 0x65, 0x6c, 0x69,
    0x6d, 0x69, 0x74, 0x65, 0x72, 0x0a, 0x0a, 0x22, 0x3d, 0x22, 0x20, 0x40, 0x6f, 0x70, 0x65, 0x72,
    0x61, 0x74, 0x6f, 0x72, 0x0a, 0x0a, 0x5b, 0x0a, 0x20, 0x20, 0x22, 0x5b, 0x22, 0x0a, 0x20, 0x20,
    0x22, 0x5d, 0x22, 0x0a, 0x20, 0x20, 0x22, 0x5b, 0x5b, 0x22, 0x0a, 0x20, 0x20, 0x22, 0x5d, 0x5d,
    0x22, 0x0a, 0x20, 0x20, 0x22, 0x7b, 0x22, 0x0a, 0x20, 0x20, 0x22, 0x7d, 0x22, 0x0a, 0x5d, 0x20,
    0x40, 0x70, 0x75, 0x6e, 0x63, 0x74, 0x75, 0x61, 0x74, 0x69, 0x6f, 0x6e, 0x2e, 0x62, 0x72, 0x61,
    0x63, 0x6b, 0x65, 0x74, 0x0a,
};

static const unsigned char query_yaml[] = {
    0x28, 0x62, 0x6f, 0x6f, 0x6c, 0x65, 0x61, 0x6e, 0x5f, 0x73, 0x63, 0x61, 0x6c, 0x61, 0x72, 0x29,
    0x20, 0x40, 0x62, 0x6f, 0x6f, 0x6c, 0x65, 0x61, 0x6e, 0x0a, 0x0a, 0x28, 0x6e, 0x75, 0x6c, 0x6c,
    0x5f, 0x73, 0x63, 0x61, 0x6c, 0x61, 0x72, 0x29, 0x20, 0x40, 0x63, 0x6f, 0x6e, 0x73, 0x74, 0x61,
    0x6e, 0x74, 0x2e, 0x62, 0x75, 0x69, 0x6c, 0x74, 0x69, 0x6e, 0x0a, 0x0a, 0x5b, 0x0a, 0x20, 0x20,
    0x28, 0x64, 0x6f, 0x75, 0x62, 0x6c, 0x65, 0x5f, 0x71, 0x75, 0x6f, 0x74, 0x65, 0x5f, 0x73, 0x63,
    0x61, 0x6c, 0x61, 0x72, 0x29, 0x0a, 0x20, 0x20, 0x28, 0x73, 0x69, 0x6e, 0x67, 0x6c, 0x65, 0x5f,
    0x71, 0x75, 0x6f, 0x74, 0x65, 0x5f, 0x73, 0x63, 0x61, 0x6c, 0x61, 0x72, 0x29, 0x0a, 0x20, 0x20,
    0x28, 0x62, 0x6c, 0x6f, 0x63, 0x6b, 0x5f, 0x73, 0x63, 0x61, 0x6c, 0x61, 0x72, 0x29, 0x0a, 0x20,
    0x20, 0x28, 0x73, 0x74, 0x72, 0x69, 0x6e, 0x67, 0x5f, 0x73, 0x63, 0x61, 0x6c, 0x61, 0x72, 0x29,
    0x0a, 0x5d, 0x20, 0x40, 0x73, 0x74, 0x72, 0x69, 0x6e, 0x67, 0x0a, 0x0a, 0x5b, 0x0a, 0x20, 0x20,
    0x28, 0x69, 0x6e, 0x74, 0x65, 0x67, 0x65, 0x72, 0x5f, 0x73, 0x63, 0x61, 0x6c, 0x61, 0x72, 0x29,
    0x0a, 0x20, 0x20, 0x28, 0x66, 0x6c, 0x6f, 0x61, 0x74, 0x5f, 0x73, 0x63, 0x61, 0x6c, 0x61, 0x72,
    0x29, 0x0a, 0x5d, 0x20, 0x40, 0x6e, 0x75, 0x6d, 0x62, 0x65, 0x72, 0x0a, 0x0a, 0x28, 0x63, 0x6f,
    0x6d, 0x6d, 0x65, 0x6e, 0x74, 0x29, 0x20, 0x40, 0x63, 0x6f, 0x6d, 0x6d, 0x65, 0x6e, 0x74, 0x0a,
    0x0a, 0x5b, 0x0a, 0x20, 0x20, 0x28, 0x61, 0x6e, 0x63, 0x68, 0x6f, 0x72, 0x5f, 0x6e, 0x61, 0x6d,
    0x65, 0x29, 0x0a, 0x20, 0x20, 0x28, 0x61, 0x6c, 0x69, 0x61, 0x73, 0x5f, 0x6e, 0x61, 0x6d, 0x65,
    0x29, 0x0a, 0x5d, 0x20, 0x40, 0x6c, 0x61, 0x62, 0x65, 0x6c, 0x0a, 0x0a, 0x28, 0x74, 0x61, 0x67,
    0x29, 0x20, 0x40, 0x74, 0x79, 0x70, 0x65, 0x0a, 0x0a, 0x5b, 0x0a, 0x20, 0x20, 0x28, 0x79, 0x61,
    0x6d, 0x6c, 0x5f, 0x64, 0x69, 0x72, 0x65, 0x63, 0x74, 0x69, 0x76, 0x65, 0x29, 0x0a, 0x20, 0x20,
    0x28, 0x74, 0x61, 0x67, 0x5f, 0x64, 0x69, 0x72, 0x65, 0x63, 0x74, 0x69, 0x76, 0x65, 0x29, 0x0a,
    0x20, 0x20, 0x28, 0x72, 0x65, 0x73, 0x65, 0x72, 0x76, 0x65, 0x64, 0x5f, 0x64, 0x69, 0x72, 0x65,
    0x63, 0x74, 0x69, 0x76, 0x65, 0x29, 0x0a, 0x5d, 0x20, 0x40, 0x61, 0x74, 0x74, 0x72, 0x69, 0x62,
    0x75, 0x74, 0x65, 0x0a, 0x0a, 0x28, 0x62, 0x6c, 0x6f, 0x63, 0x6b, 0x5f, 0x6d, 0x61, 0x70, 0x70,
    0x69, 0x6e, 0x67, 0x5f, 0x70, 0x61, 0x69, 0x72, 0x0a, 0x20, 0x20, 0x6b, 0x65, 0x79, 0x3a, 0x20,
    0x28, 0x66, 0x6c, 0x6f, 0x77, 0x5f, 0x6e, 0x6f, 0x64, 0x65, 0x0a, 0x20, 0x20, 0x20, 0x20, 0x5b,
    0x0a, 0x20, 0x20, 0x20, 0x20, 0x20, 0x20, 0x28, 0x64, 0x6f, 0x75, 0x62, 0x6c, 0x65, 0x5f, 0x71,
    0x75, 0x6f, 0x74, 0x65, 0x5f, 0x73, 0x63, 0x61, 0x6c, 0x61, 0x72, 0x29, 0x0a, 0x20, 0x20, 0x20,
    0x20, 0x20, 0x20, 0x28, 0x73, 0x69, 0x6e, 0x67, 0x6c, 0x65, 0x5f, 0x71, 0x75, 0x6f, 0x74, 0x65,
    0x5f, 0x73, 0x63, 0x61, 0x6c, 0x61, 0x72, 0x29, 0x0a, 0x20, 0x20, 0x20, 0x20, 0x5d, 0x20, 0x40,
    0x70, 0x72, 0x6f, 0x70, 0x65, 0x72, 0x74, 0x79, 0x29, 0x29, 0x0a, 0x0a, 0x28, 0x62, 0x6c, 0x6f,
    0x63, 0x6b, 0x5f, 0x6d, 0x61, 0x70, 0x70, 0x69, 0x6e, 0x67, 0x5f, 0x70, 0x61, 0x69, 0x72, 0x0a,
    0x20, 0x20, 0x6b, 0x65, 0x79, 0x3a, 0x20, 0x28, 0x66, 0x6c, 0x6f, 0x77, 0x5f, 0x6e, 0x6f, 0x64,
    0x65, 0x0a, 0x20, 0x20, 0x20, 0x20, 0x28, 0x70, 0x6c, 0x61, 0x69, 0x6e, 0x5f, 0x73, 0x63, 0x61,
    0x6c, 0x61, 0x72, 0x0a, 0x20, 0x20, 0x20, 0x20, 0x20, 0x20, 0x28, 0x73, 0x74, 0x72, 0x69, 0x6e,
    0x67, 0x5f, 0x73, 0x63, 0x61, 0x6c, 0x61, 0x72, 0x29, 0x20, 0x40, 0x70, 0x72, 0x6f, 0x70, 0x65,
    0x72, 0x74, 0x79, 0x29, 0x29, 0x29, 0x0a, 0x0a, 0x28, 0x66, 0x6c, 0x6f, 0x77, 0x5f, 0x6d, 0x61,
    0x70, 0x70, 0x69, 0x6e, 0x67, 0x0a, 0x20, 0x20, 0x28, 0x5f, 0x0a, 0x20, 0x20, 0x20, 0x20, 0x6b,
    0x65, 0x79, 0x3a, 0x20, 0x28, 0x66, 0x6c, 0x6f, 0x77, 0x5f, 0x6e, 0x6f, 0x64, 0x65, 0x0a, 0x20,
    0x20, 0x20, 0x20, 0x20, 0x20, 0x5b, 0x0a, 0x20, 0x20, 0x20, 0x20, 0x20, 0x20, 0x20, 0x20, 0x28,
    0x64, 0x6f, 0x75, 0x62, 0x6c, 0x65, 0x5f, 0x71, 0x75, 0x6f, 0x74, 0x65, 0x5f, 0x73, 0x63, 0x61,
    0x6c, 0x61, 0x72, 0x29, 0x0a, 0x20, 0x20, 0x20, 0x20, 0x20, 0x20, 0x20, 0x20, 0x28, 0x73, 0x69,
    0x6e, 0x67, 0x6c, 0x65, 0x5f, 0x71, 0x75, 0x6f, 0x74, 0x65, 0x5f, 0x73, 0x63, 0x61, 0x6c, 0x61,
    0x72, 0x29, 0x0a, 0x20, 0x20, 0x20, 0x20, 0x20, 0x20, 0x5d, 0x20, 0x40, 0x70, 0x72, 0x6f, 0x70,
    0x65, 0x72, 0x74, 0x79, 0x29, 0x29, 0x29, 0x0a, 0x0a, 0x28, 0x66, 0x6c, 0x6f, 0x77, 0x5f, 0x6d,
    0x61, 0x70, 0x70, 0x69, 0x6e, 0x67, 0x0a, 0x20, 0x20, 0x28, 0x5f, 0x0a, 0x20, 0x20, 0x20, 0x20,
    0x6b, 0x65, 0x79, 0x3a, 0x20, 0x28, 0x66, 0x6c, 0x6f, 0x77, 0x5f, 0x6e, 0x6f, 0x64, 0x65, 0x0a,
    0x20, 0x20, 0x20, 0x20, 0x20, 0x20, 0x28, 0x70, 0x6c, 0x61, 0x69, 0x6e, 0x5f, 0x73, 0x63, 0x61,
    0x6c, 0x61, 0x72, 0x0a, 0x20, 0x20, 0x20, 0x20, 0x20, 0x20, 0x20, 0x20, 0x28, 0x73, 0x74, 0x72,
    0x69, 0x6e, 0x67, 0x5f, 0x73, 0x63, 0x61, 0x6c, 0x61, 0x72, 0x29, 0x20, 0x40, 0x70, 0x72, 0x6f,
    0x70, 0x65, 0x72, 0x74, 0x79, 0x29, 0x29, 0x29, 0x29, 0x0a, 0x0a, 0x5b, 0x0a, 0x20, 0x20, 0x22,
    0x2c, 0x22, 0x0a, 0x20, 0x20, 0x22, 0x2d, 0x22, 0x0a, 0x20, 0x20, 0x22, 0x3a, 0x22, 0x0a, 0x20,
    0x20, 0x22, 0x3e, 0x22, 0x0a, 0x20, 0x20, 0x22, 0x3f, 0x22, 0x0a, 0x20, 0x20, 0x22, 0x7c, 0x22,
    0x0a, 0x5d, 0x20, 0x40, 0x70, 0x75, 0x6e, 0x63, 0x74, 0x75, 0x61, 0x74, 0x69, 0x6f, 0x6e, 0x2e,
    0x64, 0x65, 0x6c, 0x69, 0x6d, 0x69, 0x74, 0x65, 0x72, 0x0a, 0x0a, 0x5b, 0x0a, 0x20, 0x20, 0x22,
    0x5b, 0x22, 0x0a, 0x20, 0x20, 0x22, 0x5d, 0x22, 0x0a, 0x20, 0x20, 0x22, 0x7b, 0x22, 0x0a, 0x20,
    0x20, 0x22, 0x7d, 0x22, 0x0a, 0x5d, 0x20, 0x40, 0x70, 0x75, 0x6e, 0x63, 0x74, 0x75, 0x61, 0x74,
    0x69, 0x6f, 0x6e, 0x2e, 0x62, 0x72, 0x61, 0x63, 0x6b, 0x65, 0x74, 0x0a, 0x0a, 0x5b, 0x0a, 0x20,
    0x20, 0x22, 0x2a, 0x22, 0x0a, 0x20, 0x20, 0x22, 0x26, 0x22, 0x0a, 0x20, 0x20, 0x22, 0x2d, 0x2d,
    0x2d, 0x22, 0x0a, 0x20, 0x20, 0x22, 0x2e, 0x2e, 0x2e, 0x22, 0x0a, 0x5d, 0x20, 0x40, 0x70, 0x75,
    0x6e, 0x63, 0x74, 0x75, 0x61, 0x74, 0x69, 0x6f, 0x6e, 0x2e, 0x73, 0x70, 0x65, 0x63, 0x69, 0x61,
    0x6c, 0x0a,
};

static const unsigned char query_csharp[] = {
    0x28, 0x69, 0x64, 0x65, 0x6e, 0x74, 0x69, 0x66, 0x69, 0x65, 0x72, 0x29, 0x20, 0x40, 0x76, 0x61,
    0x72, 0x69, 0x61, 0x62, 0x6c, 0x65, 0x0a, 0x0a, 0x3b, 0x3b, 0x20, 0x4d, 0x65, 0x74, 0x68, 0x6f,
    0x64, 0x73, 0x0a, 0x0a, 0x28, 0x6d, 0x65, 0x74, 0x68, 0x6f, 0x64, 0x5f, 0x64, 0x65, 0x63, 0x6c,
    0x61, 0x72, 0x61, 0x74, 0x69, 0x6f, 0x6e, 0x20, 0x6e, 0x61, 0x6d, 0x65, 0x3a, 0x20, 0x28, 0x69,
    0x64, 0x65, 0x6e, 0x74, 0x69, 0x66, 0x69, 0x65, 0x72, 0x29, 0x20, 0x40, 0x66, 0x75, 0x6e, 0x63,
    0x74, 0x69, 0x6f, 0x6e, 0x29, 0x0a, 0x28, 0x6c, 0x6f, 0x63, 0x61, 0x6c, 0x5f, 0x66, 0x75, 0x6e,
    0x63, 0x74, 0x69, 0x6f, 0x6e, 0x5f, 0x73, 0x74, 0x61, 0x74, 0x65, 0x6d, 0x65, 0x6e, 0x74, 0x20,
    0x6e, 0x61, 0x6d, 0x65, 0x3a, 0x20, 0x28, 0x69, 0x64, 0x65, 0x6e, 0x74, 0x69, 0x66, 0x69, 0x65,
    0x72, 0x29, 0x20, 0x40, 0x66, 0x75, 0x6e, 0x63, 0x74, 0x69, 0x6f, 0x6e, 0x29, 0x0a, 0x0a, 0x3b,
    0x3b, 0x20, 0x54, 0x79, 0x70, 0x65, 0x73, 0x0a, 0x0a, 0x28, 0x69, 0x6e, 0x74, 0x65, 0x72, 0x66,
    0x61, 0x63, 0x65, 0x5f, 0x64, 0x65, 0x63, 0x6c, 0x61, 0x72, 0x61, 0x74, 0x69, 0x6f, 0x6e, 0x20,
    0x6e, 0x61, 0x6d, 0x65, 0x3a, 0x20, 0x28, 0x69, 0x64, 0x65, 0x6e, 0x74, 0x69, 0x66, 0x69, 0x65,
    0x72, 0x29, 0x20, 0x40, 0x74, 0x79, 0x70, 0x65, 0x29, 0x0a, 0x28, 0x63, 0x6c, 0x61, 0x73, 0x73,
    0x5f, 0x64, 0x65, 0x63, 0x6c, 0x61, 0x72, 0x61, 0x74, 0x69, 0x6f, 0x6e, 0x20, 0x6e, 0x61, 0x6d,
    0x65, 0x3a, 0x20, 0x28, 0x69, 0x64, 0x65, 0x6e, 0x74, 0x69, 0x66, 0x69, 0x65, 0x72, 0x29, 0x20,
    0x40, 0x74, 0x79, 0x70, 0x65, 0x29, 0x0a, 0x28, 0x65, 0x6e, 0x75, 0x6d, 0x5f, 0x64, 0x65, 0x63,
    0x6c, 0x61, 0x72, 0x61, 0x74, 0x69, 0x6f, 0x6e, 0x20, 0x6e, 0x61, 0x6d, 0x65, 0x3a, 0x20, 0x28,
    0x69, 0x64, 0x65, 0x6e, 0x74, 0x69, 0x66, 0x69, 0x65, 0x72, 0x29, 0x20, 0x40, 0x74, 0x79, 0x70,
    0x65, 0x29, 0x0a, 0x28, 0x73, 0x74, 0x72, 0x75, 0x63, 0x74, 0x5f, 0x64, 0x65, 0x63, 0x6c, 0x61,
    0x72, 0x61, 0x74, 0x69, 0x6f, 0x6e, 0x20, 0x28, 0x69, 0x64, 0x65, 0x6e, 0x74, 0x69, 0x66, 0x69,
    0x65, 0x72, 0x29, 0x20, 0x40, 0x74, 0x79, 0x70, 0x65, 0x29, 0x0a, 0x28, 0x72, 0x65, 0x63, 0x6f,
    0x72, 0x64, 0x5f, 0x64, 0x65, 0x63, 0x6c, 0x61, 0x72, 0x61, 0x74, 0x69, 0x6f, 0x6e, 0x20, 0x28,
    0x69, 0x64, 0x65, 0x6e, 0x74, 0x69, 0x66, 0x69, 0x65, 0x72, 0x29, 0x20, 0x40, 0x74, 0x79, 0x70,
    0x65, 0x29, 0x0a, 0x28, 0x6e, 0x61, 0x6d, 0x65, 0x73, 0x70, 0x61, 0x63, 0x65, 0x5f, 0x64, 0x65,
    0x63, 0x6c, 0x61, 0x72, 0x61, 0x74, 0x69, 0x6f, 0x6e, 0x20, 0x6e, 0x61, 0x6d, 0x65, 0x3a, 0x20,
    0x28, 0x69, 0x64, 0x65, 0x6e, 0x74, 0x69, 0x66, 0x69, 0x65, 0x72, 0x29, 0x20, 0x40, 0x6d, 0x6f,
    0x64, 0x75, 0x6c, 0x65, 0x29, 0x0a, 0x0a, 0x28, 0x67, 0x65, 0x6e, 0x65, 0x72, 0x69, 0x63, 0x5f,
    0x6e, 0x61, 0x6d, 0x65, 0x20, 0x28, 0x69, 0x64, 0x65, 0x6e, 0x74, 0x69, 0x66, 0x69, 0x65, 0x72,
    0x29, 0x20, 0x40, 0x74, 0x79, 0x70, 0x65, 0x29, 0x0a, 0x28, 0x74, 0x79, 0x70, 0x65, 0x5f, 0x70,
    0x61, 0x72, 0x61, 0x6d, 0x65, 0x74, 0x65, 0x72, 0x20, 0x28, 0x69, 0x64, 0x65, 0x6e, 0x74, 0x69,
    0x66, 0x69, 0x65, 0x72, 0x29, 0x20, 0x40, 0x70, 0x72, 0x6f, 0x70, 0x65, 0x72, 0x74, 0x79, 0x2e,
    0x64, 0x65, 0x66, 0x69, 0x6e, 0x69, 0x74, 0x69, 0x6f, 0x6e, 0x29, 0x0a, 0x28, 0x70, 0x61, 0x72,
    0x61, 0x6d, 0x65, 0x74, 0x65, 0x72, 0x20, 0x74, 0x79, 0x70, 0x65, 0x3a, 0x20, 0x28, 0x69, 0x64,
    0x65, 0x6e, 0x74, 0x69, 0x66, 0x69, 0x65, 0x72, 0x29, 0x20, 0x40, 0x74, 0x79, 0x70, 0x65, 0x29,
    0x0a, 0x28, 0x74, 0x79, 0x70, 0x65, 0x5f, 0x61, 0x72, 0x67, 0x75, 0x6d, 0x65, 0x6e, 0x74, 0x5f,
    0x6c, 0x69, 0x73, 0x74, 0x20, 0x28, 0x69, 0x64, 0x65, 0x6e, 0x74, 0x69, 0x66, 0x69, 0x65, 0x72,
    0x29, 0x20, 0x40, 0x74, 0x79, 0x70, 0x65, 0x29, 0x0a, 0x28, 0x61, 0x73, 0x5f, 0x65, 0x78, 0x70,
    0x72, 0x65, 0x73, 0x73, 0x69, 0x6f, 0x6e, 0x20, 0x72, 0x69, 0x67, 0x68, 0x74, 0x3a, 0x20, 0x28,
    0x69, 0x64, 0x65, 0x6e, 0x74, 0x69, 0x66, 0x69, 0x65, 0x72, 0x29, 0x20, 0x40, 0x74, 0x79, 0x70,
    0x65, 0x29, 0x0a, 0x28, 0x69, 0x73, 0x5f, 0x65, 0x78, 0x70, 0x72, 0x65, 0x73, 0x73, 0x69, 0x6f,
    0x6e, 0x20, 0x72, 0x69, 0x67, 0x68, 0x74, 0x3a, 0x20, 0x28, 0x69, 0x64, 0x65, 0x6e, 0x74, 0x69,
    0x66, 0x69, 0x65, 0x72, 0x29, 0x20, 0x40, 0x74, 0x79, 0x70, 0x65, 0x29, 0x0a, 0x0a, 0x28, 0x63,
    0x6f, 0x6e, 0x73, 0x74, 0x72, 0x75, 0x63, 0x74, 0x6f, 0x72, 0x5f, 0x64, 0x65, 0x63, 0x6c, 0x61,
    0x72, 0x61, 0x74, 0x69, 0x6f, 0x6e, 0x20, 0x6e, 0x61, 0x6d, 0x65, 0x3a, 0x20, 0x28, 0x69, 0x64,
    0x65, 0x6e, 0x74, 0x69, 0x66, 0x69, 0x65, 0x72, 0x29, 0x20, 0x40, 0x63, 0x6f, 0x6e, 0x73, 0x74,
    0x72, 0x75, 0x63, 0x74, 0x6f, 0x72, 0x29, 0x0a, 0x28, 0x64, 0x65, 0x73, 0x74, 0x72, 0x75, 0x63,
    0x74, 0x6f, 0x72, 0x5f, 0x64, 0x65, 0x63, 0x6c, 0x61, 0x72, 0x61, 0x74, 0x69, 0x6f, 0x6e, 0x20,
    0x6e, 0x61, 0x6d, 0x65, 0x3a, 0x20, 0x28, 0x69, 0x64, 0x65, 0x6e, 0x74, 0x69, 0x66, 0x69, 0x65,
    0x72, 0x29, 0x20, 0x40, 0x63, 0x6f, 0x6e, 0x73, 0x74, 0x72, 0x75, 0x63, 0x74, 0x6f, 0x72, 0x29,
    0x0a, 0x0a, 0x28, 0x5f, 0x20, 0x74, 0x79, 0x70, 0x65, 0x3a, 0x20, 0x28, 0x69, 0x64, 0x65, 0x6e,
    0x74, 0x69, 0x66, 0x69, 0x65, 0x72, 0x29, 0x20, 0x40, 0x74, 0x79, 0x70, 0x65, 0x29, 0x0a, 0x0a,
    0x28, 0x62, 0x61, 0x73, 0x65, 0x5f, 0x6c, 0x69, 0x73, 0x74, 0x20, 0x28, 0x69, 0x64, 0x65, 0x6e,
    0x74, 0x69, 0x66, 0x69, 0x65, 0x72, 0x29, 0x20, 0x40, 0x74, 0x79, 0x70, 0x65, 0x29, 0x0a, 0x0a,
    0x28, 0x70, 0x72, 0x65, 0x64, 0x65, 0x66, 0x69, 0x6e, 0x65, 0x64, 0x5f, 0x74, 0x79, 0x70, 0x65,
    0x29, 0x20, 0x40, 0x74, 0x79, 0x70, 0x65, 0x2e, 0x62, 0x75, 0x69, 0x6c, 0x74, 0x69, 0x6e, 0x0a,
    0x0a, 0x3b, 0x3b, 0x20, 0x45, 0x6e, 0x75, 0x6d, 0x0a, 0x28, 0x65, 0x6e, 0x75, 0x6d, 0x5f, 0x6d,
    0x65, 0x6d, 0x62, 0x65, 0x72, 0x5f, 0x64, 0x65, 0x63, 0x6c, 0x61, 0x72, 0x61, 0x74, 0x69, 0x6f,
    0x6e, 0x20, 0x28, 0x69, 0x64, 0x65, 0x6e, 0x74, 0x69, 0x66, 0x69, 0x65, 0x72, 0x29, 0x20, 0x40,
    0x70, 0x72, 0x6f, 0x70, 0x65, 0x72, 0x74, 0x79, 0x2e, 0x64, 0x65, 0x66, 0x69, 0x6e, 0x69, 0x74,
    0x69, 0x6f, 0x6e, 0x29, 0x0a, 0x0a, 0x3b, 0x3b, 0x20, 0x4c, 0x69, 0x74, 0x65, 0x72, 0x61, 0x6c,
    0x73, 0x0a, 0x0a, 0x5b, 0x0a, 0x20, 0x20, 0x28, 0x72, 0x65, 0x61, 0x6c, 0x5f, 0x6c, 0x69, 0x74,
    0x65, 0x72, 0x61, 0x6c, 0x29, 0x0a, 0x20, 0x20, 0x28, 0x69, 0x6e, 0x74, 0x65, 0x67, 0x65, 0x72,
    0x5f, 0x6c, 0x69, 0x74, 0x65, 0x72, 0x61, 0x6c, 0x29, 0x0a, 0x5d, 0x20, 0x40, 0x6e, 0x75, 0x6d,
    0x62, 0x65, 0x72, 0x0a, 0x0a, 0x5b, 0x0a, 0x20, 0x20, 0x28, 0x63, 0x68, 0x61, 0x72, 0x61, 0x63,
    0x74, 0x65, 0x72, 0x5f, 0x6c, 0x69, 0x74, 0x65, 0x72, 0x61, 0x6c, 0x29, 0x0a, 0x20, 0x20, 0x28,
    0x73, 0x74, 0x72, 0x69, 0x6e, 0x67, 0x5f, 0x6c, 0x69, 0x74, 0x65, 0x72, 0x61, 0x6c, 0x29, 0x0a,
    0x20, 0x20, 0x28, 0x72, 0x61, 0x77, 0x5f, 0x73, 0x74, 0x72, 0x69, 0x6e, 0x67, 0x5f, 0x6c, 0x69,
    0x74, 0x65, 0x72, 0x61, 0x6c, 0x29, 0x0a, 0x20, 0x20, 0x28, 0x76, 0x65, 0x72, 0x62, 0x61, 0x74,
    0x69, 0x6d, 0x5f, 0x73, 0x74, 0x72, 0x69, 0x6e, 0x67, 0x5f, 0x6c, 0x69, 0x74, 0x65, 0x72, 0x61,
    0x6c, 0x29, 0x0a, 0x20, 0x20, 0x28, 0x69, 0x6e, 0x74, 0x65, 0x72, 0x70, 0x6f, 0x6c, 0x61, 0x74,
    0x65, 0x64, 0x5f, 0x73, 0x74, 0x72, 0x69, 0x6e, 0x67, 0x5f, 0x65, 0x78, 0x70, 0x72, 0x65, 0x73,
    0x73, 0x69, 0x6f, 0x6e, 0x29, 0x0a, 0x20, 0x20, 0x28, 0x69, 0x6e, 0x74, 0x65, 0x72, 0x70, 0x6f,
    0x6c, 0x61, 0x74, 0x69, 0x6f, 0x6e, 0x5f, 0x73, 0x74, 0x61, 0x72, 0x74, 0x29, 0x0a, 0x20, 0x20,
    0x28, 0x69, 0x6e, 0x74, 0x65, 0x72, 0x70, 0x6f, 0x6c, 0x61, 0x74, 0x69, 0x6f, 0x6e, 0x5f, 0x71,
    0x75, 0x6f, 0x74, 0x65, 0x29, 0x0a, 0x20, 0x5d, 0x20, 0x40, 0x73, 0x74, 0x72, 0x69, 0x6e, 0x67,
    0x0a, 0x0a, 0x28, 0x65, 0x73, 0x63, 0x61, 0x70, 0x65, 0x5f, 0x73, 0x65, 0x71, 0x75, 0x65, 0x6e,
    0x63, 0x65, 0x29, 0x20, 0x40, 0x73, 0x74, 0x72, 0x69, 0x6e, 0x67, 0x2e, 0x65, 0x73, 0x63, 0x61,
    0x70, 0x65, 0x0a, 0x0a, 0x5b, 0x0a, 0x20, 0x20, 0x28, 0x62, 0x6f, 0x6f, 0x6c, 0x65, 0x61, 0x6e,
    0x5f, 0x6c, 0x69, 0x74, 0x65, 0x72, 0x61, 0x6c, 0x29, 0x0a, 0x20, 0x20, 0x28, 0x6e, 0x75, 0x6c,
    0x6c, 0x5f, 0x6c, 0x69, 0x74, 0x65, 0x72, 0x61, 0x6c, 0x29, 0x0a, 0x5d, 0x20, 0x40, 0x63, 0x6f,
    0x6e, 0x73, 0x74, 0x61, 0x6e, 0x74, 0x2e, 0x62, 0x75, 0x69, 0x6c, 0x74, 0x69, 0x6e, 0x0a, 0x0a,
    0x3b, 0x3b, 0x20, 0x43, 0x6f, 0x6d, 0x6d, 0x65, 0x6e, 0x74, 0x73, 0x0a, 0x0a, 0x28, 0x63, 0x6f,
    0x6d, 0x6d, 0x65, 0x6e, 0x74, 0x29, 0x20, 0x40, 0x63, 0x6f, 0x6d, 0x6d, 0x65, 0x6e, 0x74, 0x0a,
    0x0a, 0x3b, 0x3b, 0x20, 0x54, 0x6f, 0x6b, 0x65, 0x6e, 0x73, 0x0a, 0x0a, 0x5b, 0x0a, 0x20, 0x20,
    0x22, 0x3b, 0x22, 0x0a, 0x20, 0x20, 0x22, 0x2e, 0x22, 0x0a, 0x20, 0x20, 0x22, 0x2c, 0x22, 0x0a,
    0x5d, 0x20, 0x40, 0x70, 0x75, 0x6e, 0x63, 0x74, 0x75, 0x61, 0x74, 0x69, 0x6f, 0x6e, 0x2e, 0x64,
    0x65, 0x6c, 0x69, 0x6d, 0x69, 0x74, 0x65, 0x72, 0x0a, 0x0a, 0x5b, 0x0a, 0x20, 0x20, 0x22, 0x2d,
    0x2d, 0x22, 0x0a, 0x20, 0x20, 0x22, 0x2d, 0x22, 0x0a, 0x20, 0x20, 0x22, 0x2d, 0x3d, 0x22, 0x0a,
    0x20, 0x20, 0x22, 0x26, 0x22, 0x0a, 0x20, 0x20, 0x22, 0x26, 0x3d, 0x22, 0x0a, 0x20, 0x20, 0x22,
    0x26, 0x26, 0x22, 0x0a, 0x20, 0x20, 0x22, 0x2b, 0x22, 0x0a, 0x20, 0x20, 0x22, 0x2b, 0x2b, 0x22,
    0x0a, 0x20, 0x20, 0x22, 0x2b, 0x3d, 0x22, 0x0a, 0x20, 0x20, 0x22, 0x3c, 0x22, 0x0a, 0x20, 0x20,
    0x22, 0x3c, 0x3d, 0x22, 0x0a, 0x20, 0x20, 0x22, 0x3c, 0x3c, 0x22, 0x0a, 0x20, 0x20, 0x22, 0x3c,
    0x3c, 0x3d, 0x22, 0x0a, 0x20, 0x20, 0x22, 0x3d, 0x22, 0x0a, 0x20, 0x20, 0x22, 0x3d, 0x3d, 0x22,
    0x0a, 0x20, 0x20, 0x22, 0x21, 0x22, 0x0a, 0x20, 0x20, 0x22, 0x21, 0x3d, 0x22, 0x0a, 0x20, 0x20,
    0x22, 0x3d, 0x3e, 0x22, 0x0a, 0x20, 0x20, 0x22, 0x3e, 0x22, 0x0a, 0x20, 0x20, 0x22, 0x3e, 0x3d,
    0x22, 0x0a, 0x20, 0x20, 0x22, 0x3e, 0x3e, 0x22, 0x0a, 0x20, 0x20, 0x22, 0x3e, 0x3e, 0x3d, 0x22,
    0x0a, 0x20, 0x20, 0x22, 0x3e, 0x3e, 0x3e, 0x22, 0x0a, 0x20, 0x20, 0x22, 0x3e, 0x3e, 0x3e, 0x3d,
    0x22, 0x0a, 0x20, 0x20, 0x22, 0x7c, 0x22, 0x0a, 0x20, 0x20, 0x22, 0x7c, 0x3d, 0x22, 0x0a, 0x20,
    0x20, 0x22, 0x7c, 0x7c, 0x22, 0x0a, 0x20, 0x20, 0x22, 0x3f, 0x22, 0x0a, 0x20, 0x20, 0x22, 0x3f,
    0x3f, 0x22, 0x0a, 0x20, 0x20, 0x22, 0x3f, 0x3f, 0x3d, 0x22, 0x0a, 0x20, 0x20, 0x22, 0x5e, 0x22,
    0x0a, 0x20, 0x20, 0x22, 0x5e, 0x3d, 0x22, 0x0a, 0x20, 0x20, 0x22, 0x7e, 0x22, 0x0a, 0x20, 0x20,
    0x22, 0x2a, 0x22, 0x0a, 0x20, 0x20, 0x22, 0x2a, 0x3d, 0x22, 0x0a, 0x20, 0x20, 0x22, 0x2f, 0x22,
    0x0a, 0x20, 0x20, 0x22, 0x2f, 0x3d, 0x22, 0x0a, 0x20, 0x20, 0x22, 0x25, 0x22, 0x0a, 0x20, 0x20,
    0x22, 0x25, 0x3d, 0x22, 0x0a, 0x20, 0x20, 0x22, 0x3a, 0x22, 0x0a, 0x20, 0x20, 0x22, 0x2e, 0x2e,
    0x22, 0x0a, 0x5d, 0x20, 0x40, 0x6f, 0x70, 0x65, 0x72, 0x61, 0x74, 0x6f, 0x72, 0x0a, 0x0a, 0x5b,
    0x0a, 0x20, 0x20, 0x22, 0x28, 0x22, 0x0a, 0x20, 0x20, 0x22, 0x29, 0x22, 0x0a, 0x20, 0x20, 0x22,
    0x5b, 0x22, 0x0a, 0x20, 0x20, 0x22, 0x5d, 0x22, 0x0a, 0x20, 0x20, 0x22, 0x7b, 0x22, 0x0a, 0x20,
    0x20, 0x22, 0x7d, 0x22, 0x0a, 0x20, 0x20, 0x28, 0x69, 0x6e, 0x74, 0x65, 0x72, 0x70, 0x6f, 0x6c,
    0x61, 0x74, 0x69, 0x6f, 0x6e, 0x5f, 0x62, 0x72, 0x61, 0x63, 0x65, 0x29, 0x0a, 0x5d, 0x20, 0x20,
    0x40, 0x70, 0x75, 0x6e, 0x63, 0x74, 0x75, 0x61, 0x74, 0x69, 0x6f, 0x6e, 0x2e, 0x62, 0x72, 0x61,
    0x63, 0x6b, 0x65, 0x74, 0x0a, 0x0a, 0x3b, 0x3b, 0x20, 0x4b, 0x65, 0x79, 0x77, 0x6f, 0x72, 0x64,
    0x73, 0x0a, 0x0a, 0x5b, 0x0a, 0x20, 0x20, 0x28, 0x6d, 0x6f, 0x64, 0x69, 0x66, 0x69, 0x65, 0x72,
    0x29, 0x0a, 0x20, 0x20, 0x22, 0x74, 0x68, 0x69, 0x73, 0x22, 0x0a, 0x20, 0x20, 0x28, 0x69, 0x6d,
    0x70, 0x6c, 0x69, 0x63, 0x69, 0x74, 0x5f, 0x74, 0x79, 0x70, 0x65, 0x29, 0x0a, 0x5d, 0x20, 0x40,
    0x6b, 0x65, 0x79, 0x77, 0x6f, 0x72, 0x64, 0x0a, 0x0a, 0x5b, 0x0a, 0x20, 0x20, 0x22, 0x61, 0x64,
    0x64, 0x22, 0x0a, 0x20, 0x20, 0x22, 0x61, 0x6c, 0x69, 0x61, 0x73, 0x22, 0x0a, 0x20, 0x20, 0x22,
    0x61, 0x73, 0x22, 0x0a, 0x20, 0x20, 0x22, 0x62, 0x61, 0x73, 0x65, 0x22, 0x0a, 0x20, 0x20, 0x22,
    0x62, 0x72, 0x65, 0x61, 0x6b, 0x22, 0x0a, 0x20, 0x20, 0x22, 0x63, 0x61, 0x73, 0x65, 0x22, 0x0a,
    0x20, 0x20, 0x22, 0x63, 0x61, 0x74, 0x63, 0x68, 0x22, 0x0a, 0x20, 0x20, 0x22, 0x63, 0x68, 0x65,
    0x63, 0x6b, 0x65, 0x64, 0x22, 0x0a, 0x20, 0x20, 0x22, 0x63, 0x6c, 0x61, 0x73, 0x73, 0x22, 0x0a,
    0x20, 0x20, 0x22, 0x63, 0x6f, 0x6e, 0x74, 0x69, 0x6e, 0x75, 0x65, 0x22, 0x0a, 0x20, 0x20, 0x22,
    0x64, 0x65, 0x66, 0x61, 0x75, 0x6c, 0x74, 0x22, 0x0a, 0x20, 0x20, 0x22, 0x64, 0x65, 0x6c, 0x65,
    0x67, 0x61, 0x74, 0x65, 0x22, 0x0a, 0x20, 0x20, 0x22, 0x64, 0x6f, 0x22, 0x0a, 0x20, 0x20, 0x22,
    0x65, 0x6c, 0x73, 0x65, 0x22, 0x0a, 0x20, 0x20, 0x22, 0x65, 0x6e, 0x75, 0x6d, 0x22, 0x0a, 0x20,
    0x20, 0x22, 0x65, 0x76, 0x65, 0x6e, 0x74, 0x22, 0x0a, 0x20, 0x20, 0x22, 0x65, 0x78, 0x70, 0x6c,
    0x69, 0x63, 0x69, 0x74, 0x22, 0x0a, 0x20, 0x20, 0x22, 0x65, 0x78, 0x74, 0x65, 0x72, 0x6e, 0x22,
    0x0a, 0x20, 0x20, 0x22, 0x66, 0x69, 0x6e, 0x61, 0x6c, 0x6c, 0x79, 0x22, 0x0a, 0x20, 0x20, 0x22,
    0x66, 0x6f, 0x72, 0x22, 0x0a, 0x20, 0x20, 0x22, 0x66, 0x6f, 0x72, 0x65, 0x61, 0x63, 0x68, 0x22,
    0x0a, 0x20, 0x20, 0x22, 0x67, 0x6c, 0x6f, 0x62, 0x61, 0x6c, 0x22, 0x0a, 0x20, 0x20, 0x22, 0x67,
    0x6f, 0x74, 0x6f, 0x22, 0x0a, 0x20, 0x20, 0x22, 0x69, 0x66, 0x22, 0x0a, 0x20, 0x20, 0x22, 0x69,
    0x6d, 0x70, 0x6c, 0x69, 0x63, 0x69, 0x74, 0x22, 0x0a, 0x20, 0x20, 0x22, 0x69, 0x6e, 0x74, 0x65,
    0x72, 0x66, 0x61, 0x63, 0x65, 0x22, 0x0a, 0x20, 0x20, 0x22, 0x69, 0x73, 0x22, 0x0a, 0x20, 0x20,
    0x22, 0x6c, 0x6f, 0x63, 0x6b, 0x22, 0x0a, 0x20, 0x20, 0x22, 0x6e, 0x61, 0x6d, 0x65, 0x73, 0x70,
    0x61, 0x63, 0x65, 0x22, 0x0a, 0x20, 0x20, 0x22, 0x6e, 0x6f, 0x74, 0x6e, 0x75, 0x6c, 0x6c, 0x22,
    0x0a, 0x20, 0x20, 0x22, 0x6f, 0x70, 0x65, 0x72, 0x61, 0x74, 0x6f, 0x72, 0x22, 0x0a, 0x20, 0x20,
    0x22, 0x70, 0x61, 0x72, 0x61, 0x6d, 0x73, 0x22, 0x0a, 0x20, 0x20, 0x22, 0x72, 0x65, 0x74, 0x75,
    0x72, 0x6e, 0x22, 0x0a, 0x20, 0x20, 0x22, 0x72, 0x65, 0x6d, 0x6f, 0x76, 0x65, 0x22, 0x0a, 0x20,
    0x20, 0x22, 0x73, 0x69, 0x7a, 0x65, 0x6f, 0x66, 0x22, 0x0a, 0x20, 0x20, 0x22, 0x73, 0x74, 0x61,
    0x63, 0x6b, 0x61, 0x6c, 0x6c, 0x6f, 0x63, 0x22, 0x0a, 0x20, 0x20, 0x22, 0x73, 0x74, 0x61, 0x74,
    0x69, 0x63, 0x22, 0x0a, 0x20, 0x20, 0x22, 0x73, 0x74, 0x72, 0x75, 0x63, 0x74, 0x22, 0x0a, 0x20,
    0x20, 0x22, 0x73, 0x77, 0x69, 0x74, 0x63, 0x68, 0x22, 0x0a, 0x20, 0x20, 0x22, 0x74, 0x68, 0x72,
    0x6f, 0x77, 0x22, 0x0a, 0x20, 0x20, 0x22, 0x74, 0x72, 0x79, 0x22, 0x0a, 0x20, 0x20, 0x22, 0x74,
    0x79, 0x70, 0x65, 0x6f, 0x66, 0x22, 0x0a, 0x20, 0x20, 0x22, 0x75, 0x6e, 0x63, 0x68, 0x65, 0x63,
    0x6b, 0x65, 0x64, 0x22, 0x0a, 0x20, 0x20, 0x22, 0x75, 0x73, 0x69, 0x6e, 0x67, 0x22, 0x0a, 0x20,
    0x20, 0x22, 0x77, 0x68, 0x69, 0x6c, 0x65, 0x22, 0x0a, 0x20, 0x20, 0x22, 0x6e, 0x65, 0x77, 0x22,
    0x0a, 0x20, 0x20, 0x22, 0x61, 0x77, 0x61, 0x69, 0x74, 0x22, 0x0a, 0x20, 0x20, 0x22, 0x69, 0x6e,
    0x22, 0x0a, 0x20, 0x20, 0x22, 0x79, 0x69, 0x65, 0x6c, 0x64, 0x22, 0x0a, 0x20, 0x20, 0x22, 0x67,
    0x65, 0x74, 0x22, 0x0a, 0x20, 0x20, 0x22, 0x73, 0x65, 0x74, 0x22, 0x0a, 0x20, 0x20, 0x22, 0x77,
    0x68, 0x65, 0x6e, 0x22, 0x0a, 0x20, 0x20, 0x22, 0x6f, 0x75, 0x74, 0x22, 0x0a, 0x20, 0x20, 0x22,
    0x72, 0x65, 0x66, 0x22, 0x0a, 0x20, 0x20, 0x22, 0x66, 0x72, 0x6f, 0x6d, 0x22, 0x0a, 0x20, 0x20,
    0x22, 0x77, 0x68, 0x65, 0x72, 0x65, 0x22, 0x0a, 0x20, 0x20, 0x22, 0x73, 0x65, 0x6c, 0x65, 0x63,
    0x74, 0x22, 0x0a, 0x20, 0x20, 0x22, 0x72, 0x65, 0x63, 0x6f, 0x72, 0x64, 0x22, 0x0a, 0x20, 0x20,
    0x22, 0x69, 0x6e, 0x69, 0x74, 0x22, 0x0a, 0x20, 0x20, 0x22, 0x77, 0x69, 0x74, 0x68, 0x22, 0x0a,
    0x20, 0x20, 0x22, 0x6c, 0x65, 0x74, 0x22, 0x0a, 0x5d, 0x20, 0x40, 0x6b, 0x65, 0x79, 0x77, 0x6f,
    0x72, 0x64, 0x0a, 0x0a, 0x3b, 0x3b, 0x20, 0x41, 0x74, 0x74, 0x72, 0x69, 0x62, 0x75, 0x74, 0x65,
    0x0a, 0x0a, 0x28, 0x61, 0x74, 0x74, 0x72, 0x69, 0x62, 0x75, 0x74, 0x65, 0x20, 0x6e, 0x61, 0x6d,
    0x65, 0x3a, 0x20, 0x28, 0x69, 0x64, 0x65, 0x6e, 0x74, 0x69, 0x66, 0x69, 0x65, 0x72, 0x29, 0x20,
    0x40, 0x61, 0x74, 0x74, 0x72, 0x69, 0x62, 0x75, 0x74, 0x65, 0x29, 0x0a, 0x0a, 0x3b, 0x3b, 0x20,
    0x50, 0x61, 0x72, 0x61, 0x6d, 0x65, 0x74, 0x65, 0x72, 0x73, 0x0a, 0x0a, 0x28, 0x70, 0x61, 0x72,
    0x61, 0x6d, 0x65, 0x74, 0x65, 0x72, 0x0a, 0x20, 0x20, 0x6e, 0x61, 0x6d, 0x65, 0x3a, 0x20, 0x28,
    0x69, 0x64, 0x65, 0x6e, 0x74, 0x69, 0x66, 0x69, 0x65, 0x72, 0x29, 0x20, 0x40, 0x76, 0x61, 0x72,
    0x69, 0x61, 0x62, 0x6c, 0x65, 0x2e, 0x70, 0x61, 0x72, 0x61, 0x6d, 0x65, 0x74, 0x65, 0x72, 0x29,
    0x0a, 0x0a, 0x3b, 0x3b, 0x20, 0x54, 0x79, 0x70, 0x65, 0x20, 0x63, 0x6f, 0x6e, 0x73, 0x74, 0x72,
    0x61, 0x69, 0x6e, 0x74, 0x73, 0x0a, 0x0a, 0x28, 0x74, 0x79, 0x70, 0x65, 0x5f, 0x70, 0x61, 0x72,
    0x61, 0x6d, 0x65, 0x74, 0x65, 0x72, 0x5f, 0x63, 0x6f, 0x6e, 0x73, 0x74, 0x72, 0x61, 0x69, 0x6e,
    0x74, 0x73, 0x5f, 0x63, 0x6c, 0x61, 0x75, 0x73, 0x65, 0x20, 0x28, 0x69, 0x64, 0x65, 0x6e, 0x74,
    0x69, 0x66, 0x69, 0x65, 0x72, 0x29, 0x20, 0x40, 0x70, 0x72, 0x6f, 0x70, 0x65, 0x72, 0x74, 0x79,
    0x2e, 0x64, 0x65, 0x66, 0x69, 0x6e, 0x69, 0x74, 0x69, 0x6f, 0x6e, 0x29, 0x0a, 0x0a, 0x3b, 0x3b,
    0x20, 0x4d, 0x65, 0x74, 0x68, 0x6f, 0x64, 0x20, 0x63, 0x61, 0x6c, 0x6c, 0x73, 0x0a, 0x0a, 0x28,
    0x69, 0x6e, 0x76, 0x6f, 0x63, 0x61, 0x74, 0x69, 0x6f, 0x6e, 0x5f, 0x65, 0x78, 0x70, 0x72, 0x65,
    0x73, 0x73, 0x69, 0x6f, 0x6e, 0x20, 0x28, 0x6d, 0x65, 0x6d, 0x62, 0x65, 0x72, 0x5f, 0x61, 0x63,
    0x63, 0x65, 0x73, 0x73, 0x5f, 0x65, 0x78, 0x70, 0x72, 0x65, 0x73, 0x73, 0x69, 0x6f, 0x6e, 0x20,
    0x6e, 0x61, 0x6d, 0x65, 0x3a, 0x20, 0x28, 0x69, 0x64, 0x65, 0x6e, 0x74, 0x69, 0x66, 0x69, 0x65,
    0x72, 0x29, 0x20, 0x40, 0x66, 0x75, 0x6e, 0x63, 0x74, 0x69, 0x6f, 0x6e, 0x29, 0x29, 0x0a,
};

static const unsigned char query_ini[] = {
    0x28, 0x73, 0x65, 0x63, 0x74, 0x69, 0x6f, 0x6e, 0x5f, 0x6e, 0x61, 0x6d, 0x65, 0x0a, 0x20, 0x20,
    0x28, 0x74, 0x65, 0x78, 0x74, 0x29, 0x20, 0x40, 0x74, 0x79, 0x70, 0x65, 0x29, 0x20, 0x3b, 0x20,
    0x63, 0x6f, 0x6e, 0x73, 0x69, 0x73, 0x74, 0x65, 0x6e, 0x63, 0x79, 0x20, 0x77, 0x69, 0x74, 0x68,
    0x20, 0x74, 0x6f, 0x6d, 0x6c, 0x0a, 0x0a, 0x28, 0x63, 0x6f, 0x6d, 0x6d, 0x65, 0x6e, 0x74, 0x29,
    0x20, 0x40, 0x63, 0x6f, 0x6d, 0x6d, 0x65, 0x6e, 0x74, 0x20, 0x40, 0x73, 0x70, 0x65, 0x6c, 0x6c,
    0x0a, 0x0a, 0x5b, 0x0a, 0x20, 0x20, 0x22, 0x5b, 0x22, 0x0a, 0x20, 0x20, 0x22, 0x5d, 0x22, 0x0a,
    0x5d, 0x20, 0x40, 0x70, 0x75, 0x6e, 0x63, 0x74, 0x75, 0x61, 0x74, 0x69, 0x6f, 0x6e, 0x2e, 0x62,
    0x72, 0x61, 0x63, 0x6b, 0x65, 0x74, 0x0a, 0x0a, 0x22, 0x3d, 0x22, 0x20, 0x40, 0x6f, 0x70, 0x65,
    0x72, 0x61, 0x74, 0x6f, 0x72, 0x0a, 0x0a, 0x28, 0x73, 0x65, 0x74, 0x74, 0x69, 0x6e, 0x67, 0x0a,
    0x20, 0x20, 0x28, 0x73, 0x65, 0x74, 0x74, 0x69, 0x6e, 0x67, 0x5f, 0x6e, 0x61, 0x6d, 0x65, 0x29,
    0x20, 0x40, 0x70, 0x72, 0x6f, 0x70, 0x65, 0x72, 0x74, 0x79, 0x29, 0x0a, 0x0a, 0x3b, 0x20, 0x28,
    0x73, 0x65, 0x74, 0x74, 0x69, 0x6e, 0x67, 0x5f, 0x76, 0x61, 0x6c, 0x75, 0x65, 0x29, 0x20, 0x40,
    0x6e, 0x6f, 0x6e, 0x65, 0x20, 0x3b, 0x20, 0x67, 0x72, 0x61, 0x6d, 0x6d, 0x61, 0x72, 0x20, 0x64,
    0x6f, 0x65, 0x73, 0x20, 0x6e, 0x6f, 0x74, 0x20, 0x73, 0x75, 0x70, 0x70, 0x6f, 0x72, 0x74, 0x20,
    0x73, 0x75, 0x62, 0x74, 0x79, 0x70, 0x65, 0x73, 0x0a,
};

static const unsigned char query_properties[] = {
    0x28, 0x63, 0x6f, 0x6d, 0x6d, 0x65, 0x6e, 0x74, 0x29, 0x20, 0x40, 0x63, 0x6f, 0x6d, 0x6d, 0x65,
    0x6e, 0x74, 0x0a, 0x0a, 0x28, 0x6b, 0x65, 0x79, 0x29, 0x20, 0x40, 0x70, 0x72, 0x6f, 0x70, 0x65,
    0x72, 0x74, 0x79, 0x0a, 0x0a, 0x28, 0x76, 0x61, 0x6c, 0x75, 0x65, 0x29, 0x20, 0x40, 0x73, 0x74,
    0x72, 0x69, 0x6e, 0x67, 0x0a, 0x0a, 0x28, 0x76, 0x61, 0x6c, 0x75, 0x65, 0x20, 0x28, 0x65, 0x73,
    0x63, 0x61, 0x70, 0x65, 0x29, 0x20, 0x40, 0x73, 0x74, 0x72, 0x69, 0x6e, 0x67, 0x2e, 0x65, 0x73,
    0x63, 0x61, 0x70, 0x65, 0x29, 0x0a, 0x0a, 0x28, 0x28, 0x69, 0x6e, 0x64, 0x65, 0x78, 0x29, 0x20,
    0x40, 0x6e, 0x75, 0x6d, 0x62, 0x65, 0x72, 0x0a, 0x20, 0x20, 0x28, 0x23, 0x6d, 0x61, 0x74, 0x63,
    0x68, 0x3f, 0x20, 0x40, 0x6e, 0x75, 0x6d, 0x62, 0x65, 0x72, 0x20, 0x22, 0x5e, 0x5b, 0x30, 0x2d,
    0x39, 0x5d, 0x2b, 0x24, 0x22, 0x29, 0x29, 0x0a, 0x0a, 0x28, 0x28, 0x73, 0x75, 0x62, 0x73, 0x74,
    0x69, 0x74, 0x75, 0x74, 0x69, 0x6f, 0x6e, 0x20, 0x28, 0x6b, 0x65, 0x79, 0x29, 0x20, 0x40, 0x63,
    0x6f, 0x6e, 0x73, 0x74, 0x61, 0x6e, 0x74, 0x29, 0x0a, 0x20, 0x20, 0x28, 0x23, 0x6d, 0x61, 0x74,
    0x63, 0x68, 0x3f, 0x20, 0x40, 0x63, 0x6f, 0x6e, 0x73, 0x74, 0x61, 0x6e, 0x74, 0x20, 0x22, 0x5e,
    0x5b, 0x41, 0x2d, 0x5a, 0x30, 0x2d, 0x39, 0x5f, 0x5d, 0x2b, 0x22, 0x29, 0x29, 0x0a, 0x0a, 0x28,
    0x73, 0x75, 0x62, 0x73, 0x74, 0x69, 0x74, 0x75, 0x74, 0x69, 0x6f, 0x6e, 0x0a, 0x20, 0x20, 0x28,
    0x6b, 0x65, 0x79, 0x29, 0x20, 0x40, 0x66, 0x75, 0x6e, 0x63, 0x74, 0x69, 0x6f, 0x6e, 0x0a, 0x20,
    0x20, 0x22, 0x3a, 0x3a, 0x22, 0x20, 0x40, 0x70, 0x75, 0x6e, 0x63, 0x74, 0x75, 0x61, 0x74, 0x69,
    0x6f, 0x6e, 0x2e, 0x73, 0x70, 0x65, 0x63, 0x69, 0x61, 0x6c, 0x0a, 0x20, 0x20, 0x28, 0x73, 0x65,
    0x63, 0x72, 0x65, 0x74, 0x29, 0x20, 0x40, 0x65, 0x6d, 0x62, 0x65, 0x64, 0x64, 0x65, 0x64, 0x29,
    0x0a, 0x0a, 0x28, 0x70, 0x72, 0x6f, 0x70, 0x65, 0x72, 0x74, 0x79, 0x20, 0x5b, 0x20, 0x22, 0x3d,
    0x22, 0x20, 0x22, 0x3a, 0x22, 0x20, 0x5d, 0x20, 0x40, 0x6f, 0x70, 0x65, 0x72, 0x61, 0x74, 0x6f,
    0x72, 0x29, 0x0a, 0x0a, 0x5b, 0x20, 0x22, 0x24, 0x7b, 0x22, 0x20, 0x22, 0x7d, 0x22, 0x20, 0x5d,
    0x20, 0x40, 0x70, 0x75, 0x6e, 0x63, 0x74, 0x75, 0x61, 0x74, 0x69, 0x6f, 0x6e, 0x2e, 0x73, 0x70,
    0x65, 0x63, 0x69, 0x61, 0x6c, 0x0a, 0x0a, 0x28, 0x73, 0x75, 0x62, 0x73, 0x74, 0x69, 0x74, 0x75,
    0x74, 0x69, 0x6f, 0x6e, 0x20, 0x22, 0x3a, 0x22, 0x20, 0x40, 0x70, 0x75, 0x6e, 0x63, 0x74, 0x75,
    0x61, 0x74, 0x69, 0x6f, 0x6e, 0x2e, 0x73, 0x70, 0x65, 0x63, 0x69, 0x61, 0x6c, 0x29, 0x0a, 0x0a,
    0x5b, 0x20, 0x22, 0x5b, 0x22, 0x20, 0x22, 0x5d, 0x22, 0x20, 0x5d, 0x20, 0x40, 0x70, 0x75, 0x6e,
    0x63, 0x74, 0x75, 0x61, 0x74, 0x69, 0x6f, 0x6e, 0x2e, 0x62, 0x72, 0x61, 0x63, 0x6b, 0x65, 0x74,
    0x0a, 0x0a, 0x5b, 0x20, 0x22, 0x2e, 0x22, 0x20, 0x22, 0x5c, 0x5c, 0x22, 0x20, 0x5d, 0x20, 0x40,
    0x70, 0x75, 0x6e, 0x63, 0x74, 0x75, 0x61, 0x74, 0x69, 0x6f, 0x6e, 0x2e, 0x64, 0x65, 0x6c, 0x69,
    0x6d, 0x69, 0x74, 0x65, 0x72, 0x0a,
};

static const unsigned char query_gitattributes[] = {
    0x28, 0x64, 0x69, 0x72, 0x5f, 0x73, 0x65, 0x70, 0x29, 0x20, 0x40, 0x70, 0x75, 0x6e, 0x63, 0x74,
    0x75, 0x61, 0x74, 0x69, 0x6f, 0x6e, 0x2e, 0x64, 0x65, 0x6c, 0x69, 0x6d, 0x69, 0x74, 0x65, 0x72,
    0x0a, 0x0a, 0x28, 0x71, 0x75, 0x6f, 0x74, 0x65, 0x64, 0x5f, 0x70, 0x61, 0x74, 0x74, 0x65, 0x72,
    0x6e, 0x0a, 0x20, 0x20, 0x22, 0x5c, 0x22, 0x22, 0x20, 0x40, 0x70, 0x75, 0x6e, 0x63, 0x74, 0x75,
    0x61, 0x74, 0x69, 0x6f, 0x6e, 0x2e, 0x73, 0x70, 0x65, 0x63, 0x69, 0x61, 0x6c, 0x29, 0x0a, 0x0a,
    0x28, 0x72, 0x61, 0x6e, 0x67, 0x65, 0x5f, 0x6e, 0x6f, 0x74, 0x61, 0x74, 0x69, 0x6f, 0x6e, 0x29,
    0x20, 0x40, 0x73, 0x74, 0x72, 0x69, 0x6e, 0x67, 0x2e, 0x73, 0x70, 0x65, 0x63, 0x69, 0x61, 0x6c,
    0x0a, 0x0a, 0x28, 0x72, 0x61, 0x6e, 0x67, 0x65, 0x5f, 0x6e, 0x6f, 0x74, 0x61, 0x74, 0x69, 0x6f,
    0x6e, 0x0a, 0x20, 0x20, 0x5b, 0x20, 0x22, 0x5b, 0x22, 0x20, 0x22, 0x5d, 0x22, 0x20, 0x5d, 0x20,
    0x40, 0x70, 0x75, 0x6e, 0x63, 0x74, 0x75, 0x61, 0x74, 0x69, 0x6f, 0x6e, 0x2e, 0x62, 0x72, 0x61,
    0x63, 0x6b, 0x65, 0x74, 0x29, 0x0a, 0x0a, 0x28, 0x77, 0x69, 0x6c, 0x64, 0x63, 0x61, 0x72, 0x64,
    0x29, 0x20, 0x40, 0x73, 0x74, 0x72, 0x69, 0x6e, 0x67, 0x2e, 0x72, 0x65, 0x67, 0x65, 0x78, 0x70,
    0x0a, 0x0a, 0x28, 0x72, 0x61, 0x6e, 0x67, 0x65, 0x5f, 0x6e, 0x65, 0x67, 0x61, 0x74, 0x69, 0x6f,
    0x6e, 0x29, 0x20, 0x40, 0x6f, 0x70, 0x65, 0x72, 0x61, 0x74, 0x6f, 0x72, 0x0a, 0x0a, 0x28, 0x63,
    0x68, 0x61, 0x72, 0x61, 0x63, 0x74, 0x65, 0x72, 0x5f, 0x63, 0x6c, 0x61, 0x73, 0x73, 0x29, 0x20,
    0x40, 0x63, 0x6f, 0x6e, 0x73, 0x74, 0x61, 0x6e, 0x74, 0x0a, 0x0a, 0x28, 0x63, 0x6c, 0x61, 0x73,
    0x73, 0x5f, 0x72, 0x61, 0x6e, 0x67, 0x65, 0x20, 0x22, 0x2d, 0x22, 0x20, 0x40, 0x6f, 0x70, 0x65,
    0x72, 0x61, 0x74, 0x6f, 0x72, 0x29, 0x0a, 0x0a, 0x5b, 0x0a, 0x20, 0x20, 0x28, 0x61, 0x6e, 0x73,
    0x69, 0x5f, 0x63, 0x5f, 0x65, 0x73, 0x63, 0x61, 0x70, 0x65, 0x29, 0x0a, 0x20, 0x20, 0x28, 0x65,
    0x73, 0x63, 0x61, 0x70, 0x65, 0x64, 0x5f, 0x63, 0x68, 0x61, 0x72, 0x29, 0x0a, 0x5d, 0x20, 0x40,
    0x65, 0x73, 0x63, 0x61, 0x70, 0x65, 0x0a, 0x0a, 0x28, 0x61, 0x74, 0x74, 0x72, 0x69, 0x62, 0x75,
    0x74, 0x65, 0x0a, 0x20, 0x20, 0x28, 0x61, 0x74, 0x74, 0x72, 0x5f, 0x6e, 0x61, 0x6d, 0x65, 0x29,
    0x20, 0x40, 0x76, 0x61, 0x72, 0x69, 0x61, 0x62, 0x6c, 0x65, 0x2e, 0x70, 0x61, 0x72, 0x61, 0x6d,
    0x65, 0x74, 0x65, 0x72, 0x29, 0x0a, 0x0a, 0x28, 0x61, 0x74, 0x74, 0x72, 0x69, 0x62, 0x75, 0x74,
    0x65, 0x0a, 0x20, 0x20, 0x28, 0x62, 0x75, 0x69, 0x6c, 0x74, 0x69, 0x6e, 0x5f, 0x61, 0x74, 0x74,
    0x72, 0x29, 0x20, 0x40, 0x76, 0x61, 0x72, 0x69, 0x61, 0x62, 0x6c, 0x65, 0x2e, 0x62, 0x75, 0x69,
    0x6c, 0x74, 0x69, 0x6e, 0x29, 0x0a, 0x0a, 0x5b, 0x0a, 0x20, 0x20, 0x28, 0x61, 0x74, 0x74, 0x72,
    0x5f, 0x72, 0x65, 0x73, 0x65, 0x74, 0x29, 0x0a, 0x20, 0x20, 0x28, 0x61, 0x74, 0x74, 0x72, 0x5f,
    0x75, 0x6e, 0x73, 0x65, 0x74, 0x29, 0x0a, 0x20, 0x20, 0x28, 0x61, 0x74, 0x74, 0x72, 0x5f, 0x73,
    0x65, 0x74, 0x29, 0x0a, 0x5d, 0x20, 0x40, 0x6f, 0x70, 0x65, 0x72, 0x61, 0x74, 0x6f, 0x72, 0x0a,
    0x0a, 0x28, 0x62, 0x6f, 0x6f, 0x6c, 0x65, 0x61, 0x6e, 0x5f, 0x76, 0x61, 0x6c, 0x75, 0x65, 0x29,
    0x20, 0x40, 0x62, 0x6f, 0x6f, 0x6c, 0x65, 0x61, 0x6e, 0x0a, 0x0a, 0x28, 0x73, 0x74, 0x72, 0x69,
    0x6e, 0x67, 0x5f, 0x76, 0x61, 0x6c, 0x75, 0x65, 0x29, 0x20, 0x40, 0x73, 0x74, 0x72, 0x69, 0x6e,
    0x67, 0x0a, 0x0a, 0x28, 0x6d, 0x61, 0x63, 0x72, 0x6f, 0x5f, 0x74, 0x61, 0x67, 0x29, 0x20, 0x40,
    0x6b, 0x65, 0x79, 0x77, 0x6f, 0x72, 0x64, 0x0a, 0x0a, 0x28, 0x6d, 0x61, 0x63, 0x72, 0x6f, 0x5f,
    0x64, 0x65, 0x66, 0x0a, 0x20, 0x20, 0x6d, 0x61, 0x63, 0x72, 0x6f, 0x5f, 0x6e, 0x61, 0x6d, 0x65,
    0x3a, 0x20, 0x28, 0x5f, 0x29, 0x20, 0x40, 0x70, 0x72, 0x6f, 0x70, 0x65, 0x72, 0x74, 0x79, 0x29,
    0x0a, 0x0a, 0x5b, 0x0a, 0x20, 0x20, 0x28, 0x70, 0x61, 0x74, 0x74, 0x65, 0x72, 0x6e, 0x5f, 0x6e,
    0x65, 0x67, 0x61, 0x74, 0x69, 0x6f, 0x6e, 0x29, 0x0a, 0x20, 0x20, 0x28, 0x72, 0x65, 0x64, 0x75,
    0x6e, 0x64, 0x61, 0x6e, 0x74, 0x5f, 0x65, 0x73, 0x63, 0x61, 0x70, 0x65, 0x29, 0x0a, 0x20, 0x20,
    0x28, 0x74, 0x72, 0x61, 0x69, 0x6c, 0x69, 0x6e, 0x67, 0x5f, 0x73, 0x6c, 0x61, 0x73, 0x68, 0x29,
    0x0a, 0x20, 0x20, 0x28, 0x69, 0x67, 0x6e, 0x6f, 0x72, 0x65, 0x64, 0x5f, 0x76, 0x61, 0x6c, 0x75,
    0x65, 0x29, 0x0a, 0x5d, 0x20, 0x40, 0x65, 0x72, 0x72, 0x6f, 0x72, 0x0a, 0x0a, 0x28, 0x63, 0x6f,
    0x6d, 0x6d, 0x65, 0x6e, 0x74, 0x29, 0x20, 0x40, 0x63, 0x6f, 0x6d, 0x6d, 0x65, 0x6e, 0x74, 0x0a,
};

static const unsigned char query_requirements[] = {
    0x3b, 0x3b, 0x20, 0x70, 0x61, 0x63, 0x6b, 0x61, 0x67, 0x65, 0x73, 0x0a, 0x0a, 0x28, 0x70, 0x61,
    0x63, 0x6b, 0x61, 0x67, 0x65, 0x29, 0x20, 0x40, 0x76, 0x61, 0x72, 0x69, 0x61, 0x62, 0x6c, 0x65,
    0x0a, 0x0a, 0x28, 0x65, 0x78, 0x74, 0x72, 0x61, 0x73, 0x20, 0x28, 0x70, 0x61, 0x63, 0x6b, 0x61,
    0x67, 0x65, 0x29, 0x20, 0x40, 0x76, 0x61, 0x72, 0x69, 0x61, 0x62, 0x6c, 0x65, 0x2e, 0x70, 0x61,
    0x72, 0x61, 0x6d, 0x65, 0x74, 0x65, 0x72, 0x29, 0x0a, 0x0a, 0x28, 0x70, 0x61, 0x74, 0x68, 0x29,
    0x20, 0x40, 0x6d, 0x61, 0x72, 0x6b, 0x75, 0x70, 0x2e, 0x6c, 0x69, 0x6e, 0x6b, 0x0a, 0x0a, 0x28,
    0x75, 0x72, 0x6c, 0x29, 0x20, 0x40, 0x6d, 0x61, 0x72, 0x6b, 0x75, 0x70, 0x2e, 0x6c, 0x69, 0x6e,
    0x6b, 0x2e, 0x75, 0x72, 0x6c, 0x0a, 0x0a, 0x3b, 0x3b, 0x20, 0x76, 0x65, 0x72, 0x73, 0x69, 0x6f,
    0x6e, 0x73, 0x0a, 0x0a, 0x28, 0x76, 0x65, 0x72, 0x73, 0x69, 0x6f, 0x6e, 0x5f, 0x63, 0x6d, 0x70,
    0x29, 0x20, 0x40, 0x6f, 0x70, 0x65, 0x72, 0x61, 0x74, 0x6f, 0x72, 0x0a, 0x0a, 0x28, 0x76, 0x65,
    0x72, 0x73, 0x69, 0x6f, 0x6e, 0x29, 0x20, 0x40, 0x6e, 0x75, 0x6d, 0x62, 0x65, 0x72, 0x0a, 0x0a,
    0x3b, 0x3b, 0x20, 0x6d, 0x61, 0x72, 0x6b, 0x65, 0x72, 0x73, 0x0a, 0x0a, 0x28, 0x6d, 0x61, 0x72,
    0x6b, 0x65, 0x72, 0x5f, 0x76, 0x61, 0x72, 0x29, 0x20, 0x40, 0x61, 0x74, 0x74, 0x72, 0x69, 0x62,
    0x75, 0x74, 0x65, 0x0a, 0x0a, 0x28, 0x6d, 0x61, 0x72, 0x6b, 0x65, 0x72, 0x5f, 0x6f, 0x70, 0x29,
    0x20, 0x40, 0x6b, 0x65, 0x79, 0x77, 0x6f, 0x72, 0x64, 0x0a, 0x0a, 0x3b, 0x3b, 0x20, 0x6f, 0x70,
    0x74, 0x69, 0x6f, 0x6e, 0x73, 0x0a, 0x0a, 0x28, 0x6f, 0x70, 0x74, 0x69, 0x6f, 0x6e, 0x29, 0x20,
    0x40, 0x66, 0x75, 0x6e, 0x63, 0x74, 0x69, 0x6f, 0x6e, 0x0a, 0x0a, 0x22, 0x3d, 0x22, 0x20, 0x40,
    0x6f, 0x70, 0x65, 0x72, 0x61, 0x74, 0x6f, 0x72, 0x0a, 0x0a, 0x3b, 0x3b, 0x20, 0x70, 0x75, 0x6e,
    0x63, 0x74, 0x75, 0x61, 0x74, 0x69, 0x6f, 0x6e, 0x0a, 0x0a, 0x5b, 0x20, 0x22, 0x5b, 0x22, 0x20,
    0x22, 0x5d, 0x22, 0x20, 0x22, 0x28, 0x22, 0x20, 0x22, 0x29, 0x22, 0x20, 0x5d, 0x20, 0x40, 0x70,
    0x75, 0x6e, 0x63, 0x74, 0x75, 0x61, 0x74, 0x69, 0x6f, 0x6e, 0x2e, 0x62, 0x72, 0x61, 0x63, 0x6b,
    0x65, 0x74, 0x0a, 0x0a, 0x5b, 0x20, 0x22, 0x2c, 0x22, 0x20, 0x22, 0x3b, 0x22, 0x20, 0x22, 0x40,
    0x22, 0x20, 0x5d, 0x20, 0x40, 0x70, 0x75, 0x6e, 0x63, 0x74, 0x75, 0x61, 0x74, 0x69, 0x6f, 0x6e,
    0x2e, 0x64, 0x65, 0x6c, 0x69, 0x6d, 0x69, 0x74, 0x65, 0x72, 0x0a, 0x0a, 0x5b, 0x20, 0x22, 0x24,
    0x7b, 0x22, 0x20, 0x22, 0x7d, 0x22, 0x20, 0x5d, 0x20, 0x40, 0x70, 0x75, 0x6e, 0x63, 0x74, 0x75,
    0x61, 0x74, 0x69, 0x6f, 0x6e, 0x2e, 0x73, 0x70, 0x65, 0x63, 0x69, 0x61, 0x6c, 0x0a, 0x0a, 0x3b,
    0x3b, 0x20, 0x6d, 0x69, 0x73, 0x63, 0x0a, 0x0a, 0x28, 0x65, 0x6e, 0x76, 0x5f, 0x76, 0x61, 0x72,
    0x29, 0x20, 0x40, 0x63, 0x6f, 0x6e, 0x73, 0x74, 0x61, 0x6e, 0x74, 0x0a, 0x0a, 0x28, 0x71, 0x75,
    0x6f, 0x74, 0x65, 0x64, 0x5f, 0x73, 0x74, 0x72, 0x69, 0x6e, 0x67, 0x29, 0x20, 0x40, 0x73, 0x74,
    0x72, 0x69, 0x6e, 0x67, 0x0a, 0x0a, 0x28, 0x6c, 0x69, 0x6e, 0x65, 0x62, 0x72, 0x65, 0x61, 0x6b,
    0x29, 0x20, 0x40, 0x65, 0x73, 0x63, 0x61, 0x70, 0x65, 0x0a, 0x0a, 0x28, 0x63, 0x6f, 0x6d, 0x6d,
    0x65, 0x6e, 0x74, 0x29, 0x20, 0x40, 0x63, 0x6f, 0x6d, 0x6d, 0x65, 0x6e, 0x74, 0x0a,
};

static const unsigned char query_xml[] = {
    0x3b, 0x3b, 0x20, 0x58, 0x4d, 0x4c, 0x20, 0x64, 0x65, 0x63, 0x6c, 0x61, 0x72, 0x61, 0x74, 0x69,
    0x6f, 0x6e, 0x0a, 0x0a, 0x22, 0x78, 0x6d, 0x6c, 0x22, 0x20, 0x40, 0x6b, 0x65, 0x79, 0x77, 0x6f,
    0x72, 0x64, 0x0a, 0x0a, 0x5b, 0x20, 0x22, 0x76, 0x65, 0x72, 0x73, 0x69, 0x6f, 0x6e, 0x22, 0x20,
    0x22, 0x65, 0x6e, 0x63, 0x6f, 0x64, 0x69, 0x6e, 0x67, 0x22, 0x20, 0x22, 0x73, 0x74, 0x61, 0x6e,
    0x64, 0x61, 0x6c, 0x6f, 0x6e, 0x65, 0x22, 0x20, 0x5d, 0x20, 0x40, 0x70, 0x72, 0x6f, 0x70, 0x65,
    0x72, 0x74, 0x79, 0x0a, 0x0a, 0x28, 0x45, 0x6e, 0x63, 0x4e, 0x61, 0x6d, 0x65, 0x29, 0x20, 0x40,
    0x73, 0x74, 0x72, 0x69, 0x6e, 0x67, 0x2e, 0x73, 0x70, 0x65, 0x63, 0x69, 0x61, 0x6c, 0x0a, 0x0a,
    0x28, 0x56, 0x65, 0x72, 0x73, 0x69, 0x6f, 0x6e, 0x4e, 0x75, 0x6d, 0x29, 0x20, 0x40, 0x6e, 0x75,
    0x6d, 0x62, 0x65, 0x72, 0x0a, 0x0a, 0x5b, 0x20, 0x22, 0x79, 0x65, 0x73, 0x22, 0x20, 0x22, 0x6e,
    0x6f, 0x22, 0x20, 0x5d, 0x20, 0x40, 0x62, 0x6f, 0x6f, 0x6c, 0x65, 0x61, 0x6e, 0x0a, 0x0a, 0x3b,
    0x3b, 0x20, 0x50, 0x72, 0x6f, 0x63, 0x65, 0x73, 0x73, 0x69, 0x6e, 0x67, 0x20, 0x69, 0x6e, 0x73,
    0x74, 0x72, 0x75, 0x63, 0x74, 0x69, 0x6f, 0x6e, 0x73, 0x0a, 0x0a, 0x28, 0x50, 0x49, 0x29, 0x20,
    0x40, 0x65, 0x6d, 0x62, 0x65, 0x64, 0x64, 0x65, 0x64, 0x0a, 0x0a, 0x28, 0x50, 0x49, 0x20, 0x28,
    0x50, 0x49, 0x54, 0x61, 0x72, 0x67, 0x65, 0x74, 0x29, 0x20, 0x40, 0x6b, 0x65, 0x79, 0x77, 0x6f,
    0x72, 0x64, 0x29, 0x0a, 0x0a, 0x3b, 0x3b, 0x20, 0x45, 0x6c, 0x65, 0x6d, 0x65, 0x6e, 0x74, 0x20,
    0x64, 0x65, 0x63, 0x6c, 0x61, 0x72, 0x61, 0x74, 0x69, 0x6f, 0x6e, 0x0a, 0x0a, 0x28, 0x65, 0x6c,
    0x65, 0x6d, 0x65, 0x6e, 0x74, 0x64, 0x65, 0x63, 0x6c, 0x0a, 0x20, 0x20, 0x22, 0x45, 0x4c, 0x45,
    0x4d, 0x45, 0x4e, 0x54, 0x22, 0x20, 0x40, 0x6b, 0x65, 0x79, 0x77, 0x6f, 0x72, 0x64, 0x0a, 0x20,
    0x20, 0x28, 0x4e, 0x61, 0x6d, 0x65, 0x29, 0x20, 0x40, 0x74, 0x61, 0x67, 0x29, 0x0a, 0x0a, 0x28,
    0x63, 0x6f, 0x6e, 0x74, 0x65, 0x6e, 0x74, 0x73, 0x70, 0x65, 0x63, 0x0a, 0x20, 0x20, 0x28, 0x5f,
    0x20, 0x28, 0x4e, 0x61, 0x6d, 0x65, 0x29, 0x20, 0x40, 0x70, 0x72, 0x6f, 0x70, 0x65, 0x72, 0x74,
    0x79, 0x29, 0x29, 0x0a, 0x0a, 0x22, 0x23, 0x50, 0x43, 0x44, 0x41, 0x54, 0x41, 0x22, 0x20, 0x40,
    0x74, 0x79, 0x70, 0x65, 0x2e, 0x62, 0x75, 0x69, 0x6c, 0x74, 0x69, 0x6e, 0x0a, 0x0a, 0x5b, 0x20,
    0x22, 0x45, 0x4d, 0x50, 0x54, 0x59, 0x22, 0x20, 0x22, 0x41, 0x4e, 0x59, 0x22, 0x20, 0x5d, 0x20,
    0x40, 0x73, 0x74, 0x72, 0x69, 0x6e, 0x67, 0x2e, 0x73, 0x70, 0x65, 0x63, 0x69, 0x61, 0x6c, 0x2e,
    0x73, 0x79, 0x6d, 0x62, 0x6f, 0x6c, 0x0a, 0x0a, 0x5b, 0x20, 0x22, 0x2a, 0x22, 0x20, 0x22, 0x3f,
    0x22, 0x20, 0x22, 0x2b, 0x22, 0x20, 0x5d, 0x20, 0x40, 0x6f, 0x70, 0x65, 0x72, 0x61, 0x74, 0x6f,
    0x72, 0x0a, 0x0a, 0x3b, 0x3b, 0x20, 0x45, 0x6e, 0x74, 0x69, 0x74, 0x79, 0x20, 0x64, 0x65, 0x63,
    0x6c, 0x61, 0x72, 0x61, 0x74, 0x69, 0x6f, 0x6e, 0x0a, 0x0a, 0x28, 0x47, 0x45, 0x44, 0x65, 0x63,
    0x6c, 0x0a, 0x20, 0x20, 0x22, 0x45, 0x4e, 0x54, 0x49, 0x54, 0x59, 0x22, 0x20, 0x40, 0x6b, 0x65,
    0x79, 0x77, 0x6f, 0x72, 0x64, 0x0a, 0x20, 0x20, 0x28, 0x4e, 0x61, 0x6d, 0x65, 0x29, 0x20, 0x40,
    0x63, 0x6f, 0x6e, 0x73, 0x74, 0x61, 0x6e, 0x74, 0x29, 0x0a, 0x0a, 0x28, 0x47, 0x45, 0x44, 0x65,
    0x63, 0x6c, 0x20, 0x28, 0x45, 0x6e, 0x74, 0x69, 0x74, 0x79, 0x56, 0x61, 0x6c, 0x75, 0x65, 0x29,
    0x20, 0x40, 0x73, 0x74, 0x72, 0x69, 0x6e, 0x67, 0x29, 0x0a, 0x0a, 0x28, 0x4e, 0x44, 0x61, 0x74,
    0x61, 0x44, 0x65, 0x63, 0x6c, 0x0a, 0x20, 0x20, 0x22, 0x4e, 0x44, 0x41, 0x54, 0x41, 0x22, 0x20,
    0x40, 0x6b, 0x65, 0x79, 0x77, 0x6f, 0x72, 0x64, 0x0a, 0x20, 0x20, 0x28, 0x4e, 0x61, 0x6d, 0x65,
    0x29, 0x20, 0x40, 0x6c, 0x61, 0x62, 0x65, 0x6c, 0x29, 0x0a, 0x0a, 0x3b, 0x3b, 0x20, 0x50, 0x61,
    0x72, 0x73, 0x65, 0x64, 0x20, 0x65, 0x6e, 0x74, 0x69, 0x74, 0x79, 0x20, 0x64, 0x65, 0x63, 0x6c,
    0x61, 0x72, 0x61, 0x74, 0x69, 0x6f, 0x6e, 0x0a, 0x0a, 0x28, 0x50, 0x45, 0x44, 0x65, 0x63, 0x6c,
    0x0a, 0x20, 0x20, 0x22, 0x45, 0x4e, 0x54, 0x49, 0x54, 0x59, 0x22, 0x20, 0x40, 0x6b, 0x65, 0x79,
    0x77, 0x6f, 0x72, 0x64, 0x0a, 0x20, 0x20, 0x22, 0x25, 0x22, 0x20, 0x40, 0x6f, 0x70, 0x65, 0x72,
    0x61, 0x74, 0x6f, 0x72, 0x0a, 0x20, 0x20, 0x28, 0x4e, 0x61, 0x6d, 0x65, 0x29, 0x20, 0x40, 0x63,
    0x6f, 0x6e, 0x73, 0x74, 0x61, 0x6e, 0x74, 0x29, 0x0a, 0x0a, 0x28, 0x50, 0x45, 0x44, 0x65, 0x63,
    0x6c, 0x20, 0x28, 0x45, 0x6e, 0x74, 0x69, 0x74, 0x79, 0x56, 0x61, 0x6c, 0x75, 0x65, 0x29, 0x20,
    0x40, 0x73, 0x74, 0x72, 0x69, 0x6e, 0x67, 0x29, 0x0a, 0x0a, 0x3b, 0x3b, 0x20, 0x4e, 0x6f, 0x74,
    0x61, 0x74, 0x69, 0x6f, 0x6e, 0x20, 0x64, 0x65, 0x63, 0x6c, 0x61, 0x72, 0x61, 0x74, 0x69, 0x6f,
    0x6e, 0x0a, 0x0a, 0x28, 0x4e, 0x6f, 0x74, 0x61, 0x74, 0x69, 0x6f, 0x6e, 0x44, 0x65, 0x63, 0x6c,
    0x0a, 0x20, 0x20, 0x22, 0x4e, 0x4f, 0x54, 0x41, 0x54, 0x49, 0x4f, 0x4e, 0x22, 0x20, 0x40, 0x6b,
    0x65, 0x79, 0x77, 0x6f, 0x72, 0x64, 0x0a, 0x20, 0x20, 0x28, 0x4e, 0x61, 0x6d, 0x65, 0x29, 0x20,
    0x40, 0x63, 0x6f, 0x6e, 0x73, 0x74, 0x61, 0x6e, 0x74, 0x29, 0x0a, 0x0a, 0x28, 0x4e, 0x6f, 0x74,
    0x61, 0x74, 0x69, 0x6f, 0x6e, 0x44, 0x65, 0x63, 0x6c, 0x0a, 0x20, 0x20, 0x28, 0x45, 0x78, 0x74,
    0x65, 0x72, 0x6e, 0x61, 0x6c, 0x49, 0x44, 0x0a, 0x20, 0x20, 0x20, 0x20, 0x28, 0x53, 0x79, 0x73,
    0x74, 0x65, 0x6d, 0x4c, 0x69, 0x74, 0x65, 0x72, 0x61, 0x6c, 0x20, 0x28, 0x55, 0x52, 0x49, 0x29,
    0x20, 0x40, 0x73, 0x74, 0x72, 0x69, 0x6e, 0x67, 0x2e, 0x73, 0x70, 0x65, 0x63, 0x69, 0x61, 0x6c,
    0x29, 0x29, 0x29, 0x0a, 0x0a, 0x3b, 0x3b, 0x20, 0x41, 0x74, 0x74, 0x6c, 0x69, 0x73, 0x74, 0x20,
    0x64, 0x65, 0x63, 0x6c, 0x61, 0x72, 0x61, 0x74, 0x69, 0x6f, 0x6e, 0x0a, 0x0a, 0x28, 0x41, 0x74,
    0x74, 0x6c, 0x69, 0x73, 0x74, 0x44, 0x65, 0x63, 0x6c, 0x0a, 0x20, 0x20, 0x22, 0x41, 0x54, 0x54,
    0x4c, 0x49, 0x53, 0x54, 0x22, 0x20, 0x40, 0x6b, 0x65, 0x79, 0x77, 0x6f, 0x72, 0x64, 0x0a, 0x20,
    0x20, 0x28, 0x4e, 0x61, 0x6d, 0x65, 0x29, 0x20, 0x40, 0x74, 0x61, 0x67, 0x29, 0x0a, 0x0a, 0x28,
    0x41, 0x74, 0x74, 0x44, 0x65, 0x66, 0x20, 0x28, 0x4e, 0x61, 0x6d, 0x65, 0x29, 0x20, 0x40, 0x70,
    0x72, 0x6f, 0x70, 0x65, 0x72, 0x74, 0x79, 0x29, 0x0a, 0x0a, 0x28, 0x41, 0x74, 0x74, 0x44, 0x65,
    0x66, 0x20, 0x28, 0x45, 0x6e, 0x75, 0x6d, 0x65, 0x72, 0x61, 0x74, 0x69, 0x6f, 0x6e, 0x20, 0x28,
    0x4e, 0x6d, 0x74, 0x6f, 0x6b, 0x65, 0x6e, 0x29, 0x20, 0x40, 0x73, 0x74, 0x72, 0x69, 0x6e, 0x67,
    0x29, 0x29, 0x0a, 0x0a, 0x28, 0x44, 0x65, 0x66, 0x61, 0x75, 0x6c, 0x74, 0x44, 0x65, 0x63, 0x6c,
    0x20, 0x28, 0x41, 0x74, 0x74, 0x56, 0x61, 0x6c, 0x75, 0x65, 0x29, 0x20, 0x40, 0x73, 0x74, 0x72,
    0x69, 0x6e, 0x67, 0x29, 0x0a, 0x0a, 0x5b, 0x0a, 0x20, 0x20, 0x28, 0x53, 0x74, 0x72, 0x69, 0x6e,
    0x67, 0x54, 0x79, 0x70, 0x65, 0x29, 0x0a, 0x20, 0x20, 0x28, 0x54, 0x6f, 0x6b, 0x65, 0x6e, 0x69,
    0x7a, 0x65, 0x64, 0x54, 0x79, 0x70, 0x65, 0x29, 0x0a, 0x5d, 0x20, 0x40, 0x74, 0x79, 0x70, 0x65,
    0x2e, 0x62, 0x75, 0x69, 0x6c, 0x74, 0x69, 0x6e, 0x0a, 0x0a, 0x28, 0x4e, 0x6f, 0x74, 0x61, 0x74,
    0x69, 0x6f, 0x6e, 0x54, 0x79, 0x70, 0x65, 0x20, 0x22, 0x4e, 0x4f, 0x54, 0x41, 0x54, 0x49, 0x4f,
    0x4e, 0x22, 0x20, 0x40, 0x74, 0x79, 0x70, 0x65, 0x2e, 0x62, 0x75, 0x69, 0x6c, 0x74, 0x69, 0x6e,
    0x29, 0x0a, 0x0a, 0x5b, 0x0a, 0x20, 0x20, 0x22, 0x23, 0x52, 0x45, 0x51, 0x55, 0x49, 0x52, 0x45,
    0x44, 0x22, 0x0a, 0x20, 0x20, 0x22, 0x23, 0x49, 0x4d, 0x50, 0x4c, 0x49, 0x45, 0x44, 0x22, 0x0a,
    0x20, 0x20, 0x22, 0x23, 0x46, 0x49, 0x58, 0x45, 0x44, 0x22, 0x0a, 0x5d, 0x20, 0x40, 0x61, 0x74,
    0x74, 0x72, 0x69, 0x62, 0x75, 0x74, 0x65, 0x0a, 0x0a, 0x3b, 0x3b, 0x20, 0x45, 0x6e, 0x74, 0x69,
    0x74, 0x69, 0x65, 0x73, 0x0a, 0x0a, 0x28, 0x45, 0x6e, 0x74, 0x69, 0x74, 0x79, 0x52, 0x65, 0x66,
    0x29, 0x20, 0x40, 0x63, 0x6f, 0x6e, 0x73, 0x74, 0x61, 0x6e, 0x74, 0x0a, 0x0a, 0x28, 0x28, 0x45,
    0x6e, 0x74, 0x69, 0x74, 0x79, 0x52, 0x65, 0x66, 0x29, 0x20, 0x40, 0x63, 0x6f, 0x6e, 0x73, 0x74,
    0x61, 0x6e, 0x74, 0x2e, 0x62, 0x75, 0x69, 0x6c, 0x74, 0x69, 0x6e, 0x0a, 0x20, 0x28, 0x23, 0x61,
    0x6e, 0x79, 0x2d, 0x6f, 0x66, 0x3f, 0x20, 0x40, 0x63, 0x6f, 0x6e, 0x73, 0x74, 0x61, 0x6e, 0x74,
    0x2e, 0x62, 0x75, 0x69, 0x6c, 0x74, 0x69, 0x6e, 0x0a, 0x20, 0x20, 0x20, 0x22, 0x26, 0x61, 0x6d,
    0x70, 0x3b, 0x22, 0x20, 0x22, 0x26, 0x6c, 0x74, 0x3b, 0x22, 0x20, 0x22, 0x26, 0x67, 0x74, 0x3b,
    0x22, 0x20, 0x22, 0x26, 0x71, 0x75, 0x6f, 0x74, 0x3b, 0x22, 0x20, 0x22, 0x26, 0x61, 0x70, 0x6f,
    0x73, 0x3b, 0x22, 0x29, 0x29, 0x0a, 0x0a, 0x28, 0x43, 0x68, 0x61, 0x72, 0x52, 0x65, 0x66, 0x29,
    0x20, 0x40, 0x63, 0x6f, 0x6e, 0x73, 0x74, 0x61, 0x6e, 0x74, 0x0a, 0x0a, 0x28, 0x50, 0x45, 0x52,
    0x65, 0x66, 0x65, 0x72, 0x65, 0x6e, 0x63, 0x65, 0x29, 0x20, 0x40, 0x63, 0x6f, 0x6e, 0x73, 0x74,
    0x61, 0x6e, 0x74, 0x0a, 0x0a, 0x3b, 0x3b, 0x20, 0x45, 0x78, 0x74, 0x65, 0x72, 0x6e, 0x61, 0x6c,
    0x20, 0x72, 0x65, 0x66, 0x65, 0x72, 0x65, 0x6e, 0x63, 0x65, 0x73, 0x0a, 0x0a, 0x5b, 0x20, 0x22,
    0x50, 0x55, 0x42, 0x4c, 0x49, 0x43, 0x22, 0x20, 0x22, 0x53, 0x59, 0x53, 0x54, 0x45, 0x4d, 0x22,
    0x20, 0x5d, 0x20, 0x40, 0x6b, 0x65, 0x79, 0x77, 0x6f, 0x72, 0x64, 0x0a, 0x0a, 0x28, 0x50, 0x75,
    0x62, 0x69, 0x64, 0x4c, 0x69, 0x74, 0x65, 0x72, 0x61, 0x6c, 0x29, 0x20, 0x40, 0x73, 0x74, 0x72,
    0x69, 0x6e, 0x67, 0x2e, 0x73, 0x70, 0x65, 0x63, 0x69, 0x61, 0x6c, 0x0a, 0x0a, 0x28, 0x53, 0x79,
    0x73, 0x74, 0x65, 0x6d, 0x4c, 0x69, 0x74, 0x65, 0x72, 0x61, 0x6c, 0x20, 0x28, 0x55, 0x52, 0x49,
    0x29, 0x20, 0x40, 0x6d, 0x61, 0x72, 0x6b, 0x75, 0x70, 0x2e, 0x6c, 0x69, 0x6e, 0x6b, 0x29, 0x0a,
    0x0a, 0x3b, 0x3b, 0x20, 0x50, 0x72, 0x6f, 0x63, 0x65, 0x73, 0x73, 0x69, 0x6e, 0x67, 0x20, 0x69,
    0x6e, 0x73, 0x74, 0x72, 0x75, 0x63, 0x74, 0x69, 0x6f, 0x6e, 0x73, 0x0a, 0x0a, 0x28, 0x58, 0x6d,
    0x6c, 0x4d, 0x6f, 0x64, 0x65, 0x6c, 0x50, 0x49, 0x20, 0x22, 0x78, 0x6d, 0x6c, 0x2d, 0x6d, 0x6f,
    0x64, 0x65, 0x6c, 0x22, 0x20, 0x40, 0x6b, 0x65, 0x79, 0x77, 0x6f, 0x72, 0x64, 0x29, 0x0a, 0x0a,
    0x28, 0x53, 0x74, 0x79, 0x6c, 0x65, 0x53, 0x68, 0x65, 0x65, 0x74, 0x50, 0x49, 0x20, 0x22, 0x78,
    0x6d, 0x6c, 0x2d, 0x73, 0x74, 0x79, 0x6c, 0x65, 0x73, 0x68, 0x65, 0x65, 0x74, 0x22, 0x20, 0x40,
    0x6b, 0x65, 0x79, 0x77, 0x6f, 0x72, 0x64, 0x29, 0x0a, 0x0a, 0x28, 0x50, 0x73, 0x65, 0x75, 0x64,
    0x6f, 0x41, 0x74, 0x74, 0x20, 0x28, 0x4e, 0x61, 0x6d, 0x65, 0x29, 0x20, 0x40, 0x70, 0x72, 0x6f,
    0x70, 0x65, 0x72, 0x74, 0x79, 0x29, 0x0a, 0x0a, 0x28, 0x50, 0x73, 0x65, 0x75, 0x64, 0x6f, 0x41,
    0x74, 0x74, 0x20, 0x28, 0x50, 0x73, 0x65, 0x75, 0x64, 0x6f, 0x41, 0x74, 0x74, 0x56, 0x61, 0x6c,
    0x75, 0x65, 0x29, 0x20, 0x40, 0x73, 0x74, 0x72, 0x69, 0x6e, 0x67, 0x29, 0x0a, 0x0a, 0x3b, 0x3b,
    0x20, 0x44, 0x6f, 0x63, 0x74, 0x79, 0x70, 0x65, 0x20, 0x64, 0x65, 0x63, 0x6c, 0x61, 0x72, 0x61,
    0x74, 0x69, 0x6f, 0x6e, 0x0a, 0x0a, 0x28, 0x64, 0x6f, 0x63, 0x74, 0x79, 0x70, 0x65, 0x64, 0x65,
    0x63, 0x6c, 0x20, 0x22, 0x44, 0x4f, 0x43, 0x54, 0x59, 0x50, 0x45, 0x22, 0x20, 0x40, 0x6b, 0x65,
    0x79, 0x77, 0x6f, 0x72, 0x64, 0x29, 0x0a, 0x0a, 0x28, 0x64, 0x6f, 0x63, 0x74, 0x79, 0x70, 0x65,
    0x64, 0x65, 0x63, 0x6c, 0x20, 0x28, 0x4e, 0x61, 0x6d, 0x65, 0x29, 0x20, 0x40, 0x74, 0x79, 0x70,
    0x65, 0x29, 0x0a, 0x0a, 0x3b, 0x3b, 0x20, 0x54, 0x61, 0x67, 0x73, 0x0a, 0x0a, 0x28, 0x53, 0x54,
    0x61, 0x67, 0x20, 0x28, 0x4e, 0x61, 0x6d, 0x65, 0x29, 0x20, 0x40, 0x74, 0x61, 0x67, 0x29, 0x0a,
    0x0a, 0x28, 0x45, 0x54, 0x61, 0x67, 0x20, 0x28, 0x4e, 0x61, 0x6d, 0x65, 0x29, 0x20, 0x40, 0x74,
    0x61, 0x67, 0x29, 0x0a, 0x0a, 0x28, 0x45, 0x6d, 0x70, 0x74, 0x79, 0x45, 0x6c, 0x65, 0x6d, 0x54,
    0x61, 0x67, 0x20, 0x28, 0x4e, 0x61, 0x6d, 0x65, 0x29, 0x20, 0x40, 0x74, 0x61, 0x67, 0x29, 0x0a,
    0x0a, 0x3b, 0x3b, 0x20, 0x41, 0x74, 0x74, 0x72, 0x69, 0x62, 0x75, 0x74, 0x65, 0x73, 0x0a, 0x0a,
    0x28, 0x41, 0x74, 0x74, 0x72, 0x69, 0x62, 0x75, 0x74, 0x65, 0x20, 0x28, 0x4e, 0x61, 0x6d, 0x65,
    0x29, 0x20, 0x40, 0x70, 0x72, 0x6f, 0x70, 0x65, 0x72, 0x74, 0x79, 0x29, 0x0a, 0x0a, 0x28, 0x41,
    0x74, 0x74, 0x72, 0x69, 0x62, 0x75, 0x74, 0x65, 0x20, 0x28, 0x41, 0x74, 0x74, 0x56, 0x61, 0x6c,
    0x75, 0x65, 0x29, 0x20, 0x40, 0x73, 0x74, 0x72, 0x69, 0x6e, 0x67, 0x29, 0x0a, 0x0a, 0x3b, 0x3b,
    0x20, 0x44, 0x65, 0x6c, 0x69, 0x6d, 0x69, 0x74, 0x65, 0x72, 0x73, 0x20, 0x26, 0x20, 0x70, 0x75,
    0x6e, 0x63, 0x74, 0x75, 0x61, 0x74, 0x69, 0x6f, 0x6e, 0x0a, 0x0a, 0x5b, 0x0a, 0x20, 0x22, 0x3c,
    0x3f, 0x22, 0x20, 0x22, 0x3f, 0x3e, 0x22, 0x0a, 0x20, 0x22, 0x3c, 0x21, 0x22, 0x20, 0x22, 0x5d,
    0x5d, 0x3e, 0x22, 0x0a, 0x20, 0x22, 0x3c, 0x22, 0x20, 0x22, 0x3e, 0x22, 0x0a, 0x20, 0x22, 0x3c,
    0x2f, 0x22, 0x20, 0x22, 0x2f, 0x3e, 0x22, 0x0a, 0x5d, 0x20, 0x40, 0x70, 0x75, 0x6e, 0x63, 0x74,
    0x75, 0x61, 0x74, 0x69, 0x6f, 0x6e, 0x2e, 0x64, 0x65, 0x6c, 0x69, 0x6d, 0x69, 0x74, 0x65, 0x72,
    0x0a, 0x0a, 0x5b, 0x20, 0x22, 0x28, 0x22, 0x20, 0x22, 0x29, 0x22, 0x20, 0x22, 0x5b, 0x22, 0x20,
    0x22, 0x5d, 0x22, 0x20, 0x5d, 0x20, 0x40, 0x70, 0x75, 0x6e, 0x63, 0x74, 0x75, 0x61, 0x74, 0x69,
    0x6f, 0x6e, 0x2e, 0x62, 0x72, 0x61, 0x63, 0x6b, 0x65, 0x74, 0x0a, 0x0a, 0x5b, 0x20, 0x22, 0x5c,
    0x22, 0x22, 0x20, 0x22, 0x27, 0x22, 0x20, 0x5d, 0x20, 0x40, 0x70, 0x75, 0x6e, 0x63, 0x74, 0x75,
    0x61, 0x74, 0x69, 0x6f, 0x6e, 0x2e, 0x64, 0x65, 0x6c, 0x69, 0x6d, 0x69, 0x74, 0x65, 0x72, 0x0a,
    0x0a, 0x5b, 0x20, 0x22, 0x2c, 0x22, 0x20, 0x22, 0x7c, 0x22, 0x20, 0x22, 0x3d, 0x22, 0x20, 0x5d,
    0x20, 0x40, 0x6f, 0x70, 0x65, 0x72, 0x61, 0x74, 0x6f, 0x72, 0x0a, 0x0a, 0x3b, 0x3b, 0x20, 0x54,
    0x65, 0x78, 0x74, 0x0a, 0x0a, 0x28, 0x43, 0x68, 0x61, 0x72, 0x44, 0x61, 0x74, 0x61, 0x29, 0x20,
    0x40, 0x6d, 0x61, 0x72, 0x6b, 0x75, 0x70, 0x0a, 0x0a, 0x28, 0x43, 0x44, 0x53, 0x65, 0x63, 0x74,
    0x0a, 0x20, 0x20, 0x28, 0x43, 0x44, 0x53, 0x74, 0x61, 0x72, 0x74, 0x29, 0x20, 0x40, 0x6d, 0x61,
    0x72, 0x6b, 0x75, 0x70, 0x2e, 0x68, 0x65, 0x61, 0x64, 0x69, 0x6e, 0x67, 0x0a, 0x20, 0x20, 0x28,
    0x43, 0x44, 0x61, 0x74, 0x61, 0x29, 0x20, 0x40, 0x6d, 0x61, 0x72, 0x6b, 0x75, 0x70, 0x2e, 0x72,
    0x61, 0x77, 0x0a, 0x20, 0x20, 0x22, 0x5d, 0x5d, 0x3e, 0x22, 0x20, 0x40, 0x6d, 0x61, 0x72, 0x6b,
    0x75, 0x70, 0x2e, 0x68, 0x65, 0x61, 0x64, 0x69, 0x6e, 0x67, 0x29, 0x0a, 0x0a, 0x3b, 0x3b, 0x20,
    0x4d, 0x69, 0x73, 0x63, 0x0a, 0x0a, 0x28, 0x43, 0x6f, 0x6d, 0x6d, 0x65, 0x6e, 0x74, 0x29, 0x20,
    0x40, 0x63, 0x6f, 0x6d, 0x6d, 0x65, 0x6e, 0x74, 0x0a, 0x0a, 0x28, 0x45, 0x52, 0x52, 0x4f, 0x52,
    0x29, 0x20, 0x40, 0x65, 0x72, 0x72, 0x6f, 0x72, 0x0a,
};

static const unsigned char query_dockerfile[] = {
    0x5b, 0x0a, 0x09, 0x22, 0x46, 0x52, 0x4f, 0x4d, 0x22, 0x0a, 0x09, 0x22, 0x41, 0x53, 0x22, 0x0a,
    0x09, 0x22, 0x52, 0x55, 0x4e, 0x22, 0x0a, 0x09, 0x22, 0x43, 0x4d, 0x44, 0x22, 0x0a, 0x09, 0x22,
    0x4c, 0x41, 0x42, 0x45, 0x4c, 0x22, 0x0a, 0x09, 0x22, 0x45, 0x58, 0x50, 0x4f, 0x53, 0x45, 0x22,
    0x0a, 0x09, 0x22, 0x45, 0x4e, 0x56, 0x22, 0x0a, 0x09, 0x22, 0x41, 0x44, 0x44, 0x22, 0x0a, 0x09,
    0x22, 0x43, 0x4f, 0x50, 0x59, 0x22, 0x0a, 0x09, 0x22, 0x45, 0x4e, 0x54, 0x52, 0x59, 0x50, 0x4f,
    0x49, 0x4e, 0x54, 0x22, 0x0a, 0x09, 0x22, 0x56, 0x4f, 0x4c, 0x55, 0x4d, 0x45, 0x22, 0x0a, 0x09,
    0x22, 0x55, 0x53, 0x45, 0x52, 0x22, 0x0a, 0x09, 0x22, 0x57, 0x4f, 0x52, 0x4b, 0x44, 0x49, 0x52,
    0x22, 0x0a, 0x09, 0x22, 0x41, 0x52, 0x47, 0x22, 0x0a, 0x09, 0x22, 0x4f, 0x4e, 0x42, 0x55, 0x49,
    0x4c, 0x44, 0x22, 0x0a, 0x09, 0x22, 0x53, 0x54, 0x4f, 0x50, 0x53, 0x49, 0x47, 0x4e, 0x41, 0x4c,
    0x22, 0x0a, 0x09, 0x22, 0x48, 0x45, 0x41, 0x4c, 0x54, 0x48, 0x43, 0x48, 0x45, 0x43, 0x4b, 0x22,
    0x0a, 0x09, 0x22, 0x53, 0x48, 0x45, 0x4c, 0x4c, 0x22, 0x0a, 0x09, 0x22, 0x4d, 0x41, 0x49, 0x4e,
    0x54, 0x41, 0x49, 0x4e, 0x45, 0x52, 0x22, 0x0a, 0x09, 0x22, 0x43, 0x52, 0x4f, 0x53, 0x53, 0x5f,
    0x42, 0x55, 0x49, 0x4c, 0x44, 0x22, 0x0a, 0x09, 0x28, 0x68, 0x65, 0x72, 0x65, 0x64, 0x6f, 0x63,
    0x5f, 0x6d, 0x61, 0x72, 0x6b, 0x65, 0x72, 0x29, 0x0a, 0x09, 0x28, 0x68, 0x65, 0x72, 0x65, 0x64,
    0x6f, 0x63, 0x5f, 0x65, 0x6e, 0x64, 0x29, 0x0a, 0x5d, 0x20, 0x40, 0x6b, 0x65, 0x79, 0x77, 0x6f,
    0x72, 0x64, 0x0a, 0x0a, 0x5b, 0x0a, 0x09, 0x22, 0x3a, 0x22, 0x0a, 0x09, 0x22, 0x40, 0x22, 0x0a,
    0x5d, 0x20, 0x40, 0x6f, 0x70, 0x65, 0x72, 0x61, 0x74, 0x6f, 0x72, 0x0a, 0x0a, 0x28, 0x63, 0x6f,
    0x6d, 0x6d, 0x65, 0x6e, 0x74, 0x29, 0x20, 0x40, 0x63, 0x6f, 0x6d, 0x6d, 0x65, 0x6e, 0x74, 0x0a,
    0x0a, 0x0a, 0x28, 0x69, 0x6d, 0x61, 0x67, 0x65, 0x5f, 0x73, 0x70, 0x65, 0x63, 0x0a, 0x09, 0x28,
    0x69, 0x6d, 0x61, 0x67, 0x65, 0x5f, 0x74, 0x61, 0x67, 0x0a, 0x09, 0x09, 0x22, 0x3a, 0x22, 0x20,
    0x40, 0x70, 0x75, 0x6e, 0x63, 0x74, 0x75, 0x61, 0x74, 0x69, 0x6f, 0x6e, 0x2e, 0x73, 0x70, 0x65,
    0x63, 0x69, 0x61, 0x6c, 0x29, 0x0a, 0x09, 0x28, 0x69, 0x6d, 0x61, 0x67, 0x65, 0x5f, 0x64, 0x69,
    0x67, 0x65, 0x73, 0x74, 0x0a, 0x09, 0x09, 0x22, 0x40, 0x22, 0x20, 0x40, 0x70, 0x75, 0x6e, 0x63,
    0x74, 0x75, 0x61, 0x74, 0x69, 0x6f, 0x6e, 0x2e, 0x73, 0x70, 0x65, 0x63, 0x69, 0x61, 0x6c, 0x29,
    0x29, 0x0a, 0x0a, 0x5b, 0x0a, 0x09, 0x28, 0x64, 0x6f, 0x75, 0x62, 0x6c, 0x65, 0x5f, 0x71, 0x75,
    0x6f, 0x74, 0x65, 0x64, 0x5f, 0x73, 0x74, 0x72, 0x69, 0x6e, 0x67, 0x29, 0x0a, 0x09, 0x28, 0x73,
    0x69, 0x6e, 0x67, 0x6c, 0x65, 0x5f, 0x71, 0x75, 0x6f, 0x74, 0x65, 0x64, 0x5f, 0x73, 0x74, 0x72,
    0x69, 0x6e, 0x67, 0x29, 0x0a, 0x09, 0x28, 0x6a, 0x73, 0x6f, 0x6e, 0x5f, 0x73, 0x74, 0x72, 0x69,
    0x6e, 0x67, 0x29, 0x0a, 0x09, 0x28, 0x68, 0x65, 0x72, 0x65, 0x64, 0x6f, 0x63, 0x5f, 0x6c, 0x69,
    0x6e, 0x65, 0x29, 0x0a, 0x5d, 0x20, 0x40, 0x73, 0x74, 0x72, 0x69, 0x6e, 0x67, 0x0a, 0x0a, 0x28,
    0x65, 0x78, 0x70, 0x61, 0x6e, 0x73, 0x69, 0x6f, 0x6e, 0x0a, 0x20, 0x20, 0x5b, 0x0a, 0x09, 0x22,
    0x24, 0x22, 0x0a, 0x09, 0x22, 0x7b, 0x22, 0x0a, 0x09, 0x22, 0x7d, 0x22, 0x0a, 0x20, 0x20, 0x5d,
    0x20, 0x40, 0x70, 0x75, 0x6e, 0x63, 0x74, 0x75, 0x61, 0x74, 0x69, 0x6f, 0x6e, 0x2e, 0x73, 0x70,
    0x65, 0x63, 0x69, 0x61, 0x6c, 0x0a, 0x29, 0x20, 0x40, 0x6e, 0x6f, 0x6e, 0x65, 0x0a, 0x0a, 0x28,
    0x28, 0x76, 0x61, 0x72, 0x69, 0x61, 0x62, 0x6c, 0x65, 0x29, 0x20, 0x40, 0x63, 0x6f, 0x6e, 0x73,
    0x74, 0x61, 0x6e, 0x74, 0x0a, 0x20, 0x28, 0x23, 0x6d, 0x61, 0x74, 0x63, 0x68, 0x3f, 0x20, 0x40,
    0x63, 0x6f, 0x6e, 0x73, 0x74, 0x61, 0x6e, 0x74, 0x20, 0x22, 0x5e, 0x5b, 0x41, 0x2d, 0x5a, 0x5d,
    0x5b, 0x41, 0x2d, 0x5a, 0x5f, 0x30, 0x2d, 0x39, 0x5d, 0x2a, 0x24, 0x22, 0x29, 0x29, 0x0a, 0x0a,
    0x0a,
};

static const unsigned char query_cmake[] = {
    0x28, 0x6e, 0x6f, 0x72, 0x6d, 0x61, 0x6c, 0x5f, 0x63, 0x6f, 0x6d, 0x6d, 0x61, 0x6e, 0x64, 0x0a,
    0x20, 0x20, 0x28, 0x69, 0x64, 0x65, 0x6e, 0x74, 0x69, 0x66, 0x69, 0x65, 0x72, 0x29, 0x0a, 0x20,
    0x20, 0x28, 0x61, 0x72, 0x67, 0x75, 0x6d, 0x65, 0x6e, 0x74, 0x5f, 0x6c, 0x69, 0x73, 0x74, 0x0a,
    0x20, 0x20, 0x20, 0x20, 0x28, 0x61, 0x72, 0x67, 0x75, 0x6d, 0x65, 0x6e, 0x74, 0x0a, 0x20, 0x20,
    0x20, 0x20, 0x20, 0x20, 0x28, 0x75, 0x6e, 0x71, 0x75, 0x6f, 0x74, 0x65, 0x64, 0x5f, 0x61, 0x72,
    0x67, 0x75, 0x6d, 0x65, 0x6e, 0x74, 0x29, 0x29, 0x20, 0x40, 0x63, 0x6f, 0x6e, 0x73, 0x74, 0x61,
    0x6e, 0x74, 0x29, 0x0a, 0x20, 0x20, 0x28, 0x23, 0x6c, 0x75, 0x61, 0x2d, 0x6d, 0x61, 0x74, 0x63,
    0x68, 0x3f, 0x20, 0x40, 0x63, 0x6f, 0x6e, 0x73, 0x74, 0x61, 0x6e, 0x74, 0x20, 0x22, 0x5e, 0x5b,
    0x25, 0x75, 0x40, 0x5d, 0x5b, 0x25, 0x75, 0x25, 0x64, 0x5f, 0x5d, 0x2b, 0x24, 0x22, 0x29, 0x29,
    0x0a, 0x0a, 0x5b, 0x0a, 0x20, 0x20, 0x28, 0x71, 0x75, 0x6f, 0x74, 0x65, 0x64, 0x5f, 0x61, 0x72,
    0x67, 0x75, 0x6d, 0x65, 0x6e, 0x74, 0x29, 0x0a, 0x20, 0x20, 0x28, 0x62, 0x72, 0x61, 0x63, 0x6b,
    0x65, 0x74, 0x5f, 0x61, 0x72, 0x67, 0x75, 0x6d, 0x65, 0x6e, 0x74, 0x29, 0x0a, 0x5d, 0x20, 0x40,
    0x73, 0x74, 0x72, 0x69, 0x6e, 0x67, 0x0a, 0x0a, 0x28, 0x76, 0x61, 0x72, 0x69, 0x61, 0x62, 0x6c,
    0x65, 0x5f, 0x72, 0x65, 0x66, 0x29, 0x20, 0x40, 0x6e, 0x6f, 0x6e, 0x65, 0x0a, 0x0a, 0x28, 0x76,
    0x61, 0x72, 0x69, 0x61, 0x62, 0x6c, 0x65, 0x29, 0x20, 0x40, 0x76, 0x61, 0x72, 0x69, 0x61, 0x62,
    0x6c, 0x65, 0x0a, 0x0a, 0x5b, 0x0a, 0x20, 0x20, 0x28, 0x62, 0x72, 0x61, 0x63, 0x6b, 0x65, 0x74,
    0x5f, 0x63, 0x6f, 0x6d, 0x6d, 0x65, 0x6e, 0x74, 0x29, 0x0a, 0x20, 0x20, 0x28, 0x6c, 0x69, 0x6e,
    0x65, 0x5f, 0x63, 0x6f, 0x6d, 0x6d, 0x65, 0x6e, 0x74, 0x29, 0x0a, 0x5d, 0x20, 0x40, 0x63, 0x6f,
    0x6d, 0x6d, 0x65, 0x6e, 0x74, 0x20, 0x40, 0x73, 0x70, 0x65, 0x6c, 0x6c, 0x0a, 0x0a, 0x28, 0x6e,
    0x6f, 0x72, 0x6d, 0x61, 0x6c, 0x5f, 0x63, 0x6f, 0x6d, 0x6d, 0x61, 0x6e, 0x64, 0x0a, 0x20, 0x20,
    0x28, 0x69, 0x64, 0x65, 0x6e, 0x74, 0x69, 0x66, 0x69, 0x65, 0x72, 0x29, 0x20, 0x40, 0x66, 0x75,
    0x6e, 0x63, 0x74, 0x69, 0x6f, 0x6e, 0x29, 0x0a, 0x0a, 0x5b, 0x0a, 0x20, 0x20, 0x22, 0x45, 0x4e,
    0x56, 0x22, 0x0a, 0x20, 0x20, 0x22, 0x43, 0x41, 0x43, 0x48, 0x45, 0x22, 0x0a, 0x5d, 0x20, 0x40,
    0x6d, 0x6f, 0x64, 0x75, 0x6c, 0x65, 0x0a, 0x0a, 0x5b, 0x0a, 0x20, 0x20, 0x22, 0x24, 0x22, 0x0a,
    0x20, 0x20, 0x22, 0x7b, 0x22, 0x0a, 0x20, 0x20, 0x22, 0x7d, 0x22, 0x0a, 0x5d, 0x20, 0x40, 0x70,
    0x75, 0x6e, 0x63, 0x74, 0x75, 0x61, 0x74, 0x69, 0x6f, 0x6e, 0x2e, 0x73, 0x70, 0x65, 0x63, 0x69,
    0x61, 0x6c, 0x0a, 0x0a, 0x5b, 0x0a, 0x20, 0x20, 0x22, 0x28, 0x22, 0x0a, 0x20, 0x20, 0x22, 0x29,
    0x22, 0x0a, 0x5d, 0x20, 0x40, 0x70, 0x75, 0x6e, 0x63, 0x74, 0x75, 0x61, 0x74, 0x69, 0x6f, 0x6e,
    0x2e, 0x62, 0x72, 0x61, 0x63, 0x6b, 0x65, 0x74, 0x0a, 0x0a, 0x5b, 0x0a, 0x20, 0x20, 0x28, 0x66,
    0x75, 0x6e, 0x63, 0x74, 0x69, 0x6f, 0x6e, 0x29, 0x0a, 0x20, 0x20, 0x28, 0x65, 0x6e, 0x64, 0x66,
    0x75, 0x6e, 0x63, 0x74, 0x69, 0x6f, 0x6e, 0x29, 0x0a, 0x20, 0x20, 0x28, 0x6d, 0x61, 0x63, 0x72,
    0x6f, 0x29, 0x0a, 0x20, 0x20, 0x28, 0x65, 0x6e, 0x64, 0x6d, 0x61, 0x63, 0x72, 0x6f, 0x29, 0x0a,
    0x5d, 0x20, 0x40, 0x6b, 0x65, 0x79, 0x77, 0x6f, 0x72, 0x64, 0x2e, 0x66, 0x75, 0x6e, 0x63, 0x74,
    0x69, 0x6f, 0x6e, 0x0a, 0x0a, 0x5b, 0x0a, 0x20, 0x20, 0x28, 0x69, 0x66, 0x29, 0x0a, 0x20, 0x20,
    0x28, 0x65, 0x6c, 0x73, 0x65, 0x69, 0x66, 0x29, 0x0a, 0x20, 0x20, 0x28, 0x65, 0x6c, 0x73, 0x65,
    0x29, 0x0a, 0x20, 0x20, 0x28, 0x65, 0x6e, 0x64, 0x69, 0x66, 0x29, 0x0a, 0x5d, 0x20, 0x40, 0x6b,
    0x65, 0x79, 0x77, 0x6f, 0x72, 0x64, 0x2e, 0x63, 0x6f, 0x6e, 0x64, 0x69, 0x74, 0x69, 0x6f, 0x6e,
    0x61, 0x6c, 0x0a, 0x0a, 0x5b, 0x0a, 0x20, 0x20, 0x28, 0x66, 0x6f, 0x72, 0x65, 0x61, 0x63, 0x68,
    0x29, 0x0a, 0x20, 0x20, 0x28, 0x65, 0x6e, 0x64, 0x66, 0x6f, 0x72, 0x65, 0x61, 0x63, 0x68, 0x29,
    0x0a, 0x20, 0x20, 0x28, 0x77, 0x68, 0x69, 0x6c, 0x65, 0x29, 0x0a, 0x20, 0x20, 0x28, 0x65, 0x6e,
    0x64, 0x77, 0x68, 0x69, 0x6c, 0x65, 0x29, 0x0a, 0x5d, 0x20, 0x40, 0x6b, 0x65, 0x79, 0x77, 0x6f,
    0x72, 0x64, 0x2e, 0x72, 0x65, 0x70, 0x65, 0x61, 0x74, 0x0a, 0x0a, 0x28, 0x6e, 0x6f, 0x72, 0x6d,
    0x61, 0x6c, 0x5f, 0x63, 0x6f, 0x6d, 0x6d, 0x61, 0x6e, 0x64, 0x0a, 0x20, 0x20, 0x28, 0x69, 0x64,
    0x65, 0x6e, 0x74, 0x69, 0x66, 0x69, 0x65, 0x72, 0x29, 0x20, 0x40, 0x6b, 0x65, 0x79, 0x77, 0x6f,
    0x72, 0x64, 0x2e, 0x72, 0x65, 0x70, 0x65, 0x61, 0x74, 0x0a, 0x20, 0x20, 0x28, 0x23, 0x6d, 0x61,
    0x74, 0x63, 0x68, 0x3f, 0x20, 0x40, 0x6b, 0x65, 0x79, 0x77, 0x6f, 0x72, 0x64, 0x2e, 0x72, 0x65,
    0x70, 0x65, 0x61, 0x74, 0x20, 0x22, 0x5e, 0x28, 0x5b, 0x63, 0x43, 0x5d, 0x5b, 0x6f, 0x4f, 0x5d,
    0x5b, 0x6e, 0x4e, 0x5d, 0x5b, 0x74, 0x54, 0x5d, 0x5b, 0x69, 0x49, 0x5d, 0x5b, 0x6e, 0x4e, 0x5d,
    0x5b, 0x75, 0x55, 0x5d, 0x5b, 0x65, 0x45, 0x5d, 0x7c, 0x5b, 0x62, 0x42, 0x5d, 0x5b, 0x72, 0x52,
    0x5d, 0x5b, 0x65, 0x45, 0x5d, 0x5b, 0x61, 0x41, 0x5d, 0x5b, 0x6b, 0x4b, 0x5d, 0x29, 0x24, 0x22,
    0x29, 0x29, 0x0a, 0x0a, 0x28, 0x6e, 0x6f, 0x72, 0x6d, 0x61, 0x6c, 0x5f, 0x63, 0x6f, 0x6d, 0x6d,
    0x61, 0x6e, 0x64, 0x0a, 0x20, 0x20, 0x28, 0x69, 0x64, 0x65, 0x6e, 0x74, 0x69, 0x66, 0x69, 0x65,
    0x72, 0x29, 0x20, 0x40, 0x6b, 0x65, 0x79, 0x77, 0x6f, 0x72, 0x64, 0x2e, 0x72, 0x65, 0x74, 0x75,
    0x72, 0x6e, 0x0a, 0x20, 0x20, 0x28, 0x23, 0x6d, 0x61, 0x74, 0x63, 0x68, 0x3f, 0x20, 0x40, 0x6b,
    0x65, 0x79, 0x77, 0x6f, 0x72, 0x64, 0x2e, 0x72, 0x65, 0x74, 0x75, 0x72, 0x6e, 0x20, 0x22, 0x5e,
    0x5b, 0x72, 0x52, 0x5d, 0x5b, 0x65, 0x45, 0x5d, 0x5b, 0x74, 0x54, 0x5d, 0x5b, 0x75, 0x55, 0x5d,
    0x5b, 0x72, 0x52, 0x5d, 0x5b, 0x6e, 0x4e, 0x5d, 0x24, 0x22, 0x29, 0x29, 0x0a, 0x0a, 0x28, 0x66,
    0x75, 0x6e, 0x63, 0x74, 0x69, 0x6f, 0x6e, 0x5f, 0x63, 0x6f, 0x6d, 0x6d, 0x61, 0x6e, 0x64, 0x0a,
    0x20, 0x20, 0x28, 0x66, 0x75, 0x6e, 0x63, 0x74, 0x69, 0x6f, 0x6e, 0x29, 0x0a, 0x20, 0x20, 0x28,
    0x61, 0x72, 0x67, 0x75, 0x6d, 0x65, 0x6e, 0x74, 0x5f, 0x6c, 0x69, 0x73, 0x74, 0x0a, 0x20, 0x20,
    0x20, 0x20, 0x2e, 0x0a, 0x20, 0x20, 0x20, 0x20, 0x28, 0x61, 0x72, 0x67, 0x75, 0x6d, 0x65, 0x6e,
    0x74, 0x29, 0x20, 0x40, 0x66, 0x75, 0x6e, 0x63, 0x74, 0x69, 0x6f, 0x6e, 0x0a, 0x20, 0x20, 0x20,
    0x20, 0x28, 0x61, 0x72, 0x67, 0x75, 0x6d, 0x65, 0x6e, 0x74, 0x29, 0x2a, 0x20, 0x40, 0x76, 0x61,
    0x72, 0x69, 0x61, 0x62, 0x6c, 0x65, 0x2e, 0x70, 0x61, 0x72, 0x61, 0x6d, 0x65, 0x74, 0x65, 0x72,
    0x29, 0x29, 0x0a, 0x0a, 0x28, 0x6d, 0x61, 0x63, 0x72, 0x6f, 0x5f, 0x63, 0x6f, 0x6d, 0x6d, 0x61,
    0x6e, 0x64, 0x0a, 0x20, 0x20, 0x28, 0x6d, 0x61, 0x63, 0x72, 0x6f, 0x29, 0x0a, 0x20, 0x20, 0x28,
    0x61, 0x72, 0x67, 0x75, 0x6d, 0x65, 0x6e, 0x74, 0x5f, 0x6c, 0x69, 0x73, 0x74, 0x0a, 0x20, 0x20,
    0x20, 0x20, 0x2e, 0x0a, 0x20, 0x20, 0x20, 0x20, 0x28, 0x61, 0x72, 0x67, 0x75, 0x6d, 0x65, 0x6e,
    0x74, 0x29, 0x20, 0x40, 0x66, 0x75, 0x6e, 0x63, 0x74, 0x69, 0x6f, 0x6e, 0x2e, 0x6d, 0x61, 0x63,
    0x72, 0x6f, 0x0a, 0x20, 0x20, 0x20, 0x20, 0x28, 0x61, 0x72, 0x67, 0x75, 0x6d, 0x65, 0x6e, 0x74,
    0x29, 0x2a, 0x20, 0x40, 0x76, 0x61, 0x72, 0x69, 0x61, 0x62, 0x6c, 0x65, 0x2e, 0x70, 0x61, 0x72,
    0x61, 0x6d, 0x65, 0x74, 0x65, 0x72, 0x29, 0x29, 0x0a, 0x0a, 0x28, 0x62, 0x6c, 0x6f, 0x63, 0x6b,
    0x5f, 0x64, 0x65, 0x66, 0x0a, 0x20, 0x20, 0x28, 0x62, 0x6c, 0x6f, 0x63, 0x6b, 0x5f, 0x63, 0x6f,
    0x6d, 0x6d, 0x61, 0x6e, 0x64, 0x0a, 0x20, 0x20, 0x20, 0x20, 0x28, 0x62, 0x6c, 0x6f, 0x63, 0x6b,
    0x29, 0x20, 0x40, 0x66, 0x75, 0x6e, 0x63, 0x74, 0x69, 0x6f, 0x6e, 0x2e, 0x62, 0x75, 0x69, 0x6c,
    0x74, 0x69, 0x6e, 0x0a, 0x20, 0x20, 0x20, 0x20, 0x28, 0x61, 0x72, 0x67, 0x75, 0x6d, 0x65, 0x6e,
    0x74, 0x5f, 0x6c, 0x69, 0x73, 0x74, 0x0a, 0x20, 0x20, 0x20, 0x20, 0x20, 0x20, 0x28, 0x61, 0x72,
    0x67, 0x75, 0x6d, 0x65, 0x6e, 0x74, 0x0a, 0x20, 0x20, 0x20, 0x20, 0x20, 0x20, 0x20, 0x20, 0x28,
    0x75, 0x6e, 0x71, 0x75, 0x6f, 0x74, 0x65, 0x64, 0x5f, 0x61, 0x72, 0x67, 0x75, 0x6d, 0x65, 0x6e,
    0x74, 0x29, 0x20, 0x40, 0x63, 0x6f, 0x6e, 0x73, 0x74, 0x61, 0x6e, 0x74, 0x0a, 0x20, 0x20, 0x20,
    0x20, 0x20, 0x20, 0x20, 0x20, 0x28, 0x23, 0x61, 0x6e, 0x79, 0x2d, 0x6f, 0x66, 0x3f, 0x20, 0x40,
    0x63, 0x6f, 0x6e, 0x73, 0x74, 0x61, 0x6e, 0x74, 0x20, 0x22, 0x53, 0x43, 0x4f, 0x50, 0x45, 0x5f,
    0x46, 0x4f, 0x52, 0x22, 0x20, 0x22, 0x50, 0x4f, 0x4c, 0x49, 0x43, 0x49, 0x45, 0x53, 0x22, 0x20,
    0x22, 0x56, 0x41, 0x52, 0x49, 0x41, 0x42, 0x4c, 0x45, 0x53, 0x22, 0x20, 0x22, 0x50, 0x52, 0x4f,
    0x50, 0x41, 0x47, 0x41, 0x54, 0x45, 0x22, 0x29, 0x0a, 0x20, 0x20, 0x20, 0x20, 0x20, 0x20, 0x29,
    0x2a, 0x0a, 0x20, 0x20, 0x20, 0x20, 0x29, 0x3f, 0x0a, 0x20, 0x20, 0x29, 0x0a, 0x20, 0x20, 0x28,
    0x65, 0x6e, 0x64, 0x62, 0x6c, 0x6f, 0x63, 0x6b, 0x5f, 0x63, 0x6f, 0x6d, 0x6d, 0x61, 0x6e, 0x64,
    0x20, 0x28, 0x65, 0x6e, 0x64, 0x62, 0x6c, 0x6f, 0x63, 0x6b, 0x29, 0x20, 0x40, 0x66, 0x75, 0x6e,
    0x63, 0x74, 0x69, 0x6f, 0x6e, 0x2e, 0x62, 0x75, 0x69, 0x6c, 0x74, 0x69, 0x6e, 0x29, 0x29, 0x0a,
    0x0a, 0x28, 0x28, 0x61, 0x72, 0x67, 0x75, 0x6d, 0x65, 0x6e, 0x74, 0x29, 0x20, 0x40, 0x62, 0x6f,
    0x6f, 0x6c, 0x65, 0x61, 0x6e, 0x0a, 0x20, 0x20, 0x28, 0x23, 0x6d, 0x61, 0x74, 0x63, 0x68, 0x3f,
    0x20, 0x40, 0x62, 0x6f, 0x6f, 0x6c, 0x65, 0x61, 0x6e, 0x20, 0x22, 0x5e, 0x28, 0x31, 0x7c, 0x5b,
    0x6f, 0x4f, 0x5d, 0x5b, 0x6e, 0x4e, 0x5d, 0x7c, 0x5b, 0x79, 0x59, 0x5d, 0x5b, 0x65, 0x45, 0x5d,
    0x5b, 0x73, 0x53, 0x5d, 0x7c, 0x5b, 0x74, 0x54, 0x5d, 0x5b, 0x72, 0x52, 0x5d, 0x5b, 0x75, 0x55,
    0x5d, 0x5b, 0x65, 0x45, 0x5d, 0x7c, 0x5b, 0x79, 0x59, 0x5d, 0x7c, 0x30, 0x7c, 0x5b, 0x6f, 0x4f,
    0x5d, 0x5b, 0x66, 0x46, 0x5d, 0x5b, 0x66, 0x46, 0x5d, 0x7c, 0x5b, 0x6e, 0x4e, 0x5d, 0x5b, 0x6f,
    0x4f, 0x5d, 0x7c, 0x5b, 0x66, 0x46, 0x5d, 0x5b, 0x61, 0x41, 0x5d, 0x5b, 0x6c, 0x4c, 0x5d, 0x5b,
    0x73, 0x53, 0x5d, 0x5b, 0x65, 0x45, 0x5d, 0x7c, 0x5b, 0x6e, 0x4e, 0x5d, 0x7c, 0x5b, 0x69, 0x49,
    0x5d, 0x5b, 0x67, 0x47, 0x5d, 0x5b, 0x6e, 0x4e, 0x5d, 0x5b, 0x6f, 0x4f, 0x5d, 0x5b, 0x72, 0x52,
    0x5d, 0x5b, 0x65, 0x45, 0x5d, 0x7c, 0x5b, 0x6e, 0x4e, 0x5d, 0x5b, 0x6f, 0x4f, 0x5d, 0x5b, 0x74,
    0x54, 0x5d, 0x5b, 0x66, 0x46, 0x5d, 0x5b, 0x6f, 0x4f, 0x5d, 0x5b, 0x75, 0x55, 0x5d, 0x5b, 0x6e,
    0x4e, 0x5d, 0x5b, 0x64, 0x44, 0x5d, 0x7c, 0x2e, 0x2a, 0x2d, 0x5b, 0x6e, 0x4e, 0x5d, 0x5b, 0x6f,
    0x4f, 0x5d, 0x5b, 0x74, 0x54, 0x5d, 0x5b, 0x66, 0x46, 0x5d, 0x5b, 0x6f, 0x4f, 0x5d, 0x5b, 0x75,
    0x55, 0x5d, 0x5b, 0x6e, 0x4e, 0x5d, 0x5b, 0x64, 0x44, 0x5d, 0x29, 0x24, 0x22, 0x29, 0x29, 0x0a,
    0x0a, 0x28, 0x69, 0x66, 0x5f, 0x63, 0x6f, 0x6d, 0x6d, 0x61, 0x6e, 0x64, 0x0a, 0x20, 0x20, 0x28,
    0x69, 0x66, 0x29, 0x0a, 0x20, 0x20, 0x28, 0x61, 0x72, 0x67, 0x75, 0x6d, 0x65, 0x6e, 0x74, 0x5f,
    0x6c, 0x69, 0x73, 0x74, 0x0a, 0x20, 0x20, 0x20, 0x20, 0x28, 0x61, 0x72, 0x67, 0x75, 0x6d, 0x65,
    0x6e, 0x74, 0x29, 0x20, 0x40, 0x6b, 0x65, 0x79, 0x77, 0x6f, 0x72, 0x64, 0x2e, 0x6f, 0x70, 0x65,
    0x72, 0x61, 0x74, 0x6f, 0x72, 0x29, 0x0a, 0x20, 0x20, 0x28, 0x23, 0x61, 0x6e, 0x79, 0x2d, 0x6f,
    0x66, 0x3f, 0x20, 0x40, 0x6b, 0x65, 0x79, 0x77, 0x6f, 0x72, 0x64, 0x2e, 0x6f, 0x70, 0x65, 0x72,
    0x61, 0x74, 0x6f, 0x72, 0x0a, 0x20, 0x20, 0x20, 0x20, 0x22, 0x4e, 0x4f, 0x54, 0x22, 0x20, 0x22,
    0x41, 0x4e, 0x44, 0x22, 0x20, 0x22, 0x4f, 0x52, 0x22, 0x20, 0x22, 0x43, 0x4f, 0x4d, 0x4d, 0x41,
    0x4e, 0x44, 0x22, 0x20, 0x22, 0x50, 0x4f, 0x4c, 0x49, 0x43, 0x59, 0x22, 0x20, 0x22, 0x54, 0x41,
    0x52, 0x47, 0x45, 0x54, 0x22, 0x20, 0x22, 0x54, 0x45, 0x53, 0x54, 0x22, 0x20, 0x22, 0x44, 0x45,
    0x46, 0x49, 0x4e, 0x45, 0x44, 0x22, 0x20, 0x22, 0x49, 0x4e, 0x5f, 0x4c, 0x49, 0x53, 0x54, 0x22,
    0x20, 0x22, 0x45, 0x58, 0x49, 0x53, 0x54, 0x53, 0x22, 0x20, 0x22, 0x49, 0x53, 0x5f, 0x4e, 0x45,
    0x57, 0x45, 0x52, 0x5f, 0x54, 0x48, 0x41, 0x4e, 0x22, 0x0a, 0x20, 0x20, 0x20, 0x20, 0x22, 0x49,
    0x53, 0x5f, 0x44, 0x49, 0x52, 0x45, 0x43, 0x54, 0x4f, 0x52, 0x59, 0x22, 0x20, 0x22, 0x49, 0x53,
    0x5f, 0x53, 0x59, 0x4d, 0x4c, 0x49, 0x4e, 0x4b, 0x22, 0x20, 0x22, 0x49, 0x53, 0x5f, 0x41, 0x42,
    0x53, 0x4f, 0x4c, 0x55, 0x54, 0x45, 0x22, 0x20, 0x22, 0x4d, 0x41, 0x54, 0x43, 0x48, 0x45, 0x53,
    0x22, 0x20, 0x22, 0x4c, 0x45, 0x53, 0x53, 0x22, 0x20, 0x22, 0x47, 0x52, 0x45, 0x41, 0x54, 0x45,
    0x52, 0x22, 0x20, 0x22, 0x45, 0x51, 0x55, 0x41, 0x4c, 0x22, 0x20, 0x22, 0x4c, 0x45, 0x53, 0x53,
    0x5f, 0x45, 0x51, 0x55, 0x41, 0x4c, 0x22, 0x0a, 0x20, 0x20, 0x20, 0x20, 0x22, 0x47, 0x52, 0x45,
    0x41, 0x54, 0x45, 0x52, 0x5f, 0x45, 0x51, 0x55, 0x41, 0x4c, 0x22, 0x20, 0x22, 0x53, 0x54, 0x52,
    0x4c, 0x45, 0x53, 0x53, 0x22, 0x20, 0x22, 0x53, 0x54, 0x52, 0x47, 0x52, 0x45, 0x41, 0x54, 0x45,
    0x52, 0x22, 0x20, 0x22, 0x53, 0x54, 0x52, 0x45, 0x51, 0x55, 0x41, 0x4c, 0x22, 0x20, 0x22, 0x53,
    0x54, 0x52, 0x4c, 0x45, 0x53, 0x53, 0x5f, 0x45, 0x51, 0x55, 0x41, 0x4c, 0x22, 0x20, 0x22, 0x53,
    0x54, 0x52, 0x47, 0x52, 0x45, 0x41, 0x54, 0x45, 0x52, 0x5f, 0x45, 0x51, 0x55, 0x41, 0x4c, 0x22,
    0x0a, 0x20, 0x20, 0x20, 0x20, 0x22, 0x56, 0x45, 0x52, 0x53, 0x49, 0x4f, 0x4e, 0x5f, 0x4c, 0x45,
    0x53, 0x53, 0x22, 0x20, 0x22, 0x56, 0x45, 0x52, 0x53, 0x49, 0x4f, 0x4e, 0x5f, 0x47, 0x52, 0x45,
    0x41, 0x54, 0x45, 0x52, 0x22, 0x20, 0x22, 0x56, 0x45, 0x52, 0x53, 0x49, 0x4f, 0x4e, 0x5f, 0x45,
    0x51, 0x55, 0x41, 0x4c, 0x22, 0x20, 0x22, 0x56, 0x45, 0x52, 0x53, 0x49, 0x4f, 0x4e, 0x5f, 0x4c,
    0x45, 0x53, 0x53, 0x5f, 0x45, 0x51, 0x55, 0x41, 0x4c, 0x22, 0x20, 0x22, 0x56, 0x45, 0x52, 0x53,
    0x49, 0x4f, 0x4e, 0x5f, 0x47, 0x52, 0x45, 0x41, 0x54, 0x45, 0x52, 0x5f, 0x45, 0x51, 0x55, 0x41,
    0x4c, 0x22, 0x29, 0x29, 0x0a, 0x0a, 0x28, 0x65, 0x6c, 0x73, 0x65, 0x69, 0x66, 0x5f, 0x63, 0x6f,
    0x6d, 0x6d, 0x61, 0x6e, 0x64, 0x0a, 0x20, 0x20, 0x28, 0x65, 0x6c, 0x73, 0x65, 0x69, 0x66, 0x29,
    0x0a, 0x20, 0x20, 0x28, 0x61, 0x72, 0x67, 0x75, 0x6d, 0x65, 0x6e, 0x74, 0x5f, 0x6c, 0x69, 0x73,
    0x74, 0x0a, 0x20, 0x20, 0x20, 0x20, 0x28, 0x61, 0x72, 0x67, 0x75, 0x6d, 0x65, 0x6e, 0x74, 0x29,
    0x20, 0x40, 0x6b, 0x65, 0x79, 0x77, 0x6f, 0x72, 0x64, 0x2e, 0x6f, 0x70, 0x65, 0x72, 0x61, 0x74,
    0x6f, 0x72, 0x29, 0x0a, 0x20, 0x20, 0x28, 0x23, 0x61, 0x6e, 0x79, 0x2d, 0x6f, 0x66, 0x3f, 0x20,
    0x40, 0x6b, 0x65, 0x79, 0x77, 0x6f, 0x72, 0x64, 0x2e, 0x6f, 0x70, 0x65, 0x72, 0x61, 0x74, 0x6f,
    0x72, 0x0a, 0x20, 0x20, 0x20, 0x20, 0x22, 0x4e, 0x4f, 0x54, 0x22, 0x20, 0x22, 0x41, 0x4e, 0x44,
    0x22, 0x20, 0x22, 0x4f, 0x52, 0x22, 0x20, 0x22, 0x43, 0x4f, 0x4d, 0x4d, 0x41, 0x4e, 0x44, 0x22,
    0x20, 0x22, 0x50, 0x4f, 0x4c, 0x49, 0x43, 0x59, 0x22, 0x20, 0x22, 0x54, 0x41, 0x52, 0x47, 0x45,
    0x54, 0x22, 0x20, 0x22, 0x54, 0x45, 0x53, 0x54, 0x22, 0x20, 0x22, 0x44, 0x45, 0x46, 0x49, 0x4e,
    0x45, 0x44, 0x22, 0x20, 0x22, 0x49, 0x4e, 0x5f, 0x4c, 0x49, 0x53, 0x54, 0x22, 0x20, 0x22, 0x45,
    0x58, 0x49, 0x53, 0x54, 0x53, 0x22, 0x20, 0x22, 0x49, 0x53, 0x5f, 0x4e, 0x45, 0x57, 0x45, 0x52,
    0x5f, 0x54, 0x48, 0x41, 0x4e, 0x22, 0x0a, 0x20, 0x20, 0x20, 0x20, 0x22, 0x49, 0x53, 0x5f, 0x44,
    0x49, 0x52, 0x45, 0x43, 0x54, 0x4f, 0x52, 0x59, 0x22, 0x20, 0x22, 0x49, 0x53, 0x5f, 0x53, 0x59,
    0x4d, 0x4c, 0x49, 0x4e, 0x4b, 0x22, 0x20, 0x22, 0x49, 0x53, 0x5f, 0x41, 0x42, 0x53, 0x4f, 0x4c,
    0x55, 0x54, 0x45, 0x22, 0x20, 0x22, 0x4d, 0x41, 0x54, 0x43, 0x48, 0x45, 0x53, 0x22, 0x20, 0x22,
    0x4c, 0x45, 0x53, 0x53, 0x22, 0x20, 0x22, 0x47, 0x52, 0x45, 0x41, 0x54, 0x45, 0x52, 0x22, 0x20,
    0x22, 0x45, 0x51, 0x55, 0x41, 0x4c, 0x22, 0x20, 0x22, 0x4c, 0x45, 0x53, 0x53, 0x5f, 0x45, 0x51,
    0x55, 0x41, 0x4c, 0x22, 0x0a, 0x20, 0x20, 0x20, 0x20, 0x22, 0x47, 0x52, 0x45, 0x41, 0x54, 0x45,
    0x52, 0x5f, 0x45, 0x51, 0x55, 0x41, 0x4c, 0x22, 0x20, 0x22, 0x53, 0x54, 0x52, 0x4c, 0x45, 0x53,
    0x53, 0x22, 0x20, 0x22, 0x53, 0x54, 0x52, 0x47, 0x52, 0x45, 0x41, 0x54, 0x45, 0x52, 0x22, 0x20,
    0x22, 0x53, 0x54, 0x52, 0x45, 0x51, 0x55, 0x41, 0x4c, 0x22, 0x20, 0x22, 0x53, 0x54, 0x52, 0x4c,
    0x45, 0x53, 0x53, 0x5f, 0x45, 0x51, 0x55, 0x41, 0x4c, 0x22, 0x20, 0x22, 0x53, 0x54, 0x52, 0x47,
    0x52, 0x45, 0x41, 0x54, 0x45, 0x52, 0x5f, 0x45, 0x51, 0x55, 0x41, 0x4c, 0x22, 0x0a, 0x20, 0x20,
    0x20, 0x20, 0x22, 0x56, 0x45, 0x52, 0x53, 0x49, 0x4f, 0x4e, 0x5f, 0x4c, 0x45, 0x53, 0x53, 0x22,
    0x20, 0x22, 0x56, 0x45, 0x52, 0x53, 0x49, 0x4f, 0x4e, 0x5f, 0x47, 0x52, 0x45, 0x41, 0x54, 0x45,
    0x52, 0x22, 0x20, 0x22, 0x56, 0x45, 0x52, 0x53, 0x49, 0x4f, 0x4e, 0x5f, 0x45, 0x51, 0x55, 0x41,
    0x4c, 0x22, 0x20, 0x22, 0x56, 0x45, 0x52, 0x53, 0x49, 0x4f, 0x4e, 0x5f, 0x4c, 0x45, 0x53, 0x53,
    0x5f, 0x45, 0x51, 0x55, 0x41, 0x4c, 0x22, 0x20, 0x22, 0x56, 0x45, 0x52, 0x53, 0x49, 0x4f, 0x4e,
    0x5f, 0x47, 0x52, 0x45, 0x41, 0x54, 0x45, 0x52, 0x5f, 0x45, 0x51, 0x55, 0x41, 0x4c, 0x22, 0x29,
    0x29, 0x0a, 0x0a, 0x28, 0x6e, 0x6f, 0x72, 0x6d, 0x61, 0x6c, 0x5f, 0x63, 0x6f, 0x6d, 0x6d, 0x61,
    0x6e, 0x64, 0x0a, 0x20, 0x20, 0x28, 0x69, 0x64, 0x65, 0x6e, 0x74, 0x69, 0x66, 0x69, 0x65, 0x72,
    0x29, 0x20, 0x40, 0x66, 0x75, 0x6e, 0x63, 0x74, 0x69, 0x6f, 0x6e, 0x2e, 0x62, 0x75, 0x69, 0x6c,
    0x74, 0x69, 0x6e, 0x0a, 0x20, 0x20, 0x28, 0x23, 0x6d, 0x61, 0x74, 0x63, 0x68, 0x3f, 0x20, 0x40,
    0x66, 0x75, 0x6e, 0x63, 0x74, 0x69, 0x6f, 0x6e, 0x2e, 0x62, 0x75, 0x69, 0x6c, 0x74, 0x69, 0x6e,
    0x0a, 0x20, 0x20, 0x20, 0x20, 0x22, 0x5e, 0x28, 0x5b, 0x63, 0x43, 0x5d, 0x5b, 0x6d, 0x4d, 0x5d,
    0x5b, 0x61, 0x41, 0x5d, 0x5b, 0x6b, 0x4b, 0x5d, 0x5b, 0x65, 0x45, 0x5d, 0x5f, 0x5b, 0x68, 0x48,
    0x5d, 0x5b, 0x6f, 0x4f, 0x5d, 0x5b, 0x73, 0x53, 0x5d, 0x5b, 0x74, 0x54, 0x5d, 0x5f, 0x5b, 0x73,
    0x53, 0x5d, 0x5b, 0x79, 0x59, 0x5d, 0x5b, 0x73, 0x53, 0x5d, 0x5b, 0x74, 0x54, 0x5d, 0x5b, 0x65,
    0x45, 0x5d, 0x5b, 0x6d, 0x4d, 0x5d, 0x5f, 0x5b, 0x69, 0x49, 0x5d, 0x5b, 0x6e, 0x4e, 0x5d, 0x5b,
    0x66, 0x46, 0x5d, 0x5b, 0x6f, 0x4f, 0x5d, 0x5b, 0x72, 0x52, 0x5d, 0x5b, 0x6d, 0x4d, 0x5d, 0x5b,
    0x61, 0x41, 0x5d, 0x5b, 0x74, 0x54, 0x5d, 0x5b, 0x69, 0x49, 0x5d, 0x5b, 0x6f, 0x4f, 0x5d, 0x5b,
    0x6e, 0x4e, 0x5d, 0x7c, 0x5b, 0x63, 0x43, 0x5d, 0x5b, 0x6d, 0x4d, 0x5d, 0x5b, 0x61, 0x41, 0x5d,
    0x5b, 0x6b, 0x4b, 0x5d, 0x5b, 0x65, 0x45, 0x5d, 0x5f, 0x5b, 0x6c, 0x4c, 0x5d, 0x5b, 0x61, 0x41,
    0x5d, 0x5b, 0x6e, 0x4e, 0x5d, 0x5b, 0x67, 0x47, 0x5d, 0x5b, 0x75, 0x55, 0x5d, 0x5b, 0x61, 0x41,
    0x5d, 0x5b, 0x67, 0x47, 0x5d, 0x5b, 0x65, 0x45, 0x5d, 0x7c, 0x5b, 0x63, 0x43, 0x5d, 0x5b, 0x6d,
    0x4d, 0x5d, 0x5b, 0x61, 0x41, 0x5d, 0x5b, 0x6b, 0x4b, 0x5d, 0x5b, 0x65, 0x45, 0x5d, 0x5f, 0x5b,
    0x6d, 0x4d, 0x5d, 0x5b, 0x69, 0x49, 0x5d, 0x5b, 0x6e, 0x4e, 0x5d, 0x5b, 0x69, 0x49, 0x5d, 0x5b,
    0x6d, 0x4d, 0x5d, 0x5b, 0x75, 0x55, 0x5d, 0x5b, 0x6d, 0x4d, 0x5d, 0x5f, 0x5b, 0x72, 0x52, 0x5d,
    0x5b, 0x65, 0x45, 0x5d, 0x5b, 0x71, 0x51, 0x5d, 0x5b, 0x75, 0x55, 0x5d, 0x5b, 0x69, 0x49, 0x5d,
    0x5b, 0x72, 0x52, 0x5d, 0x5b, 0x65, 0x45, 0x5d, 0x5b, 0x64, 0x44, 0x5d, 0x7c, 0x5b, 0x63, 0x43,
    0x5d, 0x5b, 0x6d, 0x4d, 0x5d, 0x5b, 0x61, 0x41, 0x5d, 0x5b, 0x6b, 0x4b, 0x5d, 0x5b, 0x65, 0x45,
    0x5d, 0x5f, 0x5b, 0x70, 0x50, 0x5d, 0x5b, 0x61, 0x41, 0x5d, 0x5b, 0x72, 0x52, 0x5d, 0x5b, 0x73,
    0x53, 0x5d, 0x5b, 0x65, 0x45, 0x5d, 0x5f, 0x5b, 0x61, 0x41, 0x5d, 0x5b, 0x72, 0x52, 0x5d, 0x5b,
    0x67, 0x47, 0x5d, 0x5b, 0x75, 0x55, 0x5d, 0x5b, 0x6d, 0x4d, 0x5d, 0x5b, 0x65, 0x45, 0x5d, 0x5b,
    0x6e, 0x4e, 0x5d, 0x5b, 0x74, 0x54, 0x5d, 0x5b, 0x73, 0x53, 0x5d, 0x7c, 0x5b, 0x63, 0x43, 0x5d,
    0x5b, 0x6d, 0x4d, 0x5d, 0x5b, 0x61, 0x41, 0x5d, 0x5b, 0x6b, 0x4b, 0x5d, 0x5b, 0x65, 0x45, 0x5d,
    0x5f, 0x5b, 0x70, 0x50, 0x5d, 0x5b, 0x61, 0x41, 0x5d, 0x5b, 0x74, 0x54, 0x5d, 0x5b, 0x68, 0x48,
    0x5d, 0x7c, 0x5b, 0x63, 0x43, 0x5d, 0x5b, 0x6d, 0x4d, 0x5d, 0x5b, 0x61, 0x41, 0x5d, 0x5b, 0x6b,
    0x4b, 0x5d, 0x5b, 0x65, 0x45, 0x5d, 0x5f, 0x5b, 0x70, 0x50, 0x5d, 0x5b, 0x6f, 0x4f, 0x5d, 0x5b,
    0x6c, 0x4c, 0x5d, 0x5b, 0x69, 0x49, 0x5d, 0x5b, 0x63, 0x43, 0x5d, 0x5b, 0x79, 0x59, 0x5d, 0x7c,
    0x5b, 0x63, 0x43, 0x5d, 0x5b, 0x6f, 0x4f, 0x5d, 0x5b, 0x6e, 0x4e, 0x5d, 0x5b, 0x66, 0x46, 0x5d,
    0x5b, 0x69, 0x49, 0x5d, 0x5b, 0x67, 0x47, 0x5d, 0x5b, 0x75, 0x55, 0x5d, 0x5b, 0x72, 0x52, 0x5d,
    0x5b, 0x65, 0x45, 0x5d, 0x5f, 0x5b, 0x66, 0x46, 0x5d, 0x5b, 0x69, 0x49, 0x5d, 0x5b, 0x6c, 0x4c,
    0x5d, 0x5b, 0x65, 0x45, 0x5d, 0x7c, 0x5b, 0x65, 0x45, 0x5d, 0x5b, 0x78, 0x58, 0x5d, 0x5b, 0x65,
    0x45, 0x5d, 0x5b, 0x63, 0x43, 0x5d, 0x5b, 0x75, 0x55, 0x5d, 0x5b, 0x74, 0x54, 0x5d, 0x5b, 0x65,
    0x45, 0x5d, 0x5f, 0x5b, 0x70, 0x50, 0x5d, 0x5b, 0x72, 0x52, 0x5d, 0x5b, 0x6f, 0x4f, 0x5d, 0x5b,
    0x63, 0x43, 0x5d, 0x5b, 0x65, 0x45, 0x5d, 0x5b, 0x73, 0x53, 0x5d, 0x5b, 0x73, 0x53, 0x5d, 0x7c,
    0x5b, 0x66, 0x46, 0x5d, 0x5b, 0x69, 0x49, 0x5d, 0x5b, 0x6c, 0x4c, 0x5d, 0x5b, 0x65, 0x45, 0x5d,
    0x7c, 0x5b, 0x66, 0x46, 0x5d, 0x5b, 0x69, 0x49, 0x5d, 0x5b, 0x6e, 0x4e, 0x5d, 0x5b, 0x64, 0x44,
    0x5d, 0x5f, 0x5b, 0x66, 0x46, 0x5d, 0x5b, 0x69, 0x49, 0x5d, 0x5b, 0x6c, 0x4c, 0x5d, 0x5b, 0x65,
    0x45, 0x5d, 0x7c, 0x5b, 0x66, 0x46, 0x5d, 0x5b, 0x69, 0x49, 0x5d, 0x5b, 0x6e, 0x4e, 0x5d, 0x5b,
    0x64, 0x44, 0x5d, 0x5f, 0x5b, 0x6c, 0x4c, 0x5d, 0x5b, 0x69, 0x49, 0x5d, 0x5b, 0x62, 0x42, 0x5d,
    0x5b, 0x72, 0x52, 0x5d, 0x5b, 0x61, 0x41, 0x5d, 0x5b, 0x72, 0x52, 0x5d, 0x5b, 0x79, 0x59, 0x5d,
    0x7c, 0x5b, 0x66, 0x46, 0x5d, 0x5b, 0x69, 0x49, 0x5d, 0x5b, 0x6e, 0x4e, 0x5d, 0x5b, 0x64, 0x44,
    0x5d, 0x5f, 0x5b, 0x70, 0x50, 0x5d, 0x5b, 0x61, 0x41, 0x5d, 0x5b, 0x63, 0x43, 0x5d, 0x5b, 0x6b,
    0x4b, 0x5d, 0x5b, 0x61, 0x41, 0x5d, 0x5b, 0x67, 0x47, 0x5d, 0x5b, 0x65, 0x45, 0x5d, 0x7c, 0x5b,
    0x66, 0x46, 0x5d, 0x5b, 0x69, 0x49, 0x5d, 0x5b, 0x6e, 0x4e, 0x5d, 0x5b, 0x64, 0x44, 0x5d, 0x5f,
    0x5b, 0x70, 0x50, 0x5d, 0x5b, 0x61, 0x41, 0x5d, 0x5b, 0x74, 0x54, 0x5d, 0x5b, 0x68, 0x48, 0x5d,
    0x7c, 0x5b, 0x66, 0x46, 0x5d, 0x5b, 0x69, 0x49, 0x5d, 0x5b, 0x6e, 0x4e, 0x5d, 0x5b, 0x64, 0x44,
    0x5d, 0x5f, 0x5b, 0x70, 0x50, 0x5d, 0x5b, 0x72, 0x52, 0x5d, 0x5b, 0x6f, 0x4f, 0x5d, 0x5b, 0x67,
    0x47, 0x5d, 0x5b, 0x72, 0x52, 0x5d, 0x5b, 0x61, 0x41, 0x5d, 0x5b, 0x6d, 0x4d, 0x5d, 0x7c, 0x5b,
    0x66, 0x46, 0x5d, 0x5b, 0x6f, 0x4f, 0x5d, 0x5b, 0x72, 0x52, 0x5d, 0x5b, 0x65, 0x45, 0x5d, 0x5b,
    0x61, 0x41, 0x5d, 0x5b, 0x63, 0x43, 0x5d, 0x5b, 0x68, 0x48, 0x5d, 0x7c, 0x5b, 0x67, 0x47, 0x5d,
    0x5b, 0x65, 0x45, 0x5d, 0x5b, 0x74, 0x54, 0x5d, 0x5f, 0x5b, 0x63, 0x43, 0x5d, 0x5b, 0x6d, 0x4d,
    0x5d, 0x5b, 0x61, 0x41, 0x5d, 0x5b, 0x6b, 0x4b, 0x5d, 0x5b, 0x65, 0x45, 0x5d, 0x5f, 0x5b, 0x70,
    0x50, 0x5d, 0x5b, 0x72, 0x52, 0x5d, 0x5b, 0x6f, 0x4f, 0x5d, 0x5b, 0x70, 0x50, 0x5d, 0x5b, 0x65,
    0x45, 0x5d, 0x5b, 0x72, 0x52, 0x5d, 0x5b, 0x74, 0x54, 0x5d, 0x5b, 0x79, 0x59, 0x5d, 0x7c, 0x5b,
    0x67, 0x47, 0x5d, 0x5b, 0x65, 0x45, 0x5d, 0x5b, 0x74, 0x54, 0x5d, 0x5f, 0x5b, 0x64, 0x44, 0x5d,
    0x5b, 0x69, 0x49, 0x5d, 0x5b, 0x72, 0x52, 0x5d, 0x5b, 0x65, 0x45, 0x5d, 0x5b, 0x63, 0x43, 0x5d,
    0x5b, 0x74, 0x54, 0x5d, 0x5b, 0x6f, 0x4f, 0x5d, 0x5b, 0x72, 0x52, 0x5d, 0x5b, 0x79, 0x59, 0x5d,
    0x5f, 0x5b, 0x70, 0x50, 0x5d, 0x5b, 0x72, 0x52, 0x5d, 0x5b, 0x6f, 0x4f, 0x5d, 0x5b, 0x70, 0x50,
    0x5d, 0x5b, 0x65, 0x45, 0x5d, 0x5b, 0x72, 0x52, 0x5d, 0x5b, 0x74, 0x54, 0x5d, 0x5b, 0x79, 0x59,
    0x5d, 0x7c, 0x5b, 0x67, 0x47, 0x5d, 0x5b, 0x65, 0x45, 0x5d, 0x5b, 0x74, 0x54, 0x5d, 0x5f, 0x5b,
    0x66, 0x46, 0x5d, 0x5b, 0x69, 0x49, 0x5d, 0x5b, 0x6c, 0x4c, 0x5d, 0x5b, 0x65, 0x45, 0x5d, 0x5b,
    0x6e, 0x4e, 0x5d, 0x5b, 0x61, 0x41, 0x5d, 0x5b, 0x6d, 0x4d, 0x5d, 0x5b, 0x65, 0x45, 0x5d, 0x5f,
    0x5b, 0x63, 0x43, 0x5d, 0x5b, 0x6f, 0x4f, 0x5d, 0x5b, 0x6d, 0x4d, 0x5d, 0x5b, 0x70, 0x50, 0x5d,
    0x5b, 0x6f, 0x4f, 0x5d, 0x5b, 0x6e, 0x4e, 0x5d, 0x5b, 0x65, 0x45, 0x5d, 0x5b, 0x6e, 0x4e, 0x5d,
    0x5b, 0x74, 0x54, 0x5d, 0x7c, 0x5b, 0x67, 0x47, 0x5d, 0x5b, 0x65, 0x45, 0x5d, 0x5b, 0x74, 0x54,
    0x5d, 0x5f, 0x5b, 0x70, 0x50, 0x5d, 0x5b, 0x72, 0x52, 0x5d, 0x5b, 0x6f, 0x4f, 0x5d, 0x5b, 0x70,
    0x50, 0x5d, 0x5b, 0x65, 0x45, 0x5d, 0x5b, 0x72, 0x52, 0x5d, 0x5b, 0x74, 0x54, 0x5d, 0x5b, 0x79,
    0x59, 0x5d, 0x7c, 0x5b, 0x69, 0x49, 0x5d, 0x5b, 0x6e, 0x4e, 0x5d, 0x5b, 0x63, 0x43, 0x5d, 0x5b,
    0x6c, 0x4c, 0x5d, 0x5b, 0x75, 0x55, 0x5d, 0x5b, 0x64, 0x44, 0x5d, 0x5b, 0x65, 0x45, 0x5d, 0x7c,
    0x5b, 0x69, 0x49, 0x5d, 0x5b, 0x6e, 0x4e, 0x5d, 0x5b, 0x63, 0x43, 0x5d, 0x5b, 0x6c, 0x4c, 0x5d,
    0x5b, 0x75, 0x55, 0x5d, 0x5b, 0x64, 0x44, 0x5d, 0x5b, 0x65, 0x45, 0x5d, 0x5f, 0x5b, 0x67, 0x47,
    0x5d, 0x5b, 0x75, 0x55, 0x5d, 0x5b, 0x61, 0x41, 0x5d, 0x5b, 0x72, 0x52, 0x5d, 0x5b, 0x64, 0x44,
    0x5d, 0x7c, 0x5b, 0x6c, 0x4c, 0x5d, 0x5b, 0x69, 0x49, 0x5d, 0x5b, 0x73, 0x53, 0x5d, 0x5b, 0x74,
    0x54, 0x5d, 0x7c, 0x5b, 0x6d, 0x4d, 0x5d, 0x5b, 0x61, 0x41, 0x5d, 0x5b, 0x63, 0x43, 0x5d, 0x5b,
    0x72, 0x52, 0x5d, 0x5b, 0x6f, 0x4f, 0x5d, 0x7c, 0x5b, 0x6d, 0x4d, 0x5d, 0x5b, 0x61, 0x41, 0x5d,
    0x5b, 0x72, 0x52, 0x5d, 0x5b, 0x6b, 0x4b, 0x5d, 0x5f, 0x5b, 0x61, 0x41, 0x5d, 0x5b, 0x73, 0x53,
    0x5d, 0x5f, 0x5b, 0x61, 0x41, 0x5d, 0x5b, 0x64, 0x44, 0x5d, 0x5b, 0x76, 0x56, 0x5d, 0x5b, 0x61,
    0x41, 0x5d, 0x5b, 0x6e, 0x4e, 0x5d, 0x5b, 0x63, 0x43, 0x5d, 0x5b, 0x65, 0x45, 0x5d, 0x5b, 0x64,
    0x44, 0x5d, 0x7c, 0x5b, 0x6d, 0x4d, 0x5d, 0x5b, 0x61, 0x41, 0x5d, 0x5b, 0x74, 0x54, 0x5d, 0x5b,
    0x68, 0x48, 0x5d, 0x7c, 0x5b, 0x6d, 0x4d, 0x5d, 0x5b, 0x65, 0x45, 0x5d, 0x5b, 0x73, 0x53, 0x5d,
    0x5b, 0x73, 0x53, 0x5d, 0x5b, 0x61, 0x41, 0x5d, 0x5b, 0x67, 0x47, 0x5d, 0x5b, 0x65, 0x45, 0x5d,
    0x7c, 0x5b, 0x6f, 0x4f, 0x5d, 0x5b, 0x70, 0x50, 0x5d, 0x5b, 0x74, 0x54, 0x5d, 0x5b, 0x69, 0x49,
    0x5d, 0x5b, 0x6f, 0x4f, 0x5d, 0x5b, 0x6e, 0x4e, 0x5d, 0x7c, 0x5b, 0x73, 0x53, 0x5d, 0x5b, 0x65,
    0x45, 0x5d, 0x5b, 0x70, 0x50, 0x5d, 0x5b, 0x61, 0x41, 0x5d, 0x5b, 0x72, 0x52, 0x5d, 0x5b, 0x61,
    0x41, 0x5d, 0x5b, 0x74, 0x54, 0x5d, 0x5b, 0x65, 0x45, 0x5d, 0x5f, 0x5b, 0x61, 0x41, 0x5d, 0x5b,
    0x72, 0x52, 0x5d, 0x5b, 0x67, 0x47, 0x5d, 0x5b, 0x75, 0x55, 0x5d, 0x5b, 0x6d, 0x4d, 0x5d, 0x5b,
    0x65, 0x45, 0x5d, 0x5b, 0x6e, 0x4e, 0x5d, 0x5b, 0x74, 0x54, 0x5d, 0x5b, 0x73, 0x53, 0x5d, 0x7c,
    0x5b, 0x73, 0x53, 0x5d, 0x5b, 0x65, 0x45, 0x5d, 0x5b, 0x74, 0x54, 0x5d, 0x7c, 0x5b, 0x73, 0x53,
    0x5d, 0x5b, 0x65, 0x45, 0x5d, 0x5b, 0x74, 0x54, 0x5d, 0x5f, 0x5b, 0x64, 0x44, 0x5d, 0x5b, 0x69,
    0x49, 0x5d, 0x5b, 0x72, 0x52, 0x5d, 0x5b, 0x65, 0x45, 0x5d, 0x5b, 0x63, 0x43, 0x5d, 0x5b, 0x74,
    0x54, 0x5d, 0x5b, 0x6f, 0x4f, 0x5d, 0x5b, 0x72, 0x52, 0x5d, 0x5b, 0x79, 0x59, 0x5d, 0x5f, 0x5b,
    0x70, 0x50, 0x5d, 0x5b, 0x72, 0x52, 0x5d, 0x5b, 0x6f, 0x4f, 0x5d, 0x5b, 0x70, 0x50, 0x5d, 0x5b,
    0x65, 0x45, 0x5d, 0x5b, 0x72, 0x52, 0x5d, 0x5b, 0x74, 0x54, 0x5d, 0x5b, 0x69, 0x49, 0x5d, 0x5b,
    0x65, 0x45, 0x5d, 0x5b, 0x73, 0x53, 0x5d, 0x7c, 0x5b, 0x73, 0x53, 0x5d, 0x5b, 0x65, 0x45, 0x5d,
    0x5b, 0x74, 0x54, 0x5d, 0x5f, 0x5b, 0x70, 0x50, 0x5d, 0x5b, 0x72, 0x52, 0x5d, 0x5b, 0x6f, 0x4f,
    0x5d, 0x5b, 0x70, 0x50, 0x5d, 0x5b, 0x65, 0x45, 0x5d, 0x5b, 0x72, 0x52, 0x5d, 0x5b, 0x74, 0x54,
    0x5d, 0x5b, 0x79, 0x59, 0x5d, 0x7c, 0x5b, 0x73, 0x53, 0x5d, 0x5b, 0x69, 0x49, 0x5d, 0x5b, 0x74,
    0x54, 0x5d, 0x5b, 0x65, 0x45, 0x5d, 0x5f, 0x5b, 0x6e, 0x4e, 0x5d, 0x5b, 0x61, 0x41, 0x5d, 0x5b,
    0x6d, 0x4d, 0x5d, 0x5b, 0x65, 0x45, 0x5d, 0x7c, 0x5b, 0x73, 0x53, 0x5d, 0x5b, 0x74, 0x54, 0x5d,
    0x5b, 0x72, 0x52, 0x5d, 0x5b, 0x69, 0x49, 0x5d, 0x5b, 0x6e, 0x4e, 0x5d, 0x5b, 0x67, 0x47, 0x5d,
    0x7c, 0x5b, 0x75, 0x55, 0x5d, 0x5b, 0x6e, 0x4e, 0x5d, 0x5b, 0x73, 0x53, 0x5d, 0x5b, 0x65, 0x45,
    0x5d, 0x5b, 0x74, 0x54, 0x5d, 0x7c, 0x5b, 0x76, 0x56, 0x5d, 0x5b, 0x61, 0x41, 0x5d, 0x5b, 0x72,
    0x52, 0x5d, 0x5b, 0x69, 0x49, 0x5d, 0x5b, 0x61, 0x41, 0x5d, 0x5b, 0x62, 0x42, 0x5d, 0x5b, 0x6c,
    0x4c, 0x5d, 0x5b, 0x65, 0x45, 0x5d, 0x5f, 0x5b, 0x77, 0x57, 0x5d, 0x5b, 0x61, 0x41, 0x5d, 0x5b,
    0x74, 0x54, 0x5d, 0x5b, 0x63, 0x43, 0x5d, 0x5b, 0x68, 0x48, 0x5d, 0x7c, 0x5b, 0x61, 0x41, 0x5d,
    0x5b, 0x64, 0x44, 0x5d, 0x5b, 0x64, 0x44, 0x5d, 0x5f, 0x5b, 0x63, 0x43, 0x5d, 0x5b, 0x6f, 0x4f,
    0x5d, 0x5b, 0x6d, 0x4d, 0x5d, 0x5b, 0x70, 0x50, 0x5d, 0x5b, 0x69, 0x49, 0x5d, 0x5b, 0x6c, 0x4c,
    0x5d, 0x5b, 0x65, 0x45, 0x5d, 0x5f, 0x5b, 0x64, 0x44, 0x5d, 0x5b, 0x65, 0x45, 0x5d, 0x5b, 0x66,
    0x46, 0x5d, 0x5b, 0x69, 0x49, 0x5d, 0x5b, 0x6e, 0x4e, 0x5d, 0x5b, 0x69, 0x49, 0x5d, 0x5b, 0x74,
    0x54, 0x5d, 0x5b, 0x69, 0x49, 0x5d, 0x5b, 0x6f, 0x4f, 0x5d, 0x5b, 0x6e, 0x4e, 0x5d, 0x5b, 0x73,
    0x53, 0x5d, 0x7c, 0x5b, 0x61, 0x41, 0x5d, 0x5b, 0x64, 0x44, 0x5d, 0x5b, 0x64, 0x44, 0x5d, 0x5f,
    0x5b, 0x63, 0x43, 0x5d, 0x5b, 0x6f, 0x4f, 0x5d, 0x5b, 0x6d, 0x4d, 0x5d, 0x5b, 0x70, 0x50, 0x5d,
    0x5b, 0x69, 0x49, 0x5d, 0x5b, 0x6c, 0x4c, 0x5d, 0x5b, 0x65, 0x45, 0x5d, 0x5f, 0x5b, 0x6f, 0x4f,
    0x5d, 0x5b, 0x70, 0x50, 0x5d, 0x5b, 0x74, 0x54, 0x5d, 0x5b, 0x69, 0x49, 0x5d, 0x5b, 0x6f, 0x4f,
    0x5d, 0x5b, 0x6e, 0x4e, 0x5d, 0x5b, 0x73, 0x53, 0x5d, 0x7c, 0x5b, 0x61, 0x41, 0x5d, 0x5b, 0x64,
    0x44, 0x5d, 0x5b, 0x64, 0x44, 0x5d, 0x5f, 0x5b, 0x63, 0x43, 0x5d, 0x5b, 0x75, 0x55, 0x5d, 0x5b,
    0x73, 0x53, 0x5d, 0x5b, 0x74, 0x54, 0x5d, 0x5b, 0x6f, 0x4f, 0x5d, 0x5b, 0x6d, 0x4d, 0x5d, 0x5f,
    0x5b, 0x63, 0x43, 0x5d, 0x5b, 0x6f, 0x4f, 0x5d, 0x5b, 0x6d, 0x4d, 0x5d, 0x5b, 0x6d, 0x4d, 0x5d,
    0x5b, 0x61, 0x41, 0x5d, 0x5b, 0x6e, 0x4e, 0x5d, 0x5b, 0x64, 0x44, 0x5d, 0x7c, 0x5b, 0x61, 0x41,
    0x5d, 0x5b, 0x64, 0x44, 0x5d, 0x5b, 0x64, 0x44, 0x5d, 0x5f, 0x5b, 0x63, 0x43, 0x5d, 0x5b, 0x75,
    0x55, 0x5d, 0x5b, 0x73, 0x53, 0x5d, 0x5b, 0x74, 0x54, 0x5d, 0x5b, 0x6f, 0x4f, 0x5d, 0x5b, 0x6d,
    0x4d, 0x5d, 0x5f, 0x5b, 0x74, 0x54, 0x5d, 0x5b, 0x61, 0x41, 0x5d, 0x5b, 0x72, 0x52, 0x5d, 0x5b,
    0x67, 0x47, 0x5d, 0x5b, 0x65, 0x45, 0x5d, 0x5b, 0x74, 0x54, 0x5d, 0x7c, 0x5b, 0x61, 0x41, 0x5d,
    0x5b, 0x64, 0x44, 0x5d, 0x5b, 0x64, 0x44, 0x5d, 0x5f, 0x5b, 0x64, 0x44, 0x5d, 0x5b, 0x65, 0x45,
    0x5d, 0x5b, 0x66, 0x46, 0x5d, 0x5b, 0x69, 0x49, 0x5d, 0x5b, 0x6e, 0x4e, 0x5d, 0x5b, 0x69, 0x49,
    0x5d, 0x5b, 0x74, 0x54, 0x5d, 0x5b, 0x69, 0x49, 0x5d, 0x5b, 0x6f, 0x4f, 0x5d, 0x5b, 0x6e, 0x4e,
    0x5d, 0x5b, 0x73, 0x53, 0x5d, 0x7c, 0x5b, 0x61, 0x41, 0x5d, 0x5b, 0x64, 0x44, 0x5d, 0x5b, 0x64,
    0x44, 0x5d, 0x5f, 0x5b, 0x64, 0x44, 0x5d, 0x5b, 0x65, 0x45, 0x5d, 0x5b, 0x70, 0x50, 0x5d, 0x5b,
    0x65, 0x45, 0x5d, 0x5b, 0x6e, 0x4e, 0x5d, 0x5b, 0x64, 0x44, 0x5d, 0x5b, 0x65, 0x45, 0x5d, 0x5b,
    0x6e, 0x4e, 0x5d, 0x5b, 0x63, 0x43, 0x5d, 0x5b, 0x69, 0x49, 0x5d, 0x5b, 0x65, 0x45, 0x5d, 0x5b,
    0x73, 0x53, 0x5d, 0x7c, 0x5b, 0x61, 0x41, 0x5d, 0x5b, 0x64, 0x44, 0x5d, 0x5b, 0x64, 0x44, 0x5d,
    0x5f, 0x5b, 0x65, 0x45, 0x5d, 0x5b, 0x78, 0x58, 0x5d, 0x5b, 0x65, 0x45, 0x5d, 0x5b, 0x63, 0x43,
    0x5d, 0x5b, 0x75, 0x55, 0x5d, 0x5b, 0x74, 0x54, 0x5d, 0x5b, 0x61, 0x41, 0x5d, 0x5b, 0x62, 0x42,
    0x5d, 0x5b, 0x6c, 0x4c, 0x5d, 0x5b, 0x65, 0x45, 0x5d, 0x7c, 0x5b, 0x61, 0x41, 0x5d, 0x5b, 0x64,
    0x44, 0x5d, 0x5b, 0x64, 0x44, 0x5d, 0x5f, 0x5b, 0x6c, 0x4c, 0x5d, 0x5b, 0x69, 0x49, 0x5d, 0x5b,
    0x62, 0x42, 0x5d, 0x5b, 0x72, 0x52, 0x5d, 0x5b, 0x61, 0x41, 0x5d, 0x5b, 0x72, 0x52, 0x5d, 0x5b,
    0x79, 0x59, 0x5d, 0x7c, 0x5b, 0x61, 0x41, 0x5d, 0x5b, 0x64, 0x44, 0x5d, 0x5b, 0x64, 0x44, 0x5d,
    0x5f, 0x5b, 0x6c, 0x4c, 0x5d, 0x5b, 0x69, 0x49, 0x5d, 0x5b, 0x6e, 0x4e, 0x5d, 0x5b, 0x6b, 0x4b,
    0x5d, 0x5f, 0x5b, 0x6f, 0x4f, 0x5d, 0x5b, 0x70, 0x50, 0x5d, 0x5b, 0x74, 0x54, 0x5d, 0x5b, 0x69,
    0x49, 0x5d, 0x5b, 0x6f, 0x4f, 0x5d, 0x5b, 0x6e, 0x4e, 0x5d, 0x5b, 0x73, 0x53, 0x5d, 0x7c, 0x5b,
    0x61, 0x41, 0x5d, 0x5b, 0x64, 0x44, 0x5d, 0x5b, 0x64, 0x44, 0x5d, 0x5f, 0x5b, 0x73, 0x53, 0x5d,
    0x5b, 0x75, 0x55, 0x5d, 0x5b, 0x62, 0x42, 0x5d, 0x5b, 0x64, 0x44, 0x5d, 0x5b, 0x69, 0x49, 0x5d,
    0x5b, 0x72, 0x52, 0x5d, 0x5b, 0x65, 0x45, 0x5d, 0x5b, 0x63, 0x43, 0x5d, 0x5b, 0x74, 0x54, 0x5d,
    0x5b, 0x6f, 0x4f, 0x5d, 0x5b, 0x72, 0x52, 0x5d, 0x5b, 0x79, 0x59, 0x5d, 0x7c, 0x5b, 0x61, 0x41,
    0x5d, 0x5b, 0x64, 0x44, 0x5d, 0x5b, 0x64, 0x44, 0x5d, 0x5f, 0x5b, 0x74, 0x54, 0x5d, 0x5b, 0x65,
    0x45, 0x5d, 0x5b, 0x73, 0x53, 0x5d, 0x5b, 0x74, 0x54, 0x5d, 0x7c, 0x5b, 0x61, 0x41, 0x5d, 0x5b,
    0x75, 0x55, 0x5d, 0x5b, 0x78, 0x58, 0x5d, 0x5f, 0x5b, 0x73, 0x53, 0x5d, 0x5b, 0x6f, 0x4f, 0x5d,
    0x5b, 0x75, 0x55, 0x5d, 0x5b, 0x72, 0x52, 0x5d, 0x5b, 0x63, 0x43, 0x5d, 0x5b, 0x65, 0x45, 0x5d,
    0x5f, 0x5b, 0x64, 0x44, 0x5d, 0x5b, 0x69, 0x49, 0x5d, 0x5b, 0x72, 0x52, 0x5d, 0x5b, 0x65, 0x45,
    0x5d, 0x5b, 0x63, 0x43, 0x5d, 0x5b, 0x74, 0x54, 0x5d, 0x5b, 0x6f, 0x4f, 0x5d, 0x5b, 0x72, 0x52,
    0x5d, 0x5b, 0x79, 0x59, 0x5d, 0x7c, 0x5b, 0x62, 0x42, 0x5d, 0x5b, 0x75, 0x55, 0x5d, 0x5b, 0x69,
    0x49, 0x5d, 0x5b, 0x6c, 0x4c, 0x5d, 0x5b, 0x64, 0x44, 0x5d, 0x5f, 0x5b, 0x63, 0x43, 0x5d, 0x5b,
    0x6f, 0x4f, 0x5d, 0x5b, 0x6d, 0x4d, 0x5d, 0x5b, 0x6d, 0x4d, 0x5d, 0x5b, 0x61, 0x41, 0x5d, 0x5b,
    0x6e, 0x4e, 0x5d, 0x5b, 0x64, 0x44, 0x5d, 0x7c, 0x5b, 0x63, 0x43, 0x5d, 0x5b, 0x72, 0x52, 0x5d,
    0x5b, 0x65, 0x45, 0x5d, 0x5b, 0x61, 0x41, 0x5d, 0x5b, 0x74, 0x54, 0x5d, 0x5b, 0x65, 0x45, 0x5d,
    0x5f, 0x5b, 0x74, 0x54, 0x5d, 0x5b, 0x65, 0x45, 0x5d, 0x5b, 0x73, 0x53, 0x5d, 0x5b, 0x74, 0x54,
    0x5d, 0x5f, 0x5b, 0x73, 0x53, 0x5d, 0x5b, 0x6f, 0x4f, 0x5d, 0x5b, 0x75, 0x55, 0x5d, 0x5b, 0x72,
    0x52, 0x5d, 0x5b, 0x63, 0x43, 0x5d, 0x5b, 0x65, 0x45, 0x5d, 0x5b, 0x6c, 0x4c, 0x5d, 0x5b, 0x69,
    0x49, 0x5d, 0x5b, 0x73, 0x53, 0x5d, 0x5b, 0x74, 0x54, 0x5d, 0x7c, 0x5b, 0x64, 0x44, 0x5d, 0x5b,
    0x65, 0x45, 0x5d, 0x5b, 0x66, 0x46, 0x5d, 0x5b, 0x69, 0x49, 0x5d, 0x5b, 0x6e, 0x4e, 0x5d, 0x5b,
    0x65, 0x45, 0x5d, 0x5f, 0x5b, 0x70, 0x50, 0x5d, 0x5b, 0x72, 0x52, 0x5d, 0x5b, 0x6f, 0x4f, 0x5d,
    0x5b, 0x70, 0x50, 0x5d, 0x5b, 0x65, 0x45, 0x5d, 0x5b, 0x72, 0x52, 0x5d, 0x5b, 0x74, 0x54, 0x5d,
    0x5b, 0x79, 0x59, 0x5d, 0x7c, 0x5b, 0x65, 0x45, 0x5d, 0x5b, 0x6e, 0x4e, 0x5d, 0x5b, 0x61, 0x41,
    0x5d, 0x5b, 0x62, 0x42, 0x5d, 0x5b, 0x6c, 0x4c, 0x5d, 0x5b, 0x65, 0x45, 0x5d, 0x5f, 0x5b, 0x6c,
    0x4c, 0x5d, 0x5b, 0x61, 0x41, 0x5d, 0x5b, 0x6e, 0x4e, 0x5d, 0x5b, 0x67, 0x47, 0x5d, 0x5b, 0x75,
    0x55, 0x5d, 0x5b, 0x61, 0x41, 0x5d, 0x5b, 0x67, 0x47, 0x5d, 0x5b, 0x65, 0x45, 0x5d, 0x7c, 0x5b,
    0x65, 0x45, 0x5d, 0x5b, 0x6e, 0x4e, 0x5d, 0x5b, 0x61, 0x41, 0x5d, 0x5b, 0x62, 0x42, 0x5d, 0x5b,
    0x6c, 0x4c, 0x5d, 0x5b, 0x65, 0x45, 0x5d, 0x5f, 0x5b, 0x74, 0x54, 0x5d, 0x5b, 0x65, 0x45, 0x5d,
    0x5b, 0x73, 0x53, 0x5d, 0x5b, 0x74, 0x54, 0x5d, 0x5b, 0x69, 0x49, 0x5d, 0x5b, 0x6e, 0x4e, 0x5d,
    0x5b, 0x67, 0x47, 0x5d, 0x7c, 0x5b, 0x65, 0x45, 0x5d, 0x5b, 0x78, 0x58, 0x5d, 0x5b, 0x70, 0x50,
    0x5d, 0x5b, 0x6f, 0x4f, 0x5d, 0x5b, 0x72, 0x52, 0x5d, 0x5b, 0x74, 0x54, 0x5d, 0x7c, 0x5b, 0x66,
    0x46, 0x5d, 0x5b, 0x6c, 0x4c, 0x5d, 0x5b, 0x74, 0x54, 0x5d, 0x5b, 0x6b, 0x4b, 0x5d, 0x5f, 0x5b,
    0x77, 0x57, 0x5d, 0x5b, 0x72, 0x52, 0x5d, 0x5b, 0x61, 0x41, 0x5d, 0x5b, 0x70, 0x50, 0x5d, 0x5f,
    0x5b, 0x75, 0x55, 0x5d, 0x5b, 0x69, 0x49, 0x5d, 0x7c, 0x5b, 0x67, 0x47, 0x5d, 0x5b, 0x65, 0x45,
    0x5d, 0x5b, 0x74, 0x54, 0x5d, 0x5f, 0x5b, 0x73, 0x53, 0x5d, 0x5b, 0x6f, 0x4f, 0x5d, 0x5b, 0x75,
    0x55, 0x5d, 0x5b, 0x72, 0x52, 0x5d, 0x5b, 0x63, 0x43, 0x5d, 0x5b, 0x65, 0x45, 0x5d, 0x5f, 0x5b,
    0x66, 0x46, 0x5d, 0x5b, 0x69, 0x49, 0x5d, 0x5b, 0x6c, 0x4c, 0x5d, 0x5b, 0x65, 0x45, 0x5d, 0x5f,
    0x5b, 0x70, 0x50, 0x5d, 0x5b, 0x72, 0x52, 0x5d, 0x5b, 0x6f, 0x4f, 0x5d, 0x5b, 0x70, 0x50, 0x5d,
    0x5b, 0x65, 0x45, 0x5d, 0x5b, 0x72, 0x52, 0x5d, 0x5b, 0x74, 0x54, 0x5d, 0x5b, 0x79, 0x59, 0x5d,
    0x7c, 0x5b, 0x67, 0x47, 0x5d, 0x5b, 0x65, 0x45, 0x5d, 0x5b, 0x74, 0x54, 0x5d, 0x5f, 0x5b, 0x74,
    0x54, 0x5d, 0x5b, 0x61, 0x41, 0x5d, 0x5b, 0x72, 0x52, 0x5d, 0x5b, 0x67, 0x47, 0x5d, 0x5b, 0x65,
    0x45, 0x5d, 0x5b, 0x74, 0x54, 0x5d, 0x5f, 0x5b, 0x70, 0x50, 0x5d, 0x5b, 0x72, 0x52, 0x5d, 0x5b,
    0x6f, 0x4f, 0x5d, 0x5b, 0x70, 0x50, 0x5d, 0x5b, 0x65, 0x45, 0x5d, 0x5b, 0x72, 0x52, 0x5d, 0x5b,
    0x74, 0x54, 0x5d, 0x5b, 0x79, 0x59, 0x5d, 0x7c, 0x5b, 0x67, 0x47, 0x5d, 0x5b, 0x65, 0x45, 0x5d,
    0x5b, 0x74, 0x54, 0x5d, 0x5f, 0x5b, 0x74, 0x54, 0x5d, 0x5b, 0x65, 0x45, 0x5d, 0x5b, 0x73, 0x53,
    0x5d, 0x5b, 0x74, 0x54, 0x5d, 0x5f, 0x5b, 0x70, 0x50, 0x5d, 0x5b, 0x72, 0x52, 0x5d, 0x5b, 0x6f,
    0x4f, 0x5d, 0x5b, 0x70, 0x50, 0x5d, 0x5b, 0x65, 0x45, 0x5d, 0x5b, 0x72, 0x52, 0x5d, 0x5b, 0x74,
    0x54, 0x5d, 0x5b, 0x79, 0x59, 0x5d, 0x7c, 0x5b, 0x69, 0x49, 0x5d, 0x5b, 0x6e, 0x4e, 0x5d, 0x5b,
    0x63, 0x43, 0x5d, 0x5b, 0x6c, 0x4c, 0x5d, 0x5b, 0x75, 0x55, 0x5d, 0x5b, 0x64, 0x44, 0x5d, 0x5b,
    0x65, 0x45, 0x5d, 0x5f, 0x5b, 0x64, 0x44, 0x5d, 0x5b, 0x69, 0x49, 0x5d, 0x5b, 0x72, 0x52, 0x5d,
    0x5b, 0x65, 0x45, 0x5d, 0x5b, 0x63, 0x43, 0x5d, 0x5b, 0x74, 0x54, 0x5d, 0x5b, 0x6f, 0x4f, 0x5d,
    0x5b, 0x72, 0x52, 0x5d, 0x5b, 0x69, 0x49, 0x5d, 0x5b, 0x65, 0x45, 0x5d, 0x5b, 0x73, 0x53, 0x5d,
    0x7c, 0x5b, 0x69, 0x49, 0x5d, 0x5b, 0x6e, 0x4e, 0x5d, 0x5b, 0x63, 0x43, 0x5d, 0x5b, 0x6c, 0x4c,
    0x5d, 0x5b, 0x75, 0x55, 0x5d, 0x5b, 0x64, 0x44, 0x5d, 0x5b, 0x65, 0x45, 0x5d, 0x5f, 0x5b, 0x65,
    0x45, 0x5d, 0x5b, 0x78, 0x58, 0x5d, 0x5b, 0x74, 0x54, 0x5d, 0x5b, 0x65, 0x45, 0x5d, 0x5b, 0x72,
    0x52, 0x5d, 0x5b, 0x6e, 0x4e, 0x5d, 0x5b, 0x61, 0x41, 0x5d, 0x5b, 0x6c, 0x4c, 0x5d, 0x5f, 0x5b,
    0x6d, 0x4d, 0x5d, 0x5b, 0x73, 0x53, 0x5d, 0x5b, 0x70, 0x50, 0x5d, 0x5b, 0x72, 0x52, 0x5d, 0x5b,
    0x6f, 0x4f, 0x5d, 0x5b, 0x6a, 0x4a, 0x5d, 0x5b, 0x65, 0x45, 0x5d, 0x5b, 0x63, 0x43, 0x5d, 0x5b,
    0x74, 0x54, 0x5d, 0x7c, 0x5b, 0x69, 0x49, 0x5d, 0x5b, 0x6e, 0x4e, 0x5d, 0x5b, 0x63, 0x43, 0x5d,
    0x5b, 0x6c, 0x4c, 0x5d, 0x5b, 0x75, 0x55, 0x5d, 0x5b, 0x64, 0x44, 0x5d, 0x5b, 0x65, 0x45, 0x5d,
    0x5f, 0x5b, 0x72, 0x52, 0x5d, 0x5b, 0x65, 0x45, 0x5d, 0x5b, 0x67, 0x47, 0x5d, 0x5b, 0x75, 0x55,
    0x5d, 0x5b, 0x6c, 0x4c, 0x5d, 0x5b, 0x61, 0x41, 0x5d, 0x5b, 0x72, 0x52, 0x5d, 0x5f, 0x5b, 0x65,
    0x45, 0x5d, 0x5b, 0x78, 0x58, 0x5d, 0x5b, 0x70, 0x50, 0x5d, 0x5b, 0x72, 0x52, 0x5d, 0x5b, 0x65,
    0x45, 0x5d, 0x5b, 0x73, 0x53, 0x5d, 0x5b, 0x73, 0x53, 0x5d, 0x5b, 0x69, 0x49, 0x5d, 0x5b, 0x6f,
    0x4f, 0x5d, 0x5b, 0x6e, 0x4e, 0x5d, 0x7c, 0x5b, 0x69, 0x49, 0x5d, 0x5b, 0x6e, 0x4e, 0x5d, 0x5b,
    0x73, 0x53, 0x5d, 0x5b, 0x74, 0x54, 0x5d, 0x5b, 0x61, 0x41, 0x5d, 0x5b, 0x6c, 0x4c, 0x5d, 0x5b,
    0x6c, 0x4c, 0x5d, 0x7c, 0x5b, 0x6c, 0x4c, 0x5d, 0x5b, 0x69, 0x49, 0x5d, 0x5b, 0x6e, 0x4e, 0x5d,
    0x5b, 0x6b, 0x4b, 0x5d, 0x5f, 0x5b, 0x64, 0x44, 0x5d, 0x5b, 0x69, 0x49, 0x5d, 0x5b, 0x72, 0x52,
    0x5d, 0x5b, 0x65, 0x45, 0x5d, 0x5b, 0x63, 0x43, 0x5d, 0x5b, 0x74, 0x54, 0x5d, 0x5b, 0x6f, 0x4f,
    0x5d, 0x5b, 0x72, 0x52, 0x5d, 0x5b, 0x69, 0x49, 0x5d, 0x5b, 0x65, 0x45, 0x5d, 0x5b, 0x73, 0x53,
    0x5d, 0x7c, 0x5b, 0x6c, 0x4c, 0x5d, 0x5b, 0x69, 0x49, 0x5d, 0x5b, 0x6e, 0x4e, 0x5d, 0x5b, 0x6b,
    0x4b, 0x5d, 0x5f, 0x5b, 0x6c, 0x4c, 0x5d, 0x5b, 0x69, 0x49, 0x5d, 0x5b, 0x62, 0x42, 0x5d, 0x5b,
    0x72, 0x52, 0x5d, 0x5b, 0x61, 0x41, 0x5d, 0x5b, 0x72, 0x52, 0x5d, 0x5b, 0x69, 0x49, 0x5d, 0x5b,
    0x65, 0x45, 0x5d, 0x5b, 0x73, 0x53, 0x5d, 0x7c, 0x5b, 0x6c, 0x4c, 0x5d, 0x5b, 0x6f, 0x4f, 0x5d,
    0x5b, 0x61, 0x41, 0x5d, 0x5b, 0x64, 0x44, 0x5d, 0x5f, 0x5b, 0x63, 0x43, 0x5d, 0x5b, 0x61, 0x41,
    0x5d, 0x5b, 0x63, 0x43, 0x5d, 0x5b, 0x68, 0x48, 0x5d, 0x5b, 0x65, 0x45, 0x5d, 0x7c, 0x5b, 0x70,
    0x50, 0x5d, 0x5b, 0x72, 0x52, 0x5d, 0x5b, 0x6f, 0x4f, 0x5d, 0x5b, 0x6a, 0x4a, 0x5d, 0x5b, 0x65,
    0x45, 0x5d, 0x5b, 0x63, 0x43, 0x5d, 0x5b, 0x74, 0x54, 0x5d, 0x7c, 0x5b, 0x72, 0x52, 0x5d, 0x5b,
    0x65, 0x45, 0x5d, 0x5b, 0x6d, 0x4d, 0x5d, 0x5b, 0x6f, 0x4f, 0x5d, 0x5b, 0x76, 0x56, 0x5d, 0x5b,
    0x65, 0x45, 0x5d, 0x5f, 0x5b, 0x64, 0x44, 0x5d, 0x5b, 0x65, 0x45, 0x5d, 0x5b, 0x66, 0x46, 0x5d,
    0x5b, 0x69, 0x49, 0x5d, 0x5b, 0x6e, 0x4e, 0x5d, 0x5b, 0x69, 0x49, 0x5d, 0x5b, 0x74, 0x54, 0x5d,
    0x5b, 0x69, 0x49, 0x5d, 0x5b, 0x6f, 0x4f, 0x5d, 0x5b, 0x6e, 0x4e, 0x5d, 0x5b, 0x73, 0x53, 0x5d,
    0x7c, 0x5b, 0x73, 0x53, 0x5d, 0x5b, 0x65, 0x45, 0x5d, 0x5b, 0x74, 0x54, 0x5d, 0x5f, 0x5b, 0x73,
    0x53, 0x5d, 0x5b, 0x6f, 0x4f, 0x5d, 0x5b, 0x75, 0x55, 0x5d, 0x5b, 0x72, 0x52, 0x5d, 0x5b, 0x63,
    0x43, 0x5d, 0x5b, 0x65, 0x45, 0x5d, 0x5f, 0x5b, 0x66, 0x46, 0x5d, 0x5b, 0x69, 0x49, 0x5d, 0x5b,
    0x6c, 0x4c, 0x5d, 0x5b, 0x65, 0x45, 0x5d, 0x5b, 0x73, 0x53, 0x5d, 0x5f, 0x5b, 0x70, 0x50, 0x5d,
    0x5b, 0x72, 0x52, 0x5d, 0x5b, 0x6f, 0x4f, 0x5d, 0x5b, 0x70, 0x50, 0x5d, 0x5b, 0x65, 0x45, 0x5d,
    0x5b, 0x72, 0x52, 0x5d, 0x5b, 0x74, 0x54, 0x5d, 0x5b, 0x69, 0x49, 0x5d, 0x5b, 0x65, 0x45, 0x5d,
    0x5b, 0x73, 0x53, 0x5d, 0x7c, 0x5b, 0x73, 0x53, 0x5d, 0x5b, 0x65, 0x45, 0x5d, 0x5b, 0x74, 0x54,
    0x5d, 0x5f, 0x5b, 0x74, 0x54, 0x5d, 0x5b, 0x61, 0x41, 0x5d, 0x5b, 0x72, 0x52, 0x5d, 0x5b, 0x67,
    0x47, 0x5d, 0x5b, 0x65, 0x45, 0x5d, 0x5b, 0x74, 0x54, 0x5d, 0x5f, 0x5b, 0x70, 0x50, 0x5d, 0x5b,
    0x72, 0x52, 0x5d, 0x5b, 0x6f, 0x4f, 0x5d, 0x5b, 0x70, 0x50, 0x5d, 0x5b, 0x65, 0x45, 0x5d, 0x5b,
    0x72, 0x52, 0x5d, 0x5b, 0x74, 0x54, 0x5d, 0x5b, 0x69, 0x49, 0x5d, 0x5b, 0x65, 0x45, 0x5d, 0x5b,
    0x73, 0x53, 0x5d, 0x7c, 0x5b, 0x73, 0x53, 0x5d, 0x5b, 0x65, 0x45, 0x5d, 0x5b, 0x74, 0x54, 0x5d,
    0x5f, 0x5b, 0x74, 0x54, 0x5d, 0x5b, 0x65, 0x45, 0x5d, 0x5b, 0x73, 0x53, 0x5d, 0x5b, 0x74, 0x54,
    0x5d, 0x5b, 0x73, 0x53, 0x5d, 0x5f, 0x5b, 0x70, 0x50, 0x5d, 0x5b, 0x72, 0x52, 0x5d, 0x5b, 0x6f,
    0x4f, 0x5d, 0x5b, 0x70, 0x50, 0x5d, 0x5b, 0x65, 0x45, 0x5d, 0x5b, 0x72, 0x52, 0x5d, 0x5b, 0x74,
    0x54, 0x5d, 0x5b, 0x69, 0x49, 0x5d, 0x5b, 0x65, 0x45, 0x5d, 0x5b, 0x73, 0x53, 0x5d, 0x7c, 0x5b,
    0x73, 0x53, 0x5d, 0x5b, 0x6f, 0x4f, 0x5d, 0x5b, 0x75, 0x55, 0x5d, 0x5b, 0x72, 0x52, 0x5d, 0x5b,
    0x63, 0x43, 0x5d, 0x5b, 0x65, 0x45, 0x5d, 0x5f, 0x5b, 0x67, 0x47, 0x5d, 0x5b, 0x72, 0x52, 0x5d,
    0x5b, 0x6f, 0x4f, 0x5d, 0x5b, 0x75, 0x55, 0x5d, 0x5b, 0x70, 0x50, 0x5d, 0x7c, 0x5b, 0x74, 0x54,
    0x5d, 0x5b, 0x61, 0x41, 0x5d, 0x5b, 0x72, 0x52, 0x5d, 0x5b, 0x67, 0x47, 0x5d, 0x5b, 0x65, 0x45,
    0x5d, 0x5b, 0x74, 0x54, 0x5d, 0x5f, 0x5b, 0x63, 0x43, 0x5d, 0x5b, 0x6f, 0x4f, 0x5d, 0x5b, 0x6d,
    0x4d, 0x5d, 0x5b, 0x70, 0x50, 0x5d, 0x5b, 0x69, 0x49, 0x5d, 0x5b, 0x6c, 0x4c, 0x5d, 0x5b, 0x65,
    0x45, 0x5d, 0x5f, 0x5b, 0x64, 0x44, 0x5d, 0x5b, 0x65, 0x45, 0x5d, 0x5b, 0x66, 0x46, 0x5d, 0x5b,
    0x69, 0x49, 0x5d, 0x5b, 0x6e, 0x4e, 0x5d, 0x5b, 0x69, 0x49, 0x5d, 0x5b, 0x74, 0x54, 0x5d, 0x5b,
    0x69, 0x49, 0x5d, 0x5b, 0x6f, 0x4f, 0x5d, 0x5b, 0x6e, 0x4e, 0x5d, 0x5b, 0x73, 0x53, 0x5d, 0x7c,
    0x5b, 0x74, 0x54, 0x5d, 0x5b, 0x61, 0x41, 0x5d, 0x5b, 0x72, 0x52, 0x5d, 0x5b, 0x67, 0x47, 0x5d,
    0x5b, 0x65, 0x45, 0x5d, 0x5b, 0x74, 0x54, 0x5d, 0x5f, 0x5b, 0x63, 0x43, 0x5d, 0x5b, 0x6f, 0x4f,
    0x5d, 0x5b, 0x6d, 0x4d, 0x5d, 0x5b, 0x70, 0x50, 0x5d, 0x5b, 0x69, 0x49, 0x5d, 0x5b, 0x6c, 0x4c,
    0x5d, 0x5b, 0x65, 0x45, 0x5d, 0x5f, 0x5b, 0x66, 0x46, 0x5d, 0x5b, 0x65, 0x45, 0x5d, 0x5b, 0x61,
    0x41, 0x5d, 0x5b, 0x74, 0x54, 0x5d, 0x5b, 0x75, 0x55, 0x5d, 0x5b, 0x72, 0x52, 0x5d, 0x5b, 0x65,
    0x45, 0x5d, 0x5b, 0x73, 0x53, 0x5d, 0x7c, 0x5b, 0x74, 0x54, 0x5d, 0x5b, 0x61, 0x41, 0x5d, 0x5b,
    0x72, 0x52, 0x5d, 0x5b, 0x67, 0x47, 0x5d, 0x5b, 0x65, 0x45, 0x5d, 0x5b, 0x74, 0x54, 0x5d, 0x5f,
    0x5b, 0x63, 0x43, 0x5d, 0x5b, 0x6f, 0x4f, 0x5d, 0x5b, 0x6d, 0x4d, 0x5d, 0x5b, 0x70, 0x50, 0x5d,
    0x5b, 0x69, 0x49, 0x5d, 0x5b, 0x6c, 0x4c, 0x5d, 0x5b, 0x65, 0x45, 0x5d, 0x5f, 0x5b, 0x6f, 0x4f,
    0x5d, 0x5b, 0x70, 0x50, 0x5d, 0x5b, 0x74, 0x54, 0x5d, 0x5b, 0x69, 0x49, 0x5d, 0x5b, 0x6f, 0x4f,
    0x5d, 0x5b, 0x6e, 0x4e, 0x5d, 0x5b, 0x73, 0x53, 0x5d, 0x7c, 0x5b, 0x74, 0x54, 0x5d, 0x5b, 0x61,
    0x41, 0x5d, 0x5b, 0x72, 0x52, 0x5d, 0x5b, 0x67, 0x47, 0x5d, 0x5b, 0x65, 0x45, 0x5d, 0x5b, 0x74,
    0x54, 0x5d, 0x5f, 0x5b, 0x69, 0x49, 0x5d, 0x5b, 0x6e, 0x4e, 0x5d, 0x5b, 0x63, 0x43, 0x5d, 0x5b,
    0x6c, 0x4c, 0x5d, 0x5b, 0x75, 0x55, 0x5d, 0x5b, 0x64, 0x44, 0x5d, 0x5b, 0x65, 0x45, 0x5d, 0x5f,
    0x5b, 0x64, 0x44, 0x5d, 0x5b, 0x69, 0x49, 0x5d, 0x5b, 0x72, 0x52, 0x5d, 0x5b, 0x65, 0x45, 0x5d,
    0x5b, 0x63, 0x43, 0x5d, 0x5b, 0x74, 0x54, 0x5d, 0x5b, 0x6f, 0x4f, 0x5d, 0x5b, 0x72, 0x52, 0x5d,
    0x5b, 0x69, 0x49, 0x5d, 0x5b, 0x65, 0x45, 0x5d, 0x5b, 0x73, 0x53, 0x5d, 0x7c, 0x5b, 0x74, 0x54,
    0x5d, 0x5b, 0x61, 0x41, 0x5d, 0x5b, 0x72, 0x52, 0x5d, 0x5b, 0x67, 0x47, 0x5d, 0x5b, 0x65, 0x45,
    0x5d, 0x5b, 0x74, 0x54, 0x5d, 0x5f, 0x5b, 0x6c, 0x4c, 0x5d, 0x5b, 0x69, 0x49, 0x5d, 0x5b, 0x6e,
    0x4e, 0x5d, 0x5b, 0x6b, 0x4b, 0x5d, 0x5f, 0x5b, 0x64, 0x44, 0x5d, 0x5b, 0x69, 0x49, 0x5d, 0x5b,
    0x72, 0x52, 0x5d, 0x5b, 0x65, 0x45, 0x5d, 0x5b, 0x63, 0x43, 0x5d, 0x5b, 0x74, 0x54, 0x5d, 0x5b,
    0x6f, 0x4f, 0x5d, 0x5b, 0x72, 0x52, 0x5d, 0x5b, 0x69, 0x49, 0x5d, 0x5b, 0x65, 0x45, 0x5d, 0x5b,
    0x73, 0x53, 0x5d, 0x7c, 0x5b, 0x74, 0x54, 0x5d, 0x5b, 0x61, 0x41, 0x5d, 0x5b, 0x72, 0x52, 0x5d,
    0x5b, 0x67, 0x47, 0x5d, 0x5b, 0x65, 0x45, 0x5d, 0x5b, 0x74, 0x54, 0x5d, 0x5f, 0x5b, 0x6c, 0x4c,
    0x5d, 0x5b, 0x69, 0x49, 0x5d, 0x5b, 0x6e, 0x4e, 0x5d, 0x5b, 0x6b, 0x4b, 0x5d, 0x5f, 0x5b, 0x6c,
    0x4c, 0x5d, 0x5b, 0x69, 0x49, 0x5d, 0x5b, 0x62, 0x42, 0x5d, 0x5b, 0x72, 0x52, 0x5d, 0x5b, 0x61,
    0x41, 0x5d, 0x5b, 0x72, 0x52, 0x5d, 0x5b, 0x69, 0x49, 0x5d, 0x5b, 0x65, 0x45, 0x5d, 0x5b, 0x73,
    0x53, 0x5d, 0x7c, 0x5b, 0x74, 0x54, 0x5d, 0x5b, 0x61, 0x41, 0x5d, 0x5b, 0x72, 0x52, 0x5d, 0x5b,
    0x67, 0x47, 0x5d, 0x5b, 0x65, 0x45, 0x5d, 0x5b, 0x74, 0x54, 0x5d, 0x5f, 0x5b, 0x6c, 0x4c, 0x5d,
    0x5b, 0x69, 0x49, 0x5d, 0x5b, 0x6e, 0x4e, 0x5d, 0x5b, 0x6b, 0x4b, 0x5d, 0x5f, 0x5b, 0x6f, 0x4f,
    0x5d, 0x5b, 0x70, 0x50, 0x5d, 0x5b, 0x74, 0x54, 0x5d, 0x5b, 0x69, 0x49, 0x5d, 0x5b, 0x6f, 0x4f,
    0x5d, 0x5b, 0x6e, 0x4e, 0x5d, 0x5b, 0x73, 0x53, 0x5d, 0x7c, 0x5b, 0x74, 0x54, 0x5d, 0x5b, 0x61,
    0x41, 0x5d, 0x5b, 0x72, 0x52, 0x5d, 0x5b, 0x67, 0x47, 0x5d, 0x5b, 0x65, 0x45, 0x5d, 0x5b, 0x74,
    0x54, 0x5d, 0x5f, 0x5b, 0x70, 0x50, 0x5d, 0x5b, 0x72, 0x52, 0x5d, 0x5b, 0x65, 0x45, 0x5d, 0x5b,
    0x63, 0x43, 0x5d, 0x5b, 0x6f, 0x4f, 0x5d, 0x5b, 0x6d, 0x4d, 0x5d, 0x5b, 0x70, 0x50, 0x5d, 0x5b,
    0x69, 0x49, 0x5d, 0x5b, 0x6c, 0x4c, 0x5d, 0x5b, 0x65, 0x45, 0x5d, 0x5f, 0x5b, 0x68, 0x48, 0x5d,
    0x5b, 0x65, 0x45, 0x5d, 0x5b, 0x61, 0x41, 0x5d, 0x5b, 0x64, 0x44, 0x5d, 0x5b, 0x65, 0x45, 0x5d,
    0x5b, 0x72, 0x52, 0x5d, 0x5b, 0x73, 0x53, 0x5d, 0x7c, 0x5b, 0x74, 0x54, 0x5d, 0x5b, 0x61, 0x41,
    0x5d, 0x5b, 0x72, 0x52, 0x5d, 0x5b, 0x67, 0x47, 0x5d, 0x5b, 0x65, 0x45, 0x5d, 0x5b, 0x74, 0x54,
    0x5d, 0x5f, 0x5b, 0x73, 0x53, 0x5d, 0x5b, 0x6f, 0x4f, 0x5d, 0x5b, 0x75, 0x55, 0x5d, 0x5b, 0x72,
    0x52, 0x5d, 0x5b, 0x63, 0x43, 0x5d, 0x5b, 0x65, 0x45, 0x5d, 0x5b, 0x73, 0x53, 0x5d, 0x7c, 0x5b,
    0x74, 0x54, 0x5d, 0x5b, 0x72, 0x52, 0x5d, 0x5b, 0x79, 0x59, 0x5d, 0x5f, 0x5b, 0x63, 0x43, 0x5d,
    0x5b, 0x6f, 0x4f, 0x5d, 0x5b, 0x6d, 0x4d, 0x5d, 0x5b, 0x70, 0x50, 0x5d, 0x5b, 0x69, 0x49, 0x5d,
    0x5b, 0x6c, 0x4c, 0x5d, 0x5b, 0x65, 0x45, 0x5d, 0x7c, 0x5b, 0x74, 0x54, 0x5d, 0x5b, 0x72, 0x52,
    0x5d, 0x5b, 0x79, 0x59, 0x5d, 0x5f, 0x5b, 0x72, 0x52, 0x5d, 0x5b, 0x75, 0x55, 0x5d, 0x5b, 0x6e,
    0x4e, 0x5d, 0x7c, 0x5b, 0x63, 0x43, 0x5d, 0x5b, 0x74, 0x54, 0x5d, 0x5b, 0x65, 0x45, 0x5d, 0x5b,
    0x73, 0x53, 0x5d, 0x5b, 0x74, 0x54, 0x5d, 0x5f, 0x5b, 0x62, 0x42, 0x5d, 0x5b, 0x75, 0x55, 0x5d,
    0x5b, 0x69, 0x49, 0x5d, 0x5b, 0x6c, 0x4c, 0x5d, 0x5b, 0x64, 0x44, 0x5d, 0x7c, 0x5b, 0x63, 0x43,
    0x5d, 0x5b, 0x74, 0x54, 0x5d, 0x5b, 0x65, 0x45, 0x5d, 0x5b, 0x73, 0x53, 0x5d, 0x5b, 0x74, 0x54,
    0x5d, 0x5f, 0x5b, 0x63, 0x43, 0x5d, 0x5b, 0x6f, 0x4f, 0x5d, 0x5b, 0x6e, 0x4e, 0x5d, 0x5b, 0x66,
    0x46, 0x5d, 0x5b, 0x69, 0x49, 0x5d, 0x5b, 0x67, 0x47, 0x5d, 0x5b, 0x75, 0x55, 0x5d, 0x5b, 0x72,
    0x52, 0x5d, 0x5b, 0x65, 0x45, 0x5d, 0x7c, 0x5b, 0x63, 0x43, 0x5d, 0x5b, 0x74, 0x54, 0x5d, 0x5b,
    0x65, 0x45, 0x5d, 0x5b, 0x73, 0x53, 0x5d, 0x5b, 0x74, 0x54, 0x5d, 0x5f, 0x5b, 0x63, 0x43, 0x5d,
    0x5b, 0x6f, 0x4f, 0x5d, 0x5b, 0x76, 0x56, 0x5d, 0x5b, 0x65, 0x45, 0x5d, 0x5b, 0x72, 0x52, 0x5d,
    0x5b, 0x61, 0x41, 0x5d, 0x5b, 0x67, 0x47, 0x5d, 0x5b, 0x65, 0x45, 0x5d, 0x7c, 0x5b, 0x63, 0x43,
    0x5d, 0x5b, 0x74, 0x54, 0x5d, 0x5b, 0x65, 0x45, 0x5d, 0x5b, 0x73, 0x53, 0x5d, 0x5b, 0x74, 0x54,
    0x5d, 0x5f, 0x5b, 0x65, 0x45, 0x5d, 0x5b, 0x6d, 0x4d, 0x5d, 0x5b, 0x70, 0x50, 0x5d, 0x5b, 0x74,
    0x54, 0x5d, 0x5b, 0x79, 0x59, 0x5d, 0x5f, 0x5b, 0x62, 0x42, 0x5d, 0x5b, 0x69, 0x49, 0x5d, 0x5b,
    0x6e, 0x4e, 0x5d, 0x5b, 0x61, 0x41, 0x5d, 0x5b, 0x72, 0x52, 0x5d, 0x5b, 0x79, 0x59, 0x5d, 0x5f,
    0x5b, 0x64, 0x44, 0x5d, 0x5b, 0x69, 0x49, 0x5d, 0x5b, 0x72, 0x52, 0x5d, 0x5b, 0x65, 0x45, 0x5d,
    0x5b, 0x63, 0x43, 0x5d, 0x5b, 0x74, 0x54, 0x5d, 0x5b, 0x6f, 0x4f, 0x5d, 0x5b, 0x72, 0x52, 0x5d,
    0x5b, 0x79, 0x59, 0x5d, 0x7c, 0x5b, 0x63, 0x43, 0x5d, 0x5b, 0x74, 0x54, 0x5d, 0x5b, 0x65, 0x45,
    0x5d, 0x5b, 0x73, 0x53, 0x5d, 0x5b, 0x74, 0x54, 0x5d, 0x5f, 0x5b, 0x6d, 0x4d, 0x5d, 0x5b, 0x65,
    0x45, 0x5d, 0x5b, 0x6d, 0x4d, 0x5d, 0x5b, 0x63, 0x43, 0x5d, 0x5b, 0x68, 0x48, 0x5d, 0x5b, 0x65,
    0x45, 0x5d, 0x5b, 0x63, 0x43, 0x5d, 0x5b, 0x6b, 0x4b, 0x5d, 0x7c, 0x5b, 0x63, 0x43, 0x5d, 0x5b,
    0x74, 0x54, 0x5d, 0x5b, 0x65, 0x45, 0x5d, 0x5b, 0x73, 0x53, 0x5d, 0x5b, 0x74, 0x54, 0x5d, 0x5f,
    0x5b, 0x72, 0x52, 0x5d, 0x5b, 0x65, 0x45, 0x5d, 0x5b, 0x61, 0x41, 0x5d, 0x5b, 0x64, 0x44, 0x5d,
    0x5f, 0x5b, 0x63, 0x43, 0x5d, 0x5b, 0x75, 0x55, 0x5d, 0x5b, 0x73, 0x53, 0x5d, 0x5b, 0x74, 0x54,
    0x5d, 0x5b, 0x6f, 0x4f, 0x5d, 0x5b, 0x6d, 0x4d, 0x5d, 0x5f, 0x5b, 0x66, 0x46, 0x5d, 0x5b, 0x69,
    0x49, 0x5d, 0x5b, 0x6c, 0x4c, 0x5d, 0x5b, 0x65, 0x45, 0x5d, 0x5b, 0x73, 0x53, 0x5d, 0x7c, 0x5b,
    0x63, 0x43, 0x5d, 0x5b, 0x74, 0x54, 0x5d, 0x5b, 0x65, 0x45, 0x5d, 0x5b, 0x73, 0x53, 0x5d, 0x5b,
    0x74, 0x54, 0x5d, 0x5f, 0x5b, 0x72, 0x52, 0x5d, 0x5b, 0x75, 0x55, 0x5d, 0x5b, 0x6e, 0x4e, 0x5d,
    0x5f, 0x5b, 0x73, 0x53, 0x5d, 0x5b, 0x63, 0x43, 0x5d, 0x5b, 0x72, 0x52, 0x5d, 0x5b, 0x69, 0x49,
    0x5d, 0x5b, 0x70, 0x50, 0x5d, 0x5b, 0x74, 0x54, 0x5d, 0x7c, 0x5b, 0x63, 0x43, 0x5d, 0x5b, 0x74,
    0x54, 0x5d, 0x5b, 0x65, 0x45, 0x5d, 0x5b, 0x73, 0x53, 0x5d, 0x5b, 0x74, 0x54, 0x5d, 0x5f, 0x5b,
    0x73, 0x53, 0x5d, 0x5b, 0x6c, 0x4c, 0x5d, 0x5b, 0x65, 0x45, 0x5d, 0x5b, 0x65, 0x45, 0x5d, 0x5b,
    0x70, 0x50, 0x5d, 0x7c, 0x5b, 0x63, 0x43, 0x5d, 0x5b, 0x74, 0x54, 0x5d, 0x5b, 0x65, 0x45, 0x5d,
    0x5b, 0x73, 0x53, 0x5d, 0x5b, 0x74, 0x54, 0x5d, 0x5f, 0x5b, 0x73, 0x53, 0x5d, 0x5b, 0x74, 0x54,
    0x5d, 0x5b, 0x61, 0x41, 0x5d, 0x5b, 0x72, 0x52, 0x5d, 0x5b, 0x74, 0x54, 0x5d, 0x7c, 0x5b, 0x63,
    0x43, 0x5d, 0x5b, 0x74, 0x54, 0x5d, 0x5b, 0x65, 0x45, 0x5d, 0x5b, 0x73, 0x53, 0x5d, 0x5b, 0x74,
    0x54, 0x5d, 0x5f, 0x5b, 0x73, 0x53, 0x5d, 0x5b, 0x75, 0x55, 0x5d, 0x5b, 0x62, 0x42, 0x5d, 0x5b,
    0x6d, 0x4d, 0x5d, 0x5b, 0x69, 0x49, 0x5d, 0x5b, 0x74, 0x54, 0x5d, 0x7c, 0x5b, 0x63, 0x43, 0x5d,
    0x5b, 0x74, 0x54, 0x5d, 0x5b, 0x65, 0x45, 0x5d, 0x5b, 0x73, 0x53, 0x5d, 0x5b, 0x74, 0x54, 0x5d,
    0x5f, 0x5b, 0x74, 0x54, 0x5d, 0x5b, 0x65, 0x45, 0x5d, 0x5b, 0x73, 0x53, 0x5d, 0x5b, 0x74, 0x54,
    0x5d, 0x7c, 0x5b, 0x63, 0x43, 0x5d, 0x5b, 0x74, 0x54, 0x5d, 0x5b, 0x65, 0x45, 0x5d, 0x5b, 0x73,
    0x53, 0x5d, 0x5b, 0x74, 0x54, 0x5d, 0x5f, 0x5b, 0x75, 0x55, 0x5d, 0x5b, 0x70, 0x50, 0x5d, 0x5b,
    0x64, 0x44, 0x5d, 0x5b, 0x61, 0x41, 0x5d, 0x5b, 0x74, 0x54, 0x5d, 0x5b, 0x65, 0x45, 0x5d, 0x7c,
    0x5b, 0x63, 0x43, 0x5d, 0x5b, 0x74, 0x54, 0x5d, 0x5b, 0x65, 0x45, 0x5d, 0x5b, 0x73, 0x53, 0x5d,
    0x5b, 0x74, 0x54, 0x5d, 0x5f, 0x5b, 0x75, 0x55, 0x5d, 0x5b, 0x70, 0x50, 0x5d, 0x5b, 0x6c, 0x4c,
    0x5d, 0x5b, 0x6f, 0x4f, 0x5d, 0x5b, 0x61, 0x41, 0x5d, 0x5b, 0x64, 0x44, 0x5d, 0x29, 0x24, 0x22,
    0x29, 0x29, 0x0a, 0x0a, 0x28, 0x6e, 0x6f, 0x72, 0x6d, 0x61, 0x6c, 0x5f, 0x63, 0x6f, 0x6d, 0x6d,
    0x61, 0x6e, 0x64, 0x0a, 0x20, 0x20, 0x28, 0x69, 0x64, 0x65, 0x6e, 0x74, 0x69, 0x66, 0x69, 0x65,
    0x72, 0x29, 0x20, 0x40, 0x5f, 0x66, 0x75, 0x6e, 0x63, 0x74, 0x69, 0x6f, 0x6e, 0x0a, 0x20, 0x20,
    0x28, 0x61, 0x72, 0x67, 0x75, 0x6d, 0x65, 0x6e, 0x74, 0x5f, 0x6c, 0x69, 0x73, 0x74, 0x0a, 0x20,
    0x20, 0x20, 0x20, 0x2e, 0x0a, 0x20, 0x20, 0x20, 0x20, 0x28, 0x61, 0x72, 0x67, 0x75, 0x6d, 0x65,
    0x6e, 0x74, 0x29, 0x20, 0x40, 0x76, 0x61, 0x72, 0x69, 0x61, 0x62, 0x6c, 0x65, 0x29, 0x0a, 0x20,
    0x20, 0x28, 0x23, 0x6d, 0x61, 0x74, 0x63, 0x68, 0x3f, 0x20, 0x40, 0x5f, 0x66, 0x75, 0x6e, 0x63,
    0x74, 0x69, 0x6f, 0x6e, 0x20, 0x22, 0x5e, 0x5b, 0x73, 0x53, 0x5d, 0x5b, 0x65, 0x45, 0x5d, 0x5b,
    0x74, 0x54, 0x5d, 0x24, 0x22, 0x29, 0x29, 0x0a, 0x0a, 0x28, 0x6e, 0x6f, 0x72, 0x6d, 0x61, 0x6c,
    0x5f, 0x63, 0x6f, 0x6d, 0x6d, 0x61, 0x6e, 0x64, 0x0a, 0x20, 0x20, 0x28, 0x69, 0x64, 0x65, 0x6e,
    0x74, 0x69, 0x66, 0x69, 0x65, 0x72, 0x29, 0x20, 0x40, 0x5f, 0x66, 0x75, 0x6e, 0x63, 0x74, 0x69,
    0x6f, 0x6e, 0x0a, 0x20, 0x20, 0x28, 0x23, 0x6d, 0x61, 0x74, 0x63, 0x68, 0x3f, 0x20, 0x40, 0x5f,
    0x66, 0x75, 0x6e, 0x63, 0x74, 0x69, 0x6f, 0x6e, 0x20, 0x22, 0x5e, 0x5b, 0x73, 0x53, 0x5d, 0x5b,
    0x65, 0x45, 0x5d, 0x5b, 0x74, 0x54, 0x5d, 0x24, 0x22, 0x29, 0x0a, 0x20, 0x20, 0x28, 0x61, 0x72,
    0x67, 0x75, 0x6d, 0x65, 0x6e, 0x74, 0x5f, 0x6c, 0x69, 0x73, 0x74, 0x0a, 0x20, 0x20, 0x20, 0x20,
    0x2e, 0x0a, 0x20, 0x20, 0x20, 0x20, 0x28, 0x61, 0x72, 0x67, 0x75, 0x6d, 0x65, 0x6e, 0x74, 0x29,
    0x0a, 0x20, 0x20, 0x20, 0x20, 0x28, 0x28, 0x61, 0x72, 0x67, 0x75, 0x6d, 0x65, 0x6e, 0x74, 0x29,
    0x20, 0x40, 0x5f, 0x63, 0x61, 0x63, 0x68, 0x65, 0x20, 0x40, 0x6b, 0x65, 0x79, 0x77, 0x6f, 0x72,
    0x64, 0x2e, 0x6d, 0x6f, 0x64, 0x69, 0x66, 0x69, 0x65, 0x72, 0x0a, 0x20, 0x20, 0x20, 0x20, 0x20,
    0x20, 0x2e, 0x0a, 0x20, 0x20, 0x20, 0x20, 0x20, 0x20, 0x28, 0x61, 0x72, 0x67, 0x75, 0x6d, 0x65,
    0x6e, 0x74, 0x29, 0x20, 0x40, 0x5f, 0x74, 0x79, 0x70, 0x65, 0x20, 0x40, 0x74, 0x79, 0x70, 0x65,
    0x0a, 0x20, 0x20, 0x20, 0x20, 0x20, 0x20, 0x28, 0x23, 0x61, 0x6e, 0x79, 0x2d, 0x6f, 0x66, 0x3f,
    0x20, 0x40, 0x5f, 0x63, 0x61, 0x63, 0x68, 0x65, 0x20, 0x22, 0x43, 0x41, 0x43, 0x48, 0x45, 0x22,
    0x29, 0x0a, 0x20, 0x20, 0x20, 0x20, 0x20, 0x20, 0x28, 0x23, 0x61, 0x6e, 0x79, 0x2d, 0x6f, 0x66,
    0x3f, 0x20, 0x40, 0x5f, 0x74, 0x79, 0x70, 0x65, 0x20, 0x22, 0x42, 0x4f, 0x4f, 0x4c, 0x22, 0x20,
    0x22, 0x46, 0x49, 0x4c, 0x45, 0x50, 0x41, 0x54, 0x48, 0x22, 0x20, 0x22, 0x50, 0x41, 0x54, 0x48,
    0x22, 0x20, 0x22, 0x53, 0x54, 0x52, 0x49, 0x4e, 0x47, 0x22, 0x20, 0x22, 0x49, 0x4e, 0x54, 0x45,
    0x52, 0x4e, 0x41, 0x4c, 0x22, 0x29, 0x29, 0x29, 0x29, 0x0a, 0x0a, 0x28, 0x6e, 0x6f, 0x72, 0x6d,
    0x61, 0x6c, 0x5f, 0x63, 0x6f, 0x6d, 0x6d, 0x61, 0x6e, 0x64, 0x0a, 0x20, 0x20, 0x28, 0x69, 0x64,
    0x65, 0x6e, 0x74, 0x69, 0x66, 0x69, 0x65, 0x72, 0x29, 0x20, 0x40, 0x5f, 0x66, 0x75, 0x6e, 0x63,
    0x74, 0x69, 0x6f, 0x6e, 0x0a, 0x20, 0x20, 0x28, 0x23, 0x6d, 0x61, 0x74, 0x63, 0x68, 0x3f, 0x20,
    0x40, 0x5f, 0x66, 0x75, 0x6e, 0x63, 0x74, 0x69, 0x6f, 0x6e, 0x20, 0x22, 0x5e, 0x5b, 0x75, 0x55,
    0x5d, 0x5b, 0x6e, 0x4e, 0x5d, 0x5b, 0x73, 0x53, 0x5d, 0x5b, 0x65, 0x45, 0x5d, 0x5b, 0x74, 0x54,
    0x5d, 0x24, 0x22, 0x29, 0x0a, 0x20, 0x20, 0x28, 0x61, 0x72, 0x67, 0x75, 0x6d, 0x65, 0x6e, 0x74,
    0x5f, 0x6c, 0x69, 0x73, 0x74, 0x0a, 0x20, 0x20, 0x20, 0x20, 0x2e, 0x0a, 0x20, 0x20, 0x20, 0x20,
    0x28, 0x61, 0x72, 0x67, 0x75, 0x6d, 0x65, 0x6e, 0x74, 0x29, 0x0a, 0x20, 0x20, 0x20, 0x20, 0x28,
    0x61, 0x72, 0x67, 0x75, 0x6d, 0x65, 0x6e, 0x74, 0x29, 0x20, 0x40, 0x6b, 0x65, 0x79, 0x77, 0x6f,
    0x72, 0x64, 0x2e, 0x6d, 0x6f, 0x64, 0x69, 0x66, 0x69, 0x65, 0x72, 0x0a, 0x20, 0x20, 0x20, 0x20,
    0x28, 0x23, 0x61, 0x6e, 0x79, 0x2d, 0x6f, 0x66, 0x3f, 0x20, 0x40, 0x6b, 0x65, 0x79, 0x77, 0x6f,
    0x72, 0x64, 0x2e, 0x6d, 0x6f, 0x64, 0x69, 0x66, 0x69, 0x65, 0x72, 0x20, 0x22, 0x43, 0x41, 0x43,
    0x48, 0x45, 0x22, 0x20, 0x22, 0x50, 0x41, 0x52, 0x45, 0x4e, 0x54, 0x5f, 0x53, 0x43, 0x4f, 0x50,
    0x45, 0x22, 0x29, 0x29, 0x29, 0x0a, 0x0a, 0x28, 0x6e, 0x6f, 0x72, 0x6d, 0x61, 0x6c, 0x5f, 0x63,
    0x6f, 0x6d, 0x6d, 0x61, 0x6e, 0x64, 0x0a, 0x20, 0x20, 0x28, 0x69, 0x64, 0x65, 0x6e, 0x74, 0x69,
    0x66, 0x69, 0x65, 0x72, 0x29, 0x20, 0x40, 0x5f, 0x66, 0x75, 0x6e, 0x63, 0x74, 0x69, 0x6f, 0x6e,
    0x0a, 0x20, 0x20, 0x28, 0x23, 0x6d, 0x61, 0x74, 0x63, 0x68, 0x3f, 0x20, 0x40, 0x5f, 0x66, 0x75,
    0x6e, 0x63, 0x74, 0x69, 0x6f, 0x6e, 0x20, 0x22, 0x5e, 0x5b, 0x6c, 0x4c, 0x5d, 0x5b, 0x69, 0x49,
    0x5d, 0x5b, 0x73, 0x53, 0x5d, 0x5b, 0x74, 0x54, 0x5d, 0x24, 0x22, 0x29, 0x0a, 0x20, 0x20, 0x28,
    0x61, 0x72, 0x67, 0x75, 0x6d, 0x65, 0x6e, 0x74, 0x5f, 0x6c, 0x69, 0x73, 0x74, 0x0a, 0x20, 0x20,
    0x20, 0x20, 0x2e, 0x0a, 0x20, 0x20, 0x20, 0x20, 0x28, 0x61, 0x72, 0x67, 0x75, 0x6d, 0x65, 0x6e,
    0x74, 0x29, 0x20, 0x40, 0x63, 0x6f, 0x6e, 0x73, 0x74, 0x61, 0x6e, 0x74, 0x0a, 0x20, 0x20, 0x20,
    0x20, 0x28, 0x23, 0x61, 0x6e, 0x79, 0x2d, 0x6f, 0x66, 0x3f, 0x20, 0x40, 0x63, 0x6f, 0x6e, 0x73,
    0x74, 0x61, 0x6e, 0x74, 0x20, 0x22, 0x4c, 0x45, 0x4e, 0x47, 0x54, 0x48, 0x22, 0x20, 0x22, 0x47,
    0x45, 0x54, 0x22, 0x20, 0x22, 0x4a, 0x4f, 0x49, 0x4e, 0x22, 0x20, 0x22, 0x53, 0x55, 0x42, 0x4c,
    0x49, 0x53, 0x54, 0x22, 0x20, 0x22, 0x46, 0x49, 0x4e, 0x44, 0x22, 0x29, 0x0a, 0x20, 0x20, 0x20,
    0x20, 0x2e, 0x0a, 0x20, 0x20, 0x20, 0x20, 0x28, 0x61, 0x72, 0x67, 0x75, 0x6d, 0x65, 0x6e, 0x74,
    0x29, 0x20, 0x40, 0x76, 0x61, 0x72, 0x69, 0x61, 0x62, 0x6c, 0x65, 0x0a, 0x20, 0x20, 0x20, 0x20,
    0x28, 0x61, 0x72, 0x67, 0x75, 0x6d, 0x65, 0x6e, 0x74, 0x29, 0x20, 0x40, 0x76, 0x61, 0x72, 0x69,
    0x61, 0x62, 0x6c, 0x65, 0x20, 0x2e, 0x29, 0x29, 0x0a, 0x0a, 0x28, 0x6e, 0x6f, 0x72, 0x6d, 0x61,
    0x6c, 0x5f, 0x63, 0x6f, 0x6d, 0x6d, 0x61, 0x6e, 0x64, 0x0a, 0x20, 0x20, 0x28, 0x69, 0x64, 0x65,
    0x6e, 0x74, 0x69, 0x66, 0x69, 0x65, 0x72, 0x29, 0x20, 0x40, 0x5f, 0x66, 0x75, 0x6e, 0x63, 0x74,
    0x69, 0x6f, 0x6e, 0x0a, 0x20, 0x20, 0x28, 0x23, 0x6d, 0x61, 0x74, 0x63, 0x68, 0x3f, 0x20, 0x40,
    0x5f, 0x66, 0x75, 0x6e, 0x63, 0x74, 0x69, 0x6f, 0x6e, 0x20, 0x22, 0x5e, 0x5b, 0x6c, 0x4c, 0x5d,
    0x5b, 0x69, 0x49, 0x5d, 0x5b, 0x73, 0x53, 0x5d, 0x5b, 0x74, 0x54, 0x5d, 0x24, 0x22, 0x29, 0x0a,
    0x20, 0x20, 0x28, 0x61, 0x72, 0x67, 0x75, 0x6d, 0x65, 0x6e, 0x74, 0x5f, 0x6c, 0x69, 0x73, 0x74,
    0x0a, 0x20, 0x20, 0x20, 0x20, 0x2e, 0x0a, 0x20, 0x20, 0x20, 0x20, 0x28, 0x61, 0x72, 0x67, 0x75,
    0x6d, 0x65, 0x6e, 0x74, 0x29, 0x20, 0x40, 0x63, 0x6f, 0x6e, 0x73, 0x74, 0x61, 0x6e, 0x74, 0x0a,
    0x20, 0x20, 0x20, 0x20, 0x2e, 0x0a, 0x20, 0x20, 0x20, 0x20, 0x28, 0x61, 0x72, 0x67, 0x75, 0x6d,
    0x65, 0x6e, 0x74, 0x29, 0x20, 0x40, 0x76, 0x61, 0x72, 0x69, 0x61, 0x62, 0x6c, 0x65, 0x0a, 0x20,
    0x20, 0x20, 0x20, 0x28, 0x23, 0x61, 0x6e, 0x79, 0x2d, 0x6f, 0x66, 0x3f, 0x20, 0x40, 0x63, 0x6f,
    0x6e, 0x73, 0x74, 0x61, 0x6e, 0x74, 0x0a, 0x20, 0x20, 0x20, 0x20, 0x20, 0x20, 0x22, 0x41, 0x50,
    0x50, 0x45, 0x4e, 0x44, 0x22, 0x20, 0x22, 0x46, 0x49, 0x4c, 0x54, 0x45, 0x52, 0x22, 0x20, 0x22,
    0x49, 0x4e, 0x53, 0x45, 0x52, 0x54, 0x22, 0x20, 0x22, 0x50, 0x4f, 0x50, 0x5f, 0x42, 0x41, 0x43,
    0x4b, 0x22, 0x20, 0x22, 0x50, 0x4f, 0x50, 0x5f, 0x46, 0x52, 0x4f, 0x4e, 0x54, 0x22, 0x20, 0x22,
    0x50, 0x52, 0x45, 0x50, 0x45, 0x4e, 0x44, 0x22, 0x20, 0x22, 0x52, 0x45, 0x4d, 0x4f, 0x56, 0x45,
    0x5f, 0x49, 0x54, 0x45, 0x4d, 0x22, 0x20, 0x22, 0x52, 0x45, 0x4d, 0x4f, 0x56, 0x45, 0x5f, 0x41,
    0x54, 0x22, 0x0a, 0x20, 0x20, 0x20, 0x20, 0x20, 0x20, 0x22, 0x52, 0x45, 0x4d, 0x4f, 0x56, 0x45,
    0x5f, 0x44, 0x55, 0x50, 0x4c, 0x49, 0x43, 0x41, 0x54, 0x45, 0x53, 0x22, 0x20, 0x22, 0x52, 0x45,
    0x56, 0x45, 0x52, 0x53, 0x45, 0x22, 0x20, 0x22, 0x53, 0x4f, 0x52, 0x54, 0x22, 0x29, 0x29, 0x29,
    0x0a, 0x0a, 0x28, 0x6e, 0x6f, 0x72, 0x6d, 0x61, 0x6c, 0x5f, 0x63, 0x6f, 0x6d, 0x6d, 0x61, 0x6e,
    0x64, 0x0a, 0x20, 0x20, 0x28, 0x69, 0x64, 0x65, 0x6e, 0x74, 0x69, 0x66, 0x69, 0x65, 0x72, 0x29,
    0x20, 0x40, 0x5f, 0x66, 0x75, 0x6e, 0x63, 0x74, 0x69, 0x6f, 0x6e, 0x0a, 0x20, 0x20, 0x28, 0x23,
    0x6d, 0x61, 0x74, 0x63, 0x68, 0x3f, 0x20, 0x40, 0x5f, 0x66, 0x75, 0x6e, 0x63, 0x74, 0x69, 0x6f,
    0x6e, 0x20, 0x22, 0x5e, 0x5b, 0x6c, 0x4c, 0x5d, 0x5b, 0x69, 0x49, 0x5d, 0x5b, 0x73, 0x53, 0x5d,
    0x5b, 0x74, 0x54, 0x5d, 0x24, 0x22, 0x29, 0x0a, 0x20, 0x20, 0x28, 0x61, 0x72, 0x67, 0x75, 0x6d,
    0x65, 0x6e, 0x74, 0x5f, 0x6c, 0x69, 0x73, 0x74, 0x0a, 0x20, 0x20, 0x20, 0x20, 0x2e, 0x0a, 0x20,
    0x20, 0x20, 0x20, 0x28, 0x61, 0x72, 0x67, 0x75, 0x6d, 0x65, 0x6e, 0x74, 0x29, 0x20, 0x40, 0x5f,
    0x74, 0x72, 0x61, 0x6e, 0x73, 0x66, 0x6f, 0x72, 0x6d, 0x20, 0x40, 0x63, 0x6f, 0x6e, 0x73, 0x74,
    0x61, 0x6e, 0x74, 0x0a, 0x20, 0x20, 0x20, 0x20, 0x2e, 0x0a, 0x20, 0x20, 0x20, 0x20, 0x28, 0x61,
    0x72, 0x67, 0x75, 0x6d, 0x65, 0x6e, 0x74, 0x29, 0x20, 0x40, 0x76, 0x61, 0x72, 0x69, 0x61, 0x62,
    0x6c, 0x65, 0x0a, 0x20, 0x20, 0x20, 0x20, 0x2e, 0x0a, 0x20, 0x20, 0x20, 0x20, 0x28, 0x61, 0x72,
    0x67, 0x75, 0x6d, 0x65, 0x6e, 0x74, 0x29, 0x20, 0x40, 0x5f, 0x61, 0x63, 0x74, 0x69, 0x6f, 0x6e,
    0x20, 0x40, 0x63, 0x6f, 0x6e, 0x73, 0x74, 0x61, 0x6e, 0x74, 0x0a, 0x20, 0x20, 0x20, 0x20, 0x28,
    0x23, 0x65, 0x71, 0x3f, 0x20, 0x40, 0x5f, 0x74, 0x72, 0x61, 0x6e, 0x73, 0x66, 0x6f, 0x72, 0x6d,
    0x20, 0x22, 0x54, 0x52, 0x41, 0x4e, 0x53, 0x46, 0x4f, 0x52, 0x4d, 0x22, 0x29, 0x0a, 0x20, 0x20,
    0x20, 0x20, 0x28, 0x23, 0x61, 0x6e, 0x79, 0x2d, 0x6f, 0x66, 0x3f, 0x20, 0x40, 0x5f, 0x61, 0x63,
    0x74, 0x69, 0x6f, 0x6e, 0x20, 0x22, 0x41, 0x50, 0x50, 0x45, 0x4e, 0x44, 0x22, 0x20, 0x22, 0x50,
    0x52, 0x45, 0x50, 0x45, 0x4e, 0x44, 0x22, 0x20, 0x22, 0x54, 0x4f, 0x55, 0x50, 0x50, 0x45, 0x52,
    0x22, 0x20, 0x22, 0x54, 0x4f, 0x4c, 0x4f, 0x57, 0x45, 0x52, 0x22, 0x20, 0x22, 0x53, 0x54, 0x52,
    0x49, 0x50, 0x22, 0x20, 0x22, 0x47, 0x45, 0x4e, 0x45, 0x58, 0x5f, 0x53, 0x54, 0x52, 0x49, 0x50,
    0x22, 0x20, 0x22, 0x52, 0x45, 0x50, 0x4c, 0x41, 0x43, 0x45, 0x22, 0x29, 0x29, 0x29, 0x0a, 0x0a,
    0x28, 0x6e, 0x6f, 0x72, 0x6d, 0x61, 0x6c, 0x5f, 0x63, 0x6f, 0x6d, 0x6d, 0x61, 0x6e, 0x64, 0x0a,
    0x20, 0x20, 0x28, 0x69, 0x64, 0x65, 0x6e, 0x74, 0x69, 0x66, 0x69, 0x65, 0x72, 0x29, 0x20, 0x40,
    0x5f, 0x66, 0x75, 0x6e, 0x63, 0x74, 0x69, 0x6f, 0x6e, 0x0a, 0x20, 0x20, 0x28, 0x23, 0x6d, 0x61,
    0x74, 0x63, 0x68, 0x3f, 0x20, 0x40, 0x5f, 0x66, 0x75, 0x6e, 0x63, 0x74, 0x69, 0x6f, 0x6e, 0x20,
    0x22, 0x5e, 0x5b, 0x6c, 0x4c, 0x5d, 0x5b, 0x69, 0x49, 0x5d, 0x5b, 0x73, 0x53, 0x5d, 0x5b, 0x74,
    0x54, 0x5d, 0x24, 0x22, 0x29, 0x0a, 0x20, 0x20, 0x28, 0x61, 0x72, 0x67, 0x75, 0x6d, 0x65, 0x6e,
    0x74, 0x5f, 0x6c, 0x69, 0x73, 0x74, 0x0a, 0x20, 0x20, 0x20, 0x20, 0x2e, 0x0a, 0x20, 0x20, 0x20,
    0x20, 0x28, 0x61, 0x72, 0x67, 0x75, 0x6d, 0x65, 0x6e, 0x74, 0x29, 0x20, 0x40, 0x5f, 0x74, 0x72,
    0x61, 0x6e, 0x73, 0x66, 0x6f, 0x72, 0x6d, 0x20, 0x40, 0x63, 0x6f, 0x6e, 0x73, 0x74, 0x61, 0x6e,
    0x74, 0x0a, 0x20, 0x20, 0x20, 0x20, 0x2e, 0x0a, 0x20, 0x20, 0x20, 0x20, 0x28, 0x61, 0x72, 0x67,
    0x75, 0x6d, 0x65, 0x6e, 0x74, 0x29, 0x20, 0x40, 0x76, 0x61, 0x72, 0x69, 0x61, 0x62, 0x6c, 0x65,
    0x0a, 0x20, 0x20, 0x20, 0x20, 0x2e, 0x0a, 0x20, 0x20, 0x20, 0x20, 0x28, 0x61, 0x72, 0x67, 0x75,
    0x6d, 0x65, 0x6e, 0x74, 0x29, 0x20, 0x40, 0x5f, 0x61, 0x63, 0x74, 0x69, 0x6f, 0x6e, 0x20, 0x40,
    0x63, 0x6f, 0x6e, 0x73, 0x74, 0x61, 0x6e, 0x74, 0x0a, 0x20, 0x20, 0x20, 0x20, 0x2e, 0x0a, 0x20,
    0x20, 0x20, 0x20, 0x28, 0x61, 0x72, 0x67, 0x75, 0x6d, 0x65, 0x6e, 0x74, 0x29, 0x3f, 0x20, 0x40,
    0x5f, 0x73, 0x65, 0x6c, 0x65, 0x63, 0x74, 0x6f, 0x72, 0x20, 0x40, 0x63, 0x6f, 0x6e, 0x73, 0x74,
    0x61, 0x6e, 0x74, 0x0a, 0x20, 0x20, 0x20, 0x20, 0x28, 0x23, 0x65, 0x71, 0x3f, 0x20, 0x40, 0x5f,
    0x74, 0x72, 0x61, 0x6e, 0x73, 0x66, 0x6f, 0x72, 0x6d, 0x20, 0x22, 0x54, 0x52, 0x41, 0x4e, 0x53,
    0x46, 0x4f, 0x52, 0x4d, 0x22, 0x29, 0x0a, 0x20, 0x20, 0x20, 0x20, 0x28, 0x23, 0x61, 0x6e, 0x79,
    0x2d, 0x6f, 0x66, 0x3f, 0x20, 0x40, 0x5f, 0x61, 0x63, 0x74, 0x69, 0x6f, 0x6e, 0x20, 0x22, 0x41,
    0x50, 0x50, 0x45, 0x4e, 0x44, 0x22, 0x20, 0x22, 0x50, 0x52, 0x45, 0x50, 0x45, 0x4e, 0x44, 0x22,
    0x20, 0x22, 0x54, 0x4f, 0x55, 0x50, 0x50, 0x45, 0x52, 0x22, 0x20, 0x22, 0x54, 0x4f, 0x4c, 0x4f,
    0x57, 0x45, 0x52, 0x22, 0x20, 0x22, 0x53, 0x54, 0x52, 0x49, 0x50, 0x22, 0x20, 0x22, 0x47, 0x45,
    0x4e, 0x45, 0x58, 0x5f, 0x53, 0x54, 0x52, 0x49, 0x50, 0x22, 0x20, 0x22, 0x52, 0x45, 0x50, 0x4c,
    0x41, 0x43, 0x45, 0x22, 0x29, 0x0a, 0x20, 0x20, 0x20, 0x20, 0x28, 0x23, 0x61, 0x6e, 0x79, 0x2d,
    0x6f, 0x66, 0x3f, 0x20, 0x40, 0x5f, 0x73, 0x65, 0x6c, 0x65, 0x63, 0x74, 0x6f, 0x72, 0x20, 0x22,
    0x41, 0x54, 0x22, 0x20, 0x22, 0x46, 0x4f, 0x52, 0x22, 0x20, 0x22, 0x52, 0x45, 0x47, 0x45, 0x58,
    0x22, 0x29, 0x29, 0x29, 0x0a, 0x0a, 0x28, 0x6e, 0x6f, 0x72, 0x6d, 0x61, 0x6c, 0x5f, 0x63, 0x6f,
    0x6d, 0x6d, 0x61, 0x6e, 0x64, 0x0a, 0x20, 0x20, 0x28, 0x69, 0x64, 0x65, 0x6e, 0x74, 0x69, 0x66,
    0x69, 0x65, 0x72, 0x29, 0x20, 0x40, 0x5f, 0x66, 0x75, 0x6e, 0x63, 0x74, 0x69, 0x6f, 0x6e, 0x0a,
    0x20, 0x20, 0x28, 0x23, 0x6d, 0x61, 0x74, 0x63, 0x68, 0x3f, 0x20, 0x40, 0x5f, 0x66, 0x75, 0x6e,
    0x63, 0x74, 0x69, 0x6f, 0x6e, 0x20, 0x22, 0x5e, 0x5b, 0x6c, 0x4c, 0x5d, 0x5b, 0x69, 0x49, 0x5d,
    0x5b, 0x73, 0x53, 0x5d, 0x5b, 0x74, 0x54, 0x5d, 0x24, 0x22, 0x29, 0x0a, 0x20, 0x20, 0x28, 0x61,
    0x72, 0x67, 0x75, 0x6d, 0x65, 0x6e, 0x74, 0x5f, 0x6c, 0x69, 0x73, 0x74, 0x0a, 0x20, 0x20, 0x20,
    0x20, 0x2e, 0x0a, 0x20, 0x20, 0x20, 0x20, 0x28, 0x61, 0x72, 0x67, 0x75, 0x6d, 0x65, 0x6e, 0x74,
    0x29, 0x20, 0x40, 0x5f, 0x74, 0x72, 0x61, 0x6e, 0x73, 0x66, 0x6f, 0x72, 0x6d, 0x20, 0x40, 0x63,
    0x6f, 0x6e, 0x73, 0x74, 0x61, 0x6e, 0x74, 0x0a, 0x20, 0x20, 0x20, 0x20, 0x28, 0x61, 0x72, 0x67,
    0x75, 0x6d, 0x65, 0x6e, 0x74, 0x29, 0x20, 0x40, 0x63, 0x6f, 0x6e, 0x73, 0x74, 0x61, 0x6e, 0x74,
    0x0a, 0x20, 0x20, 0x20, 0x20, 0x2e, 0x0a, 0x20, 0x20, 0x20, 0x20, 0x28, 0x61, 0x72, 0x67, 0x75,
    0x6d, 0x65, 0x6e, 0x74, 0x29, 0x20, 0x40, 0x76, 0x61, 0x72, 0x69, 0x61, 0x62, 0x6c, 0x65, 0x0a,
    0x20, 0x20, 0x20, 0x20, 0x28, 0x23, 0x65, 0x71, 0x3f, 0x20, 0x40, 0x5f, 0x74, 0x72, 0x61, 0x6e,
    0x73, 0x66, 0x6f, 0x72, 0x6d, 0x20, 0x22, 0x54, 0x52, 0x41, 0x4e, 0x53, 0x46, 0x4f, 0x52, 0x4d,
    0x22, 0x29, 0x0a, 0x20, 0x20, 0x20, 0x20, 0x28, 0x23, 0x65, 0x71, 0x3f, 0x20, 0x40, 0x63, 0x6f,
    0x6e, 0x73, 0x74, 0x61, 0x6e, 0x74, 0x20, 0x22, 0x4f, 0x55, 0x54, 0x50, 0x55, 0x54, 0x5f, 0x56,
    0x41, 0x52, 0x49, 0x41, 0x42, 0x4c, 0x45, 0x22, 0x29, 0x29, 0x29, 0x0a, 0x0a, 0x28, 0x65, 0x73,
    0x63, 0x61, 0x70, 0x65, 0x5f, 0x73, 0x65, 0x71, 0x75, 0x65, 0x6e, 0x63, 0x65, 0x29, 0x20, 0x40,
    0x73, 0x74, 0x72, 0x69, 0x6e, 0x67, 0x2e, 0x65, 0x73, 0x63, 0x61, 0x70, 0x65, 0x0a, 0x0a, 0x28,
    0x28, 0x73, 0x6f, 0x75, 0x72, 0x63, 0x65, 0x5f, 0x66, 0x69, 0x6c, 0x65, 0x0a, 0x20, 0x20, 0x2e,
    0x0a, 0x20, 0x20, 0x28, 0x6c, 0x69, 0x6e, 0x65, 0x5f, 0x63, 0x6f, 0x6d, 0x6d, 0x65, 0x6e, 0x74,
    0x29, 0x20, 0x40, 0x6b, 0x65, 0x79, 0x77, 0x6f, 0x72, 0x64, 0x2e, 0x64, 0x69, 0x72, 0x65, 0x63,
    0x74, 0x69, 0x76, 0x65, 0x20, 0x40, 0x6e, 0x6f, 0x73, 0x70, 0x65, 0x6c, 0x6c, 0x29, 0x0a, 0x20,
    0x20, 0x28, 0x23, 0x6c, 0x75, 0x61, 0x2d, 0x6d, 0x61, 0x74, 0x63, 0x68, 0x3f, 0x20, 0x40, 0x6b,
    0x65, 0x79, 0x77, 0x6f, 0x72, 0x64, 0x2e, 0x64, 0x69, 0x72, 0x65, 0x63, 0x74, 0x69, 0x76, 0x65,
    0x20, 0x22, 0x5e, 0x23, 0x21, 0x2f, 0x22, 0x29, 0x29, 0x0a,
};

static const unsigned char query_nix[] = {
    0x28, 0x63, 0x6f, 0x6d, 0x6d, 0x65, 0x6e, 0x74, 0x29, 0x20, 0x40, 0x63, 0x6f, 0x6d, 0x6d, 0x65,
    0x6e, 0x74, 0x0a, 0x0a, 0x5b, 0x0a, 0x20, 0x20, 0x22, 0x69, 0x66, 0x22, 0x0a, 0x20, 0x20, 0x22,
    0x74, 0x68, 0x65, 0x6e, 0x22, 0x0a, 0x20, 0x20, 0x22, 0x65, 0x6c, 0x73, 0x65, 0x22, 0x0a, 0x20,
    0x20, 0x22, 0x6c, 0x65, 0x74, 0x22, 0x0a, 0x20, 0x20, 0x22, 0x69, 0x6e, 0x68, 0x65, 0x72, 0x69,
    0x74, 0x22, 0x0a, 0x20, 0x20, 0x22, 0x69, 0x6e, 0x22, 0x0a, 0x20, 0x20, 0x22, 0x72, 0x65, 0x63,
    0x22, 0x0a, 0x20, 0x20, 0x22, 0x77, 0x69, 0x74, 0x68, 0x22, 0x0a, 0x20, 0x20, 0x22, 0x61, 0x73,
    0x73, 0x65, 0x72, 0x74, 0x22, 0x0a, 0x20, 0x20, 0x22, 0x6f, 0x72, 0x22, 0x0a, 0x5d, 0x20, 0x40,
    0x6b, 0x65, 0x79, 0x77, 0x6f, 0x72, 0x64, 0x0a, 0x0a, 0x28, 0x28, 0x69, 0x64, 0x65, 0x6e, 0x74,
    0x69, 0x66, 0x69, 0x65, 0x72, 0x29, 0x20, 0x40, 0x76, 0x61, 0x72, 0x69, 0x61, 0x62, 0x6c, 0x65,
    0x2e, 0x62, 0x75, 0x69, 0x6c, 0x74, 0x69, 0x6e, 0x0a, 0x20, 0x28, 0x23, 0x6d, 0x61, 0x74, 0x63,
    0x68, 0x3f, 0x20, 0x40, 0x76, 0x61, 0x72, 0x69, 0x61, 0x62, 0x6c, 0x65, 0x2e, 0x62, 0x75, 0x69,
    0x6c, 0x74, 0x69, 0x6e, 0x20, 0x22, 0x5e, 0x28, 0x5f, 0x5f, 0x63, 0x75, 0x72, 0x72, 0x65, 0x6e,
    0x74, 0x53, 0x79, 0x73, 0x74, 0x65, 0x6d, 0x7c, 0x5f, 0x5f, 0x63, 0x75, 0x72, 0x72, 0x65, 0x6e,
    0x74, 0x54, 0x69, 0x6d, 0x65, 0x7c, 0x5f, 0x5f, 0x6c, 0x61, 0x6e, 0x67, 0x56, 0x65, 0x72, 0x73,
    0x69, 0x6f, 0x6e, 0x7c, 0x5f, 0x5f, 0x6e, 0x69, 0x78, 0x50, 0x61, 0x74, 0x68, 0x7c, 0x5f, 0x5f,
    0x6e, 0x69, 0x78, 0x56, 0x65, 0x72, 0x73, 0x69, 0x6f, 0x6e, 0x7c, 0x5f, 0x5f, 0x73, 0x74, 0x6f,
    0x72, 0x65, 0x44, 0x69, 0x72, 0x7c, 0x62, 0x75, 0x69, 0x6c, 0x74, 0x69, 0x6e, 0x73, 0x7c, 0x66,
    0x61, 0x6c, 0x73, 0x65, 0x7c, 0x6e, 0x75, 0x6c, 0x6c, 0x7c, 0x74, 0x72, 0x75, 0x65, 0x29, 0x24,
    0x22, 0x29, 0x0a, 0x20, 0x28, 0x23, 0x69, 0x73, 0x2d, 0x6e, 0x6f, 0x74, 0x3f, 0x20, 0x6c, 0x6f,
    0x63, 0x61, 0x6c, 0x29, 0x29, 0x0a, 0x0a, 0x28, 0x28, 0x69, 0x64, 0x65, 0x6e, 0x74, 0x69, 0x66,
    0x69, 0x65, 0x72, 0x29, 0x20, 0x40, 0x66, 0x75, 0x6e, 0x63, 0x74, 0x69, 0x6f, 0x6e, 0x2e, 0x62,
    0x75, 0x69, 0x6c, 0x74, 0x69, 0x6e, 0x0a, 0x20, 0x28, 0x23, 0x6d, 0x61, 0x74, 0x63, 0x68, 0x3f,
    0x20, 0x40, 0x66, 0x75, 0x6e, 0x63, 0x74, 0x69, 0x6f, 0x6e, 0x2e, 0x62, 0x75, 0x69, 0x6c, 0x74,
    0x69, 0x6e, 0x20, 0x22, 0x5e, 0x28, 0x5f, 0x5f, 0x61, 0x64, 0x64, 0x7c, 0x5f, 0x5f, 0x61, 0x64,
    0x64, 0x45, 0x72, 0x72, 0x6f, 0x72, 0x43, 0x6f, 0x6e, 0x74, 0x65, 0x78, 0x74, 0x7c, 0x5f, 0x5f,
    0x61, 0x6c, 0x6c, 0x7c, 0x5f, 0x5f, 0x61, 0x6e, 0x79, 0x7c, 0x5f, 0x5f, 0x61, 0x70, 0x70, 0x65,
    0x6e, 0x64, 0x43, 0x6f, 0x6e, 0x74, 0x65, 0x78, 0x74, 0x7c, 0x5f, 0x5f, 0x61, 0x74, 0x74, 0x72,
    0x4e, 0x61, 0x6d, 0x65, 0x73, 0x7c, 0x5f, 0x5f, 0x61, 0x74, 0x74, 0x72, 0x56, 0x61, 0x6c, 0x75,
    0x65, 0x73, 0x7c, 0x5f, 0x5f, 0x62, 0x69, 0x74, 0x41, 0x6e, 0x64, 0x7c, 0x5f, 0x5f, 0x62, 0x69,
    0x74, 0x4f, 0x72, 0x7c, 0x5f, 0x5f, 0x62, 0x69, 0x74, 0x58, 0x6f, 0x72, 0x7c, 0x5f, 0x5f, 0x63,
    0x61, 0x74, 0x41, 0x74, 0x74, 0x72, 0x73, 0x7c, 0x5f, 0x5f, 0x63, 0x65, 0x69, 0x6c, 0x7c, 0x5f,
    0x5f, 0x63, 0x6f, 0x6d, 0x70, 0x61, 0x72, 0x65, 0x56, 0x65, 0x72, 0x73, 0x69, 0x6f, 0x6e, 0x73,
    0x7c, 0x5f, 0x5f, 0x63, 0x6f, 0x6e, 0x63, 0x61, 0x74, 0x4c, 0x69, 0x73, 0x74, 0x73, 0x7c, 0x5f,
    0x5f, 0x63, 0x6f, 0x6e, 0x63, 0x61, 0x74, 0x4d, 0x61, 0x70, 0x7c, 0x5f, 0x5f, 0x63, 0x6f, 0x6e,
    0x63, 0x61, 0x74, 0x53, 0x74, 0x72, 0x69, 0x6e, 0x67, 0x73, 0x53, 0x65, 0x70, 0x7c, 0x5f, 0x5f,
    0x64, 0x65, 0x65, 0x70, 0x53, 0x65, 0x71, 0x7c, 0x5f, 0x5f, 0x64, 0x69, 0x76, 0x7c, 0x5f, 0x5f,
    0x65, 0x6c, 0x65, 0x6d, 0x7c, 0x5f, 0x5f, 0x65, 0x6c, 0x65, 0x6d, 0x41, 0x74, 0x7c, 0x5f, 0x5f,
    0x66, 0x65, 0x74, 0x63, 0x68, 0x75, 0x72, 0x6c, 0x7c, 0x5f, 0x5f, 0x66, 0x69, 0x6c, 0x74, 0x65,
    0x72, 0x7c, 0x5f, 0x5f, 0x66, 0x69, 0x6c, 0x74, 0x65, 0x72, 0x53, 0x6f, 0x75, 0x72, 0x63, 0x65,
    0x7c, 0x5f, 0x5f, 0x66, 0x69, 0x6e, 0x64, 0x46, 0x69, 0x6c, 0x65, 0x7c, 0x5f, 0x5f, 0x66, 0x6c,
    0x61, 0x6b, 0x65, 0x52, 0x65, 0x66, 0x54, 0x6f, 0x53, 0x74, 0x72, 0x69, 0x6e, 0x67, 0x7c, 0x5f,
    0x5f, 0x66, 0x6c, 0x6f, 0x6f, 0x72, 0x7c, 0x5f, 0x5f, 0x66, 0x6f, 0x6c, 0x64, 0x6c, 0x27, 0x7c,
    0x5f, 0x5f, 0x66, 0x72, 0x6f, 0x6d, 0x4a, 0x53, 0x4f, 0x4e, 0x7c, 0x5f, 0x5f, 0x66, 0x75, 0x6e,
    0x63, 0x74, 0x69, 0x6f, 0x6e, 0x41, 0x72, 0x67, 0x73, 0x7c, 0x5f, 0x5f, 0x67, 0x65, 0x6e, 0x4c,
    0x69, 0x73, 0x74, 0x7c, 0x5f, 0x5f, 0x67, 0x65, 0x6e, 0x65, 0x72, 0x69, 0x63, 0x43, 0x6c, 0x6f,
    0x73, 0x75, 0x72, 0x65, 0x7c, 0x5f, 0x5f, 0x67, 0x65, 0x74, 0x41, 0x74, 0x74, 0x72, 0x7c, 0x5f,
    0x5f, 0x67, 0x65, 0x74, 0x43, 0x6f, 0x6e, 0x74, 0x65, 0x78, 0x74, 0x7c, 0x5f, 0x5f, 0x67, 0x65,
    0x74, 0x45, 0x6e, 0x76, 0x7c, 0x5f, 0x5f, 0x67, 0x65, 0x74, 0x46, 0x6c, 0x61, 0x6b, 0x65, 0x7c,
    0x5f, 0x5f, 0x67, 0x72, 0x6f, 0x75, 0x70, 0x42, 0x79, 0x7c, 0x5f, 0x5f, 0x68, 0x61, 0x73, 0x41,
    0x74, 0x74, 0x72, 0x7c, 0x5f, 0x5f, 0x68, 0x61, 0x73, 0x43, 0x6f, 0x6e, 0x74, 0x65, 0x78, 0x74,
    0x7c, 0x5f, 0x5f, 0x68, 0x61, 0x73, 0x68, 0x46, 0x69, 0x6c, 0x65, 0x7c, 0x5f, 0x5f, 0x68, 0x61,
    0x73, 0x68, 0x53, 0x74, 0x72, 0x69, 0x6e, 0x67, 0x7c, 0x5f, 0x5f, 0x68, 0x65, 0x61, 0x64, 0x7c,
    0x5f, 0x5f, 0x69, 0x6e, 0x74, 0x65, 0x72, 0x73, 0x65, 0x63, 0x74, 0x41, 0x74, 0x74, 0x72, 0x73,
    0x7c, 0x5f, 0x5f, 0x69, 0x73, 0x41, 0x74, 0x74, 0x72, 0x73, 0x7c, 0x5f, 0x5f, 0x69, 0x73, 0x42,
    0x6f, 0x6f, 0x6c, 0x7c, 0x5f, 0x5f, 0x69, 0x73, 0x46, 0x6c, 0x6f, 0x61, 0x74, 0x7c, 0x5f, 0x5f,
    0x69, 0x73, 0x46, 0x75, 0x6e, 0x63, 0x74, 0x69, 0x6f, 0x6e, 0x7c, 0x5f, 0x5f, 0x69, 0x73, 0x49,
    0x6e, 0x74, 0x7c, 0x5f, 0x5f, 0x69, 0x73, 0x4c, 0x69, 0x73, 0x74, 0x7c, 0x5f, 0x5f, 0x69, 0x73,
    0x50, 0x61, 0x74, 0x68, 0x7c, 0x5f, 0x5f, 0x69, 0x73, 0x53, 0x74, 0x72, 0x69, 0x6e, 0x67, 0x7c,
    0x5f, 0x5f, 0x6c, 0x65, 0x6e, 0x67, 0x74, 0x68, 0x7c, 0x5f, 0x5f, 0x6c, 0x65, 0x73, 0x73, 0x54,
    0x68, 0x61, 0x6e, 0x7c, 0x5f, 0x5f, 0x6c, 0x69, 0x73, 0x74, 0x54, 0x6f, 0x41, 0x74, 0x74, 0x72,
    0x73, 0x7c, 0x5f, 0x5f, 0x6d, 0x61, 0x70, 0x41, 0x74, 0x74, 0x72, 0x73, 0x7c, 0x5f, 0x5f, 0x6d,
    0x61, 0x74, 0x63, 0x68, 0x7c, 0x5f, 0x5f, 0x6d, 0x75, 0x6c, 0x7c, 0x5f, 0x5f, 0x70, 0x61, 0x72,
    0x73, 0x65, 0x44, 0x72, 0x76, 0x4e, 0x61, 0x6d, 0x65, 0x7c, 0x5f, 0x5f, 0x70, 0x61, 0x72, 0x73,
    0x65, 0x46, 0x6c, 0x61, 0x6b, 0x65, 0x52, 0x65, 0x66, 0x7c, 0x5f, 0x5f, 0x70, 0x61, 0x72, 0x74,
    0x69, 0x74, 0x69, 0x6f, 0x6e, 0x7c, 0x5f, 0x5f, 0x70, 0x61, 0x74, 0x68, 0x7c, 0x5f, 0x5f, 0x70,
    0x61, 0x74, 0x68, 0x45, 0x78, 0x69, 0x73, 0x74, 0x73, 0x7c, 0x5f, 0x5f, 0x72, 0x65, 0x61, 0x64,
    0x44, 0x69, 0x72, 0x7c, 0x5f, 0x5f, 0x72, 0x65, 0x61, 0x64, 0x46, 0x69, 0x6c, 0x65, 0x7c, 0x5f,
    0x5f, 0x72, 0x65, 0x61, 0x64, 0x46, 0x69, 0x6c, 0x65, 0x54, 0x79, 0x70, 0x65, 0x7c, 0x5f, 0x5f,
    0x72, 0x65, 0x70, 0x6c, 0x61, 0x63, 0x65, 0x53, 0x74, 0x72, 0x69, 0x6e, 0x67, 0x73, 0x7c, 0x5f,
    0x5f, 0x73, 0x65, 0x71, 0x7c, 0x5f, 0x5f, 0x73, 0x6f, 0x72, 0x74, 0x7c, 0x5f, 0x5f, 0x73, 0x70,
    0x6c, 0x69, 0x74, 0x7c, 0x5f, 0x5f, 0x73, 0x70, 0x6c, 0x69, 0x74, 0x56, 0x65, 0x72, 0x73, 0x69,
    0x6f, 0x6e, 0x7c, 0x5f, 0x5f, 0x73, 0x74, 0x6f, 0x72, 0x65, 0x50, 0x61, 0x74, 0x68, 0x7c, 0x5f,
    0x5f, 0x73, 0x74, 0x72, 0x69, 0x6e, 0x67, 0x4c, 0x65, 0x6e, 0x67, 0x74, 0x68, 0x7c, 0x5f, 0x5f,
    0x73, 0x75, 0x62, 0x7c, 0x5f, 0x5f, 0x73, 0x75, 0x62, 0x73, 0x74, 0x72, 0x69, 0x6e, 0x67, 0x7c,
    0x5f, 0x5f, 0x74, 0x61, 0x69, 0x6c, 0x7c, 0x5f, 0x5f, 0x74, 0x6f, 0x46, 0x69, 0x6c, 0x65, 0x7c,
    0x5f, 0x5f, 0x74, 0x6f, 0x4a, 0x53, 0x4f, 0x4e, 0x7c, 0x5f, 0x5f, 0x74, 0x6f, 0x50, 0x61, 0x74,
    0x68, 0x7c, 0x5f, 0x5f, 0x74, 0x6f, 0x58, 0x4d, 0x4c, 0x7c, 0x5f, 0x5f, 0x74, 0x72, 0x61, 0x63,
    0x65, 0x7c, 0x5f, 0x5f, 0x74, 0x72, 0x61, 0x63, 0x65, 0x56, 0x65, 0x72, 0x62, 0x6f, 0x73, 0x65,
    0x7c, 0x5f, 0x5f, 0x74, 0x72, 0x79, 0x45, 0x76, 0x61, 0x6c, 0x7c, 0x5f, 0x5f, 0x74, 0x79, 0x70,
    0x65, 0x4f, 0x66, 0x7c, 0x5f, 0x5f, 0x75, 0x6e, 0x73, 0x61, 0x66, 0x65, 0x44, 0x69, 0x73, 0x63,
    0x61, 0x72, 0x64, 0x4f, 0x75, 0x74, 0x70, 0x75, 0x74, 0x44, 0x65, 0x70, 0x65, 0x6e, 0x64, 0x65,
    0x6e, 0x63, 0x79, 0x7c, 0x5f, 0x5f, 0x75, 0x6e, 0x73, 0x61, 0x66, 0x65, 0x44, 0x69, 0x73, 0x63,
    0x61, 0x72, 0x64, 0x53, 0x74, 0x72, 0x69, 0x6e, 0x67, 0x43, 0x6f, 0x6e, 0x74, 0x65, 0x78, 0x74,
    0x7c, 0x5f, 0x5f, 0x75, 0x6e, 0x73, 0x61, 0x66, 0x65, 0x47, 0x65, 0x74, 0x41, 0x74, 0x74, 0x72,
    0x50, 0x6f, 0x73, 0x7c, 0x5f, 0x5f, 0x7a, 0x69, 0x70, 0x41, 0x74, 0x74, 0x72, 0x73, 0x57, 0x69,
    0x74, 0x68, 0x7c, 0x61, 0x62, 0x6f, 0x72, 0x74, 0x7c, 0x62, 0x61, 0x73, 0x65, 0x4e, 0x61, 0x6d,
    0x65, 0x4f, 0x66, 0x7c, 0x62, 0x72, 0x65, 0x61, 0x6b, 0x7c, 0x64, 0x65, 0x72, 0x69, 0x76, 0x61,
    0x74, 0x69, 0x6f, 0x6e, 0x7c, 0x64, 0x65, 0x72, 0x69, 0x76, 0x61, 0x74, 0x69, 0x6f, 0x6e, 0x53,
    0x74, 0x72, 0x69, 0x63, 0x74, 0x7c, 0x64, 0x69, 0x72, 0x4f, 0x66, 0x7c, 0x66, 0x65, 0x74, 0x63,
    0x68, 0x47, 0x69, 0x74, 0x7c, 0x66, 0x65, 0x74, 0x63, 0x68, 0x4d, 0x65, 0x72, 0x63, 0x75, 0x72,
    0x69, 0x61, 0x6c, 0x7c, 0x66, 0x65, 0x74, 0x63, 0x68, 0x54, 0x61, 0x72, 0x62, 0x61, 0x6c, 0x6c,
    0x7c, 0x66, 0x65, 0x74, 0x63, 0x68, 0x54, 0x72, 0x65, 0x65, 0x7c, 0x66, 0x72, 0x6f, 0x6d, 0x54,
    0x4f, 0x4d, 0x4c, 0x7c, 0x69, 0x6d, 0x70, 0x6f, 0x72, 0x74, 0x7c, 0x69, 0x73, 0x4e, 0x75, 0x6c,
    0x6c, 0x7c, 0x6d, 0x61, 0x70, 0x7c, 0x70, 0x6c, 0x61, 0x63, 0x65, 0x68, 0x6f, 0x6c, 0x64, 0x65,
    0x72, 0x7c, 0x72, 0x65, 0x6d, 0x6f, 0x76, 0x65, 0x41, 0x74, 0x74, 0x72, 0x73, 0x7c, 0x73, 0x63,
    0x6f, 0x70, 0x65, 0x64, 0x49, 0x6d, 0x70, 0x6f, 0x72, 0x74, 0x7c, 0x74, 0x68, 0x72, 0x6f, 0x77,
    0x7c, 0x74, 0x6f, 0x53, 0x74, 0x72, 0x69, 0x6e, 0x67, 0x29, 0x24, 0x22, 0x29, 0x0a, 0x20, 0x28,
    0x23, 0x69, 0x73, 0x2d, 0x6e, 0x6f, 0x74, 0x3f, 0x20, 0x6c, 0x6f, 0x63, 0x61, 0x6c, 0x29, 0x29,
    0x0a, 0x0a, 0x5b, 0x0a, 0x20, 0x20, 0x28, 0x69, 0x6e, 0x74, 0x65, 0x67, 0x65, 0x72, 0x5f, 0x65,
    0x78, 0x70, 0x72, 0x65, 0x73, 0x73, 0x69, 0x6f, 0x6e, 0x29, 0x0a, 0x20, 0x20, 0x28, 0x66, 0x6c,
    0x6f, 0x61, 0x74, 0x5f, 0x65, 0x78, 0x70, 0x72, 0x65, 0x73, 0x73, 0x69, 0x6f, 0x6e, 0x29, 0x0a,
    0x5d, 0x20, 0x40, 0x6e, 0x75, 0x6d, 0x62, 0x65, 0x72, 0x0a, 0x0a, 0x28, 0x65, 0x73, 0x63, 0x61,
    0x70, 0x65, 0x5f, 0x73, 0x65, 0x71, 0x75, 0x65, 0x6e, 0x63, 0x65, 0x29, 0x20, 0x40, 0x65, 0x73,
    0x63, 0x61, 0x70, 0x65, 0x0a, 0x28, 0x64, 0x6f, 0x6c, 0x6c, 0x61, 0x72, 0x5f, 0x65, 0x73, 0x63,
    0x61, 0x70, 0x65, 0x29, 0x20, 0x40, 0x65, 0x73, 0x63, 0x61, 0x70, 0x65, 0x0a, 0x0a, 0x28, 0x66,
    0x75, 0x6e, 0x63, 0x74, 0x69, 0x6f, 0x6e, 0x5f, 0x65, 0x78, 0x70, 0x72, 0x65, 0x73, 0x73, 0x69,
    0x6f, 0x6e, 0x0a, 0x20, 0x20, 0x75, 0x6e, 0x69, 0x76, 0x65, 0x72, 0x73, 0x61, 0x6c, 0x3a, 0x20,
    0x28, 0x69, 0x64, 0x65, 0x6e, 0x74, 0x69, 0x66, 0x69, 0x65, 0x72, 0x29, 0x20, 0x40, 0x76, 0x61,
    0x72, 0x69, 0x61, 0x62, 0x6c, 0x65, 0x2e, 0x70, 0x61, 0x72, 0x61, 0x6d, 0x65, 0x74, 0x65, 0x72,
    0x0a, 0x29, 0x0a, 0x0a, 0x28, 0x66, 0x6f, 0x72, 0x6d, 0x61, 0x6c, 0x0a, 0x20, 0x20, 0x6e, 0x61,
    0x6d, 0x65, 0x3a, 0x20, 0x28, 0x69, 0x64, 0x65, 0x6e, 0x74, 0x69, 0x66, 0x69, 0x65, 0x72, 0x29,
    0x20, 0x40, 0x76, 0x61, 0x72, 0x69, 0x61, 0x62, 0x6c, 0x65, 0x2e, 0x70, 0x61, 0x72, 0x61, 0x6d,
    0x65, 0x74, 0x65, 0x72, 0x0a, 0x20, 0x20, 0x22, 0x3f, 0x22, 0x3f, 0x20, 0x40, 0x70, 0x75, 0x6e,
    0x63, 0x74, 0x75, 0x61, 0x74, 0x69, 0x6f, 0x6e, 0x2e, 0x64, 0x65, 0x6c, 0x69, 0x6d, 0x69, 0x74,
    0x65, 0x72, 0x29, 0x0a, 0x0a, 0x28, 0x73, 0x65, 0x6c, 0x65, 0x63, 0x74, 0x5f, 0x65, 0x78, 0x70,
    0x72, 0x65, 0x73, 0x73, 0x69, 0x6f, 0x6e, 0x0a, 0x20, 0x20, 0x61, 0x74, 0x74, 0x72, 0x70, 0x61,
    0x74, 0x68, 0x3a, 0x20, 0x28, 0x61, 0x74, 0x74, 0x72, 0x70, 0x61, 0x74, 0x68, 0x20, 0x28, 0x69,
    0x64, 0x65, 0x6e, 0x74, 0x69, 0x66, 0x69, 0x65, 0x72, 0x29, 0x29, 0x20, 0x40, 0x70, 0x72, 0x6f,
    0x70, 0x65, 0x72, 0x74, 0x79, 0x29, 0x0a, 0x0a, 0x28, 0x61, 0x70, 0x70, 0x6c, 0x79, 0x5f, 0x65,
    0x78, 0x70, 0x72, 0x65, 0x73, 0x73, 0x69, 0x6f, 0x6e, 0x0a, 0x20, 0x20, 0x66, 0x75, 0x6e, 0x63,
    0x74, 0x69, 0x6f, 0x6e, 0x3a, 0x20, 0x5b, 0x0a, 0x20, 0x20, 0x20, 0x20, 0x28, 0x76, 0x61, 0x72,
    0x69, 0x61, 0x62, 0x6c, 0x65, 0x5f, 0x65, 0x78, 0x70, 0x72, 0x65, 0x73, 0x73, 0x69, 0x6f, 0x6e,
    0x20, 0x28, 0x69, 0x64, 0x65, 0x6e, 0x74, 0x69, 0x66, 0x69, 0x65, 0x72, 0x29, 0x29, 0x20, 0x40,
    0x66, 0x75, 0x6e, 0x63, 0x74, 0x69, 0x6f, 0x6e, 0x0a, 0x20, 0x20, 0x20, 0x20, 0x28, 0x73, 0x65,
    0x6c, 0x65, 0x63, 0x74, 0x5f, 0x65, 0x78, 0x70, 0x72, 0x65, 0x73, 0x73, 0x69, 0x6f, 0x6e, 0x0a,
    0x20, 0x20, 0x20, 0x20, 0x20, 0x20, 0x61, 0x74, 0x74, 0x72, 0x70, 0x61, 0x74, 0x68, 0x3a, 0x20,
    0x28, 0x61, 0x74, 0x74, 0x72, 0x70, 0x61, 0x74, 0x68, 0x0a, 0x20, 0x20, 0x20, 0x20, 0x20, 0x20,
    0x20, 0x20, 0x61, 0x74, 0x74, 0x72, 0x3a, 0x20, 0x28, 0x69, 0x64, 0x65, 0x6e, 0x74, 0x69, 0x66,
    0x69, 0x65, 0x72, 0x29, 0x20, 0x40, 0x66, 0x75, 0x6e, 0x63, 0x74, 0x69, 0x6f, 0x6e, 0x20, 0x2e,
    0x29, 0x29, 0x5d, 0x29, 0x0a, 0x0a, 0x28, 0x75, 0x6e, 0x61, 0x72, 0x79, 0x5f, 0x65, 0x78, 0x70,
    0x72, 0x65, 0x73, 0x73, 0x69, 0x6f, 0x6e, 0x0a, 0x20, 0x20, 0x6f, 0x70, 0x65, 0x72, 0x61, 0x74,
    0x6f, 0x72, 0x3a, 0x20, 0x5f, 0x20, 0x40, 0x6f, 0x70, 0x65, 0x72, 0x61, 0x74, 0x6f, 0x72, 0x29,
    0x0a, 0x0a, 0x28, 0x62, 0x69, 0x6e, 0x61, 0x72, 0x79, 0x5f, 0x65, 0x78, 0x70, 0x72, 0x65, 0x73,
    0x73, 0x69, 0x6f, 0x6e, 0x0a, 0x20, 0x20, 0x6f, 0x70, 0x65, 0x72, 0x61, 0x74, 0x6f, 0x72, 0x3a,
    0x20, 0x5f, 0x20, 0x40, 0x6f, 0x70, 0x65, 0x72, 0x61, 0x74, 0x6f, 0x72, 0x29, 0x0a, 0x0a, 0x28,
    0x76, 0x61, 0x72, 0x69, 0x61, 0x62, 0x6c, 0x65, 0x5f, 0x65, 0x78, 0x70, 0x72, 0x65, 0x73, 0x73,
    0x69, 0x6f, 0x6e, 0x20, 0x28, 0x69, 0x64, 0x65, 0x6e, 0x74, 0x69, 0x66, 0x69, 0x65, 0x72, 0x29,
    0x20, 0x40, 0x76, 0x61, 0x72, 0x69, 0x61, 0x62, 0x6c, 0x65, 0x29, 0x0a, 0x0a, 0x28, 0x62, 0x69,
    0x6e, 0x64, 0x69, 0x6e, 0x67, 0x0a, 0x20, 0x20, 0x61, 0x74, 0x74, 0x72, 0x70, 0x61, 0x74, 0x68,
    0x3a, 0x20, 0x28, 0x61, 0x74, 0x74, 0x72, 0x70, 0x61, 0x74, 0x68, 0x20, 0x28, 0x69, 0x64, 0x65,
    0x6e, 0x74, 0x69, 0x66, 0x69, 0x65, 0x72, 0x29, 0x29, 0x20, 0x40, 0x70, 0x72, 0x6f, 0x70, 0x65,
    0x72, 0x74, 0x79, 0x29, 0x0a, 0x0a, 0x28, 0x69, 0x64, 0x65, 0x6e, 0x74, 0x69, 0x66, 0x69, 0x65,
    0x72, 0x29, 0x20, 0x40, 0x70, 0x72, 0x6f, 0x70, 0x65, 0x72, 0x74, 0x79, 0x0a, 0x0a, 0x28, 0x69,
    0x6e, 0x68, 0x65, 0x72, 0x69, 0x74, 0x5f, 0x66, 0x72, 0x6f, 0x6d, 0x20, 0x61, 0x74, 0x74, 0x72,
    0x73, 0x3a, 0x20, 0x28, 0x69, 0x6e, 0x68, 0x65, 0x72, 0x69, 0x74, 0x65, 0x64, 0x5f, 0x61, 0x74,
    0x74, 0x72, 0x73, 0x20, 0x61, 0x74, 0x74, 0x72, 0x3a, 0x20, 0x28, 0x69, 0x64, 0x65, 0x6e, 0x74,
    0x69, 0x66, 0x69, 0x65, 0x72, 0x29, 0x20, 0x40, 0x70, 0x72, 0x6f, 0x70, 0x65, 0x72, 0x74, 0x79,
    0x29, 0x20, 0x29, 0x0a, 0x0a, 0x5b, 0x0a, 0x20, 0x20, 0x22, 0x3b, 0x22, 0x0a, 0x20, 0x20, 0x22,
    0x2e, 0x22, 0x0a, 0x20, 0x20, 0x22, 0x2c, 0x22, 0x0a, 0x20, 0x20, 0x22, 0x3d, 0x22, 0x0a, 0x5d,
    0x20, 0x40, 0x70, 0x75, 0x6e, 0x63, 0x74, 0x75, 0x61, 0x74, 0x69, 0x6f, 0x6e, 0x2e, 0x64, 0x65,
    0x6c, 0x69, 0x6d, 0x69, 0x74, 0x65, 0x72, 0x0a, 0x0a, 0x5b, 0x0a, 0x20, 0x20, 0x22, 0x28, 0x22,
    0x0a, 0x20, 0x20, 0x22, 0x29, 0x22, 0x0a, 0x20, 0x20, 0x22, 0x5b, 0x22, 0x0a, 0x20, 0x20, 0x22,
    0x5d, 0x22, 0x0a, 0x20, 0x20, 0x22, 0x7b, 0x22, 0x0a, 0x20, 0x20, 0x22, 0x7d, 0x22, 0x0a, 0x5d,
    0x20, 0x40, 0x70, 0x75, 0x6e, 0x63, 0x74, 0x75, 0x61, 0x74, 0x69, 0x6f, 0x6e, 0x2e, 0x62, 0x72,
    0x61, 0x63, 0x6b, 0x65, 0x74, 0x0a, 0x0a, 0x28, 0x69, 0x64, 0x65, 0x6e, 0x74, 0x69, 0x66, 0x69,
    0x65, 0x72, 0x29, 0x20, 0x40, 0x76, 0x61, 0x72, 0x69, 0x61, 0x62, 0x6c, 0x65, 0x0a, 0x0a, 0x5b,
    0x0a, 0x20, 0x20, 0x28, 0x73, 0x74, 0x72, 0x69, 0x6e, 0x67, 0x5f, 0x65, 0x78, 0x70, 0x72, 0x65,
    0x73, 0x73, 0x69, 0x6f, 0x6e, 0x29, 0x0a, 0x20, 0x20, 0x28, 0x69, 0x6e, 0x64, 0x65, 0x6e, 0x74,
    0x65, 0x64, 0x5f, 0x73, 0x74, 0x72, 0x69, 0x6e, 0x67, 0x5f, 0x65, 0x78, 0x70, 0x72, 0x65, 0x73,
    0x73, 0x69, 0x6f, 0x6e, 0x29, 0x0a, 0x5d, 0x20, 0x40, 0x73, 0x74, 0x72, 0x69, 0x6e, 0x67, 0x0a,
    0x0a, 0x5b, 0x0a, 0x20, 0x20, 0x28, 0x70, 0x61, 0x74, 0x68, 0x5f, 0x65, 0x78, 0x70, 0x72, 0x65,
    0x73, 0x73, 0x69, 0x6f, 0x6e, 0x29, 0x0a, 0x20, 0x20, 0x28, 0x68, 0x70, 0x61, 0x74, 0x68, 0x5f,
    0x65, 0x78, 0x70, 0x72, 0x65, 0x73, 0x73, 0x69, 0x6f, 0x6e, 0x29, 0x0a, 0x20, 0x20, 0x28, 0x73,
    0x70, 0x61, 0x74, 0x68, 0x5f, 0x65, 0x78, 0x70, 0x72, 0x65, 0x73, 0x73, 0x69, 0x6f, 0x6e, 0x29,
    0x0a, 0x5d, 0x20, 0x40, 0x73, 0x74, 0x72, 0x69, 0x6e, 0x67, 0x2e, 0x73, 0x70, 0x65, 0x63, 0x69,
    0x61, 0x6c, 0x2e, 0x70, 0x61, 0x74, 0x68, 0x0a, 0x0a, 0x28, 0x75, 0x72, 0x69, 0x5f, 0x65, 0x78,
    0x70, 0x72, 0x65, 0x73, 0x73, 0x69, 0x6f, 0x6e, 0x29, 0x20, 0x40, 0x73, 0x74, 0x72, 0x69, 0x6e,
    0x67, 0x2e, 0x73, 0x70, 0x65, 0x63, 0x69, 0x61, 0x6c, 0x2e, 0x75, 0x72, 0x69, 0x0a, 0x0a, 0x28,
    0x69, 0x6e, 0x74, 0x65, 0x72, 0x70, 0x6f, 0x6c, 0x61, 0x74, 0x69, 0x6f, 0x6e, 0x0a, 0x20, 0x20,
    0x22, 0x24, 0x7b, 0x22, 0x20, 0x40, 0x70, 0x75, 0x6e, 0x63, 0x74, 0x75, 0x61, 0x74, 0x69, 0x6f,
    0x6e, 0x2e, 0x73, 0x70, 0x65, 0x63, 0x69, 0x61, 0x6c, 0x0a, 0x20, 0x20, 0x28, 0x5f, 0x29, 0x20,
    0x40, 0x65, 0x6d, 0x62, 0x65, 0x64, 0x64, 0x65, 0x64, 0x0a, 0x20, 0x20, 0x22, 0x7d, 0x22, 0x20,
    0x40, 0x70, 0x75, 0x6e, 0x63, 0x74, 0x75, 0x61, 0x74, 0x69, 0x6f, 0x6e, 0x2e, 0x73, 0x70, 0x65,
    0x63, 0x69, 0x61, 0x6c, 0x29, 0x0a,
};

static const unsigned char query_hcl[] = {
    0x3b, 0x20, 0x68, 0x69, 0x67, 0x68, 0x6c, 0x69, 0x67, 0x68, 0x74, 0x73, 0x2e, 0x73, 0x63, 0x6d,
    0x0a, 0x5b, 0x0a, 0x20, 0x20, 0x22, 0x21, 0x22, 0x0a, 0x20, 0x20, 0x22, 0x2a, 0x22, 0x0a, 0x20,
    0x20, 0x22, 0x2f, 0x22, 0x0a, 0x20, 0x20, 0x22, 0x25, 0x22, 0x0a, 0x20, 0x20, 0x22, 0x2b, 0x22,
    0x0a, 0x20, 0x20, 0x22, 0x2d, 0x22, 0x0a, 0x20, 0x20, 0x22, 0x3e, 0x22, 0x0a, 0x20, 0x20, 0x22,
    0x3e, 0x3d, 0x22, 0x0a, 0x20, 0x20, 0x22, 0x3c, 0x22, 0x0a, 0x20, 0x20, 0x22, 0x3c, 0x3d, 0x22,
    0x0a, 0x20, 0x20, 0x22, 0x3d, 0x3d, 0x22, 0x0a, 0x20, 0x20, 0x22, 0x21, 0x3d, 0x22, 0x0a, 0x20,
    0x20, 0x22, 0x26, 0x26, 0x22, 0x0a, 0x20, 0x20, 0x22, 0x7c, 0x7c, 0x22, 0x0a, 0x5d, 0x20, 0x40,
    0x6f, 0x70, 0x65, 0x72, 0x61, 0x74, 0x6f, 0x72, 0x0a, 0x0a, 0x5b, 0x0a, 0x20, 0x20, 0x22, 0x7b,
    0x22, 0x0a, 0x20, 0x20, 0x22, 0x7d, 0x22, 0x0a, 0x20, 0x20, 0x22, 0x5b, 0x22, 0x0a, 0x20, 0x20,
    0x22, 0x5d, 0x22, 0x0a, 0x20, 0x20, 0x22, 0x28, 0x22, 0x0a, 0x20, 0x20, 0x22, 0x29, 0x22, 0x0a,
    0x5d, 0x20, 0x40, 0x70, 0x75, 0x6e, 0x63, 0x74, 0x75, 0x61, 0x74, 0x69, 0x6f, 0x6e, 0x2e, 0x62,
    0x72, 0x61, 0x63, 0x6b, 0x65, 0x74, 0x0a, 0x0a, 0x5b, 0x0a, 0x20, 0x20, 0x22, 0x2e, 0x22, 0x0a,
    0x20, 0x20, 0x22, 0x2e, 0x2a, 0x22, 0x0a, 0x20, 0x20, 0x22, 0x2c, 0x22, 0x0a, 0x20, 0x20, 0x22,
    0x5b, 0x2a, 0x5d, 0x22, 0x0a, 0x5d, 0x20, 0x40, 0x70, 0x75, 0x6e, 0x63, 0x74, 0x75, 0x61, 0x74,
    0x69, 0x6f, 0x6e, 0x2e, 0x64, 0x65, 0x6c, 0x69, 0x6d, 0x69, 0x74, 0x65, 0x72, 0x0a, 0x0a, 0x5b,
    0x0a, 0x20, 0x20, 0x28, 0x65, 0x6c, 0x6c, 0x69, 0x70, 0x73, 0x69, 0x73, 0x29, 0x0a, 0x20, 0x20,
    0x22, 0x3f, 0x22, 0x0a, 0x20, 0x20, 0x22, 0x3d, 0x3e, 0x22, 0x0a, 0x5d, 0x20, 0x40, 0x70, 0x75,
    0x6e, 0x63, 0x74, 0x75, 0x61, 0x74, 0x69, 0x6f, 0x6e, 0x2e, 0x73, 0x70, 0x65, 0x63, 0x69, 0x61,
    0x6c, 0x0a, 0x0a, 0x5b, 0x0a, 0x20, 0x20, 0x22, 0x3a, 0x22, 0x0a, 0x20, 0x20, 0x22, 0x3d, 0x22,
    0x0a, 0x5d, 0x20, 0x40, 0x6e, 0x6f, 0x6e, 0x65, 0x0a, 0x0a, 0x5b, 0x0a, 0x20, 0x20, 0x22, 0x66,
    0x6f, 0x72, 0x22, 0x0a, 0x20, 0x20, 0x22, 0x65, 0x6e, 0x64, 0x66, 0x6f, 0x72, 0x22, 0x0a, 0x20,
    0x20, 0x22, 0x69, 0x6e, 0x22, 0x0a, 0x5d, 0x20, 0x40, 0x6b, 0x65, 0x79, 0x77, 0x6f, 0x72, 0x64,
    0x2e, 0x72, 0x65, 0x70, 0x65, 0x61, 0x74, 0x0a, 0x0a, 0x5b, 0x0a, 0x20, 0x20, 0x22, 0x69, 0x66,
    0x22, 0x0a, 0x20, 0x20, 0x22, 0x65, 0x6c, 0x73, 0x65, 0x22, 0x0a, 0x20, 0x20, 0x22, 0x65, 0x6e,
    0x64, 0x69, 0x66, 0x22, 0x0a, 0x5d, 0x20, 0x40, 0x6b, 0x65, 0x79, 0x77, 0x6f, 0x72, 0x64, 0x2e,
    0x63, 0x6f, 0x6e, 0x64, 0x69, 0x74, 0x69, 0x6f, 0x6e, 0x61, 0x6c, 0x0a, 0x0a, 0x5b, 0x0a, 0x20,
    0x20, 0x28, 0x71, 0x75, 0x6f, 0x74, 0x65, 0x64, 0x5f, 0x74, 0x65, 0x6d, 0x70, 0x6c, 0x61, 0x74,
    0x65, 0x5f, 0x73, 0x74, 0x61, 0x72, 0x74, 0x29, 0x20, 0x3b, 0x20, 0x22, 0x0a, 0x20, 0x20, 0x28,
    0x71, 0x75, 0x6f, 0x74, 0x65, 0x64, 0x5f, 0x74, 0x65, 0x6d, 0x70, 0x6c, 0x61, 0x74, 0x65, 0x5f,
    0x65, 0x6e, 0x64, 0x29, 0x20, 0x3b, 0x20, 0x22, 0x0a, 0x20, 0x20, 0x28, 0x74, 0x65, 0x6d, 0x70,
    0x6c, 0x61, 0x74, 0x65, 0x5f, 0x6c, 0x69, 0x74, 0x65, 0x72, 0x61, 0x6c, 0x29, 0x20, 0x3b, 0x20,
    0x6e, 0x6f, 0x6e, 0x2d, 0x69, 0x6e, 0x74, 0x65, 0x72, 0x70, 0x6f, 0x6c, 0x61, 0x74, 0x69, 0x6f,
    0x6e, 0x2f, 0x64, 0x69, 0x72, 0x65, 0x63, 0x74, 0x69, 0x76, 0x65, 0x20, 0x63, 0x6f, 0x6e, 0x74,
    0x65, 0x6e, 0x74, 0x0a, 0x5d, 0x20, 0x40, 0x73, 0x74, 0x72, 0x69, 0x6e, 0x67, 0x0a, 0x0a, 0x5b,
    0x0a, 0x20, 0x20, 0x28, 0x68, 0x65, 0x72, 0x65, 0x64, 0x6f, 0x63, 0x5f, 0x69, 0x64, 0x65, 0x6e,
    0x74, 0x69, 0x66, 0x69, 0x65, 0x72, 0x29, 0x20, 0x3b, 0x20, 0x45, 0x4e, 0x44, 0x0a, 0x20, 0x20,
    0x28, 0x68, 0x65, 0x72, 0x65, 0x64, 0x6f, 0x63, 0x5f, 0x73, 0x74, 0x61, 0x72, 0x74, 0x29, 0x20,
    0x3b, 0x20, 0x3c, 0x3c, 0x20, 0x6f, 0x72, 0x20, 0x3c, 0x3c, 0x2d, 0x0a, 0x5d, 0x20, 0x40, 0x70,
    0x75, 0x6e, 0x63, 0x74, 0x75, 0x61, 0x74, 0x69, 0x6f, 0x6e, 0x2e, 0x64, 0x65, 0x6c, 0x69, 0x6d,
    0x69, 0x74, 0x65, 0x72, 0x0a, 0x0a, 0x5b, 0x0a, 0x20, 0x20, 0x28, 0x74, 0x65, 0x6d, 0x70, 0x6c,
    0x61, 0x74, 0x65, 0x5f, 0x69, 0x6e, 0x74, 0x65, 0x72, 0x70, 0x6f, 0x6c, 0x61, 0x74, 0x69, 0x6f,
    0x6e, 0x5f, 0x73, 0x74, 0x61, 0x72, 0x74, 0x29, 0x20, 0x3b, 0x20, 0x24, 0x7b, 0x0a, 0x20, 0x20,
    0x28, 0x74, 0x65, 0x6d, 0x70, 0x6c, 0x61, 0x74, 0x65, 0x5f, 0x69, 0x6e, 0x74, 0x65, 0x72, 0x70,
    0x6f, 0x6c, 0x61, 0x74, 0x69, 0x6f, 0x6e, 0x5f, 0x65, 0x6e, 0x64, 0x29, 0x20, 0x3b, 0x20, 0x7d,
    0x0a, 0x20, 0x20, 0x28, 0x74, 0x65, 0x6d, 0x70, 0x6c, 0x61, 0x74, 0x65, 0x5f, 0x64, 0x69, 0x72,
    0x65, 0x63, 0x74, 0x69, 0x76, 0x65, 0x5f, 0x73, 0x74, 0x61, 0x72, 0x74, 0x29, 0x20, 0x3b, 0x20,
    0x25, 0x7b, 0x0a, 0x20, 0x20, 0x28, 0x74, 0x65, 0x6d, 0x70, 0x6c, 0x61, 0x74, 0x65, 0x5f, 0x64,
    0x69, 0x72, 0x65, 0x63, 0x74, 0x69, 0x76, 0x65, 0x5f, 0x65, 0x6e, 0x64, 0x29, 0x20, 0x3b, 0x20,
    0x7d, 0x0a, 0x20, 0x20, 0x28, 0x73, 0x74, 0x72, 0x69, 0x70, 0x5f, 0x6d, 0x61, 0x72, 0x6b, 0x65,
    0x72, 0x29, 0x20, 0x3b, 0x20, 0x7e, 0x0a, 0x5d, 0x20, 0x40, 0x70, 0x75, 0x6e, 0x63, 0x74, 0x75,
    0x61, 0x74, 0x69, 0x6f, 0x6e, 0x2e, 0x73, 0x70, 0x65, 0x63, 0x69, 0x61, 0x6c, 0x0a, 0x0a, 0x28,
    0x6e, 0x75, 0x6d, 0x65, 0x72, 0x69, 0x63, 0x5f, 0x6c, 0x69, 0x74, 0x29, 0x20, 0x40, 0x6e, 0x75,
    0x6d, 0x62, 0x65, 0x72, 0x0a, 0x0a, 0x28, 0x62, 0x6f, 0x6f, 0x6c, 0x5f, 0x6c, 0x69, 0x74, 0x29,
    0x20, 0x40, 0x62, 0x6f, 0x6f, 0x6c, 0x65, 0x61, 0x6e, 0x0a, 0x0a, 0x28, 0x6e, 0x75, 0x6c, 0x6c,
    0x5f, 0x6c, 0x69, 0x74, 0x29, 0x20, 0x40, 0x63, 0x6f, 0x6e, 0x73, 0x74, 0x61, 0x6e, 0x74, 0x0a,
    0x0a, 0x28, 0x63, 0x6f, 0x6d, 0x6d, 0x65, 0x6e, 0x74, 0x29, 0x20, 0x40, 0x63, 0x6f, 0x6d, 0x6d,
    0x65, 0x6e, 0x74, 0x20, 0x40, 0x73, 0x70, 0x65, 0x6c, 0x6c, 0x0a, 0x0a, 0x28, 0x69, 0x64, 0x65,
    0x6e, 0x74, 0x69, 0x66, 0x69, 0x65, 0x72, 0x29, 0x20, 0x40, 0x76, 0x61, 0x72, 0x69, 0x61, 0x62,
    0x6c, 0x65, 0x0a, 0x0a, 0x28, 0x62, 0x6f, 0x64, 0x79, 0x0a, 0x20, 0x20, 0x28, 0x62, 0x6c, 0x6f,
    0x63, 0x6b, 0x0a, 0x20, 0x20, 0x20, 0x20, 0x28, 0x69, 0x64, 0x65, 0x6e, 0x74, 0x69, 0x66, 0x69,
    0x65, 0x72, 0x29, 0x20, 0x40, 0x6b, 0x65, 0x79, 0x77, 0x6f, 0x72, 0x64, 0x29, 0x29, 0x0a, 0x0a,
    0x28, 0x62, 0x6f, 0x64, 0x79, 0x0a, 0x20, 0x20, 0x28, 0x62, 0x6c, 0x6f, 0x63, 0x6b, 0x0a, 0x20,
    0x20, 0x20, 0x20, 0x28, 0x62, 0x6f, 0x64, 0x79, 0x0a, 0x20, 0x20, 0x20, 0x20, 0x20, 0x20, 0x28,
    0x62, 0x6c, 0x6f, 0x63, 0x6b, 0x0a, 0x20, 0x20, 0x20, 0x20, 0x20, 0x20, 0x20, 0x20, 0x28, 0x69,
    0x64, 0x65, 0x6e, 0x74, 0x69, 0x66, 0x69, 0x65, 0x72, 0x29, 0x20, 0x40, 0x74, 0x79, 0x70, 0x65,
    0x29, 0x29, 0x29, 0x29, 0x0a, 0x0a, 0x28, 0x66, 0x75, 0x6e, 0x63, 0x74, 0x69, 0x6f, 0x6e, 0x5f,
    0x63, 0x61, 0x6c, 0x6c, 0x0a, 0x20, 0x20, 0x28, 0x69, 0x64, 0x65, 0x6e, 0x74, 0x69, 0x66, 0x69,
    0x65, 0x72, 0x29, 0x20, 0x40, 0x66, 0x75, 0x6e, 0x63, 0x74, 0x69, 0x6f, 0x6e, 0x29, 0x0a, 0x0a,
    0x28, 0x61, 0x74, 0x74, 0x72, 0x69, 0x62, 0x75, 0x74, 0x65, 0x0a, 0x20, 0x20, 0x28, 0x69, 0x64,
    0x65, 0x6e, 0x74, 0x69, 0x66, 0x69, 0x65, 0x72, 0x29, 0x20, 0x40, 0x76, 0x61, 0x72, 0x69, 0x61,
    0x62, 0x6c, 0x65, 0x2e, 0x6d, 0x65, 0x6d, 0x62, 0x65, 0x72, 0x29, 0x0a, 0x0a, 0x3b, 0x20, 0x7b,
    0x20, 0x6b, 0x65, 0x79, 0x3a, 0x20, 0x76, 0x61, 0x6c, 0x20, 0x7d, 0x0a, 0x3b, 0x0a, 0x3b, 0x20,
    0x68, 0x69, 0x67, 0x68, 0x6c, 0x69, 0x67, 0x68, 0x74, 0x20, 0x69, 0x64, 0x65, 0x6e, 0x74, 0x69,
    0x66, 0x69, 0x65, 0x72, 0x20, 0x6b, 0x65, 0x79, 0x73, 0x20, 0x61, 0x73, 0x20, 0x74, 0x68, 0x6f,
    0x75, 0x67, 0x68, 0x20, 0x74, 0x68, 0x65, 0x79, 0x20, 0x77, 0x65, 0x72, 0x65, 0x20, 0x62, 0x6c,
    0x6f, 0x63, 0x6b, 0x20, 0x61, 0x74, 0x74, 0x72, 0x69, 0x62, 0x75, 0x74, 0x65, 0x73, 0x0a, 0x28,
    0x6f, 0x62, 0x6a, 0x65, 0x63, 0x74, 0x5f, 0x65, 0x6c, 0x65, 0x6d, 0x0a, 0x20, 0x20, 0x6b, 0x65,
    0x79, 0x3a, 0x20, 0x28, 0x65, 0x78, 0x70, 0x72, 0x65, 0x73, 0x73, 0x69, 0x6f, 0x6e, 0x0a, 0x20,
    0x20, 0x20, 0x20, 0x28, 0x76, 0x61, 0x72, 0x69, 0x61, 0x62, 0x6c, 0x65, 0x5f, 0x65, 0x78, 0x70,
    0x72, 0x0a, 0x20, 0x20, 0x20, 0x20, 0x20, 0x20, 0x28, 0x69, 0x64, 0x65, 0x6e, 0x74, 0x69, 0x66,
    0x69, 0x65, 0x72, 0x29, 0x20, 0x40, 0x76, 0x61, 0x72, 0x69, 0x61, 0x62, 0x6c, 0x65, 0x2e, 0x6d,
    0x65, 0x6d, 0x62, 0x65, 0x72, 0x29, 0x29, 0x29, 0x0a, 0x0a, 0x3b, 0x20, 0x76, 0x61, 0x72, 0x2e,
    0x66, 0x6f, 0x6f, 0x2c, 0x20, 0x64, 0x61, 0x74, 0x61, 0x2e, 0x62, 0x61, 0x72, 0x0a, 0x3b, 0x0a,
    0x3b, 0x20, 0x66, 0x69, 0x72, 0x73, 0x74, 0x20, 0x65, 0x6c, 0x65, 0x6d, 0x65, 0x6e, 0x74, 0x20,
    0x69, 0x6e, 0x20, 0x67, 0x65, 0x74, 0x5f, 0x61, 0x74, 0x74, 0x72, 0x20, 0x69, 0x73, 0x20, 0x61,
    0x20, 0x76, 0x61, 0x72, 0x69, 0x61, 0x62, 0x6c, 0x65, 0x2e, 0x62, 0x75, 0x69, 0x6c, 0x74, 0x69,
    0x6e, 0x20, 0x6f, 0x72, 0x20, 0x61, 0x20, 0x72, 0x65, 0x66, 0x65, 0x72, 0x65, 0x6e, 0x63, 0x65,
    0x20, 0x74, 0x6f, 0x20, 0x61, 0x20, 0x76, 0x61, 0x72, 0x69, 0x61, 0x62, 0x6c, 0x65, 0x2e, 0x62,
    0x75, 0x69, 0x6c, 0x74, 0x69, 0x6e, 0x0a, 0x28, 0x65, 0x78, 0x70, 0x72, 0x65, 0x73, 0x73, 0x69,
    0x6f, 0x6e, 0x0a, 0x20, 0x20, 0x28, 0x76, 0x61, 0x72, 0x69, 0x61, 0x62, 0x6c, 0x65, 0x5f, 0x65,
    0x78, 0x70, 0x72, 0x0a, 0x20, 0x20, 0x20, 0x20, 0x28, 0x69, 0x64, 0x65, 0x6e, 0x74, 0x69, 0x66,
    0x69, 0x65, 0x72, 0x29, 0x20, 0x40, 0x76, 0x61, 0x72, 0x69, 0x61, 0x62, 0x6c, 0x65, 0x2e, 0x62,
    0x75, 0x69, 0x6c, 0x74, 0x69, 0x6e, 0x29, 0x0a, 0x20, 0x20, 0x28, 0x67, 0x65, 0x74, 0x5f, 0x61,
    0x74, 0x74, 0x72, 0x0a, 0x20, 0x20, 0x20, 0x20, 0x28, 0x69, 0x64, 0x65, 0x6e, 0x74, 0x69, 0x66,
    0x69, 0x65, 0x72, 0x29, 0x20, 0x40, 0x76, 0x61, 0x72, 0x69, 0x61, 0x62, 0x6c, 0x65, 0x2e, 0x6d,
    0x65, 0x6d, 0x62, 0x65, 0x72, 0x29, 0x29, 0x0a,
};

static const unsigned char query_make[] = {
    0x5b, 0x0a, 0x20, 0x22, 0x28, 0x22, 0x0a, 0x20, 0x22, 0x29, 0x22, 0x0a, 0x20, 0x22, 0x7b, 0x22,
    0x0a, 0x20, 0x22, 0x7d, 0x22, 0x0a, 0x5d, 0x20, 0x40, 0x70, 0x75, 0x6e, 0x63, 0x74, 0x75, 0x61,
    0x74, 0x69, 0x6f, 0x6e, 0x2e, 0x62, 0x72, 0x61, 0x63, 0x6b, 0x65, 0x74, 0x0a, 0x0a, 0x5b, 0x0a,
    0x20, 0x22, 0x3a, 0x22, 0x0a, 0x20, 0x22, 0x26, 0x3a, 0x22, 0x0a, 0x20, 0x22, 0x3a, 0x3a, 0x22,
    0x0a, 0x20, 0x22, 0x7c, 0x22, 0x0a, 0x20, 0x22, 0x3b, 0x22, 0x0a, 0x20, 0x22, 0x5c, 0x22, 0x22,
    0x0a, 0x20, 0x22, 0x27, 0x22, 0x0a, 0x20, 0x22, 0x2c, 0x22, 0x0a, 0x5d, 0x20, 0x40, 0x70, 0x75,
    0x6e, 0x63, 0x74, 0x75, 0x61, 0x74, 0x69, 0x6f, 0x6e, 0x2e, 0x64, 0x65, 0x6c, 0x69, 0x6d, 0x69,
    0x74, 0x65, 0x72, 0x0a, 0x0a, 0x5b, 0x0a, 0x20, 0x22, 0x24, 0x22, 0x0a, 0x20, 0x22, 0x24, 0x24,
    0x22, 0x0a, 0x5d, 0x20, 0x40, 0x70, 0x75, 0x6e, 0x63, 0x74, 0x75, 0x61, 0x74, 0x69, 0x6f, 0x6e,
    0x2e, 0x73, 0x70, 0x65, 0x63, 0x69, 0x61, 0x6c, 0x0a, 0x0a, 0x28, 0x61, 0x75, 0x74, 0x6f, 0x6d,
    0x61, 0x74, 0x69, 0x63, 0x5f, 0x76, 0x61, 0x72, 0x69, 0x61, 0x62, 0x6c, 0x65, 0x0a, 0x20, 0x5b,
    0x20, 0x22, 0x40, 0x22, 0x20, 0x22, 0x25, 0x22, 0x20, 0x22, 0x3c, 0x22, 0x20, 0x22, 0x3f, 0x22,
    0x20, 0x22, 0x5e, 0x22, 0x20, 0x22, 0x2b, 0x22, 0x20, 0x22, 0x2f, 0x22, 0x20, 0x22, 0x2a, 0x22,
    0x20, 0x22, 0x44, 0x22, 0x20, 0x22, 0x46, 0x22, 0x5d, 0x20, 0x40, 0x70, 0x75, 0x6e, 0x63, 0x74,
    0x75, 0x61, 0x74, 0x69, 0x6f, 0x6e, 0x2e, 0x73, 0x70, 0x65, 0x63, 0x69, 0x61, 0x6c, 0x29, 0x0a,
    0x0a, 0x28, 0x61, 0x75, 0x74, 0x6f, 0x6d, 0x61, 0x74, 0x69, 0x63, 0x5f, 0x76, 0x61, 0x72, 0x69,
    0x61, 0x62, 0x6c, 0x65, 0x0a, 0x20, 0x22, 0x2f, 0x22, 0x20, 0x40, 0x65, 0x72, 0x72, 0x6f, 0x72,
    0x20, 0x2e, 0x20, 0x5b, 0x22, 0x44, 0x22, 0x20, 0x22, 0x46, 0x22, 0x5d, 0x29, 0x0a, 0x0a, 0x5b,
    0x0a, 0x20, 0x22, 0x3d, 0x22, 0x0a, 0x20, 0x22, 0x3a, 0x3d, 0x22, 0x0a, 0x20, 0x22, 0x3a, 0x3a,
    0x3d, 0x22, 0x0a, 0x20, 0x22, 0x3f, 0x3d, 0x22, 0x0a, 0x20, 0x22, 0x2b, 0x3d, 0x22, 0x0a, 0x20,
    0x22, 0x21, 0x3d, 0x22, 0x0a, 0x20, 0x22, 0x40, 0x22, 0x0a, 0x20, 0x22, 0x2d, 0x22, 0x0a, 0x20,
    0x22, 0x2b, 0x22, 0x0a, 0x5d, 0x20, 0x40, 0x6f, 0x70, 0x65, 0x72, 0x61, 0x74, 0x6f, 0x72, 0x0a,
    0x0a, 0x5b, 0x0a, 0x20, 0x28, 0x74, 0x65, 0x78, 0x74, 0x29, 0x0a, 0x20, 0x28, 0x73, 0x74, 0x72,
    0x69, 0x6e, 0x67, 0x29, 0x0a, 0x20, 0x28, 0x72, 0x61, 0x77, 0x5f, 0x74, 0x65, 0x78, 0x74, 0x29,
    0x0a, 0x5d, 0x20, 0x40, 0x73, 0x74, 0x72, 0x69, 0x6e, 0x67, 0x0a, 0x0a, 0x28, 0x76, 0x61, 0x72,
    0x69, 0x61, 0x62, 0x6c, 0x65, 0x5f, 0x61, 0x73, 0x73, 0x69, 0x67, 0x6e, 0x6d, 0x65, 0x6e, 0x74,
    0x20, 0x28, 0x77, 0x6f, 0x72, 0x64, 0x29, 0x20, 0x40, 0x73, 0x74, 0x72, 0x69, 0x6e, 0x67, 0x29,
    0x0a, 0x0a, 0x5b, 0x0a, 0x20, 0x22, 0x69, 0x66, 0x65, 0x71, 0x22, 0x0a, 0x20, 0x22, 0x69, 0x66,
    0x6e, 0x65, 0x71, 0x22, 0x0a, 0x20, 0x22, 0x69, 0x66, 0x64, 0x65, 0x66, 0x22, 0x0a, 0x20, 0x22,
    0x69, 0x66, 0x6e, 0x64, 0x65, 0x66, 0x22, 0x0a, 0x20, 0x22, 0x65, 0x6c, 0x73, 0x65, 0x22, 0x0a,
    0x20, 0x22, 0x65, 0x6e, 0x64, 0x69, 0x66, 0x22, 0x0a, 0x20, 0x22, 0x69, 0x66, 0x22, 0x0a, 0x20,
    0x22, 0x6f, 0x72, 0x22, 0x20, 0x20, 0x3b, 0x20, 0x62, 0x6f, 0x6f, 0x6c, 0x65, 0x61, 0x6e, 0x20,
    0x66, 0x75, 0x6e, 0x63, 0x74, 0x69, 0x6f, 0x6e, 0x73, 0x20, 0x61, 0x72, 0x65, 0x20, 0x63, 0x6f,
    0x6e, 0x64, 0x69, 0x74, 0x69, 0x6f, 0x6e, 0x61, 0x6c, 0x20, 0x69, 0x6e, 0x20, 0x6d, 0x61, 0x6b,
    0x65, 0x20, 0x67, 0x72, 0x61, 0x6d, 0x6d, 0x61, 0x72, 0x0a, 0x20, 0x22, 0x61, 0x6e, 0x64, 0x22,
    0x0a, 0x5d, 0x20, 0x40, 0x63, 0x6f, 0x6e, 0x64, 0x69, 0x74, 0x69, 0x6f, 0x6e, 0x61, 0x6c, 0x0a,
    0x0a, 0x22, 0x66, 0x6f, 0x72, 0x65, 0x61, 0x63, 0x68, 0x22, 0x20, 0x40, 0x72, 0x65, 0x70, 0x65,
    0x61, 0x74, 0x0a, 0x0a, 0x5b, 0x0a, 0x20, 0x22, 0x64, 0x65, 0x66, 0x69, 0x6e, 0x65, 0x22, 0x0a,
    0x20, 0x22, 0x65, 0x6e, 0x64, 0x65, 0x66, 0x22, 0x0a, 0x20, 0x22, 0x76, 0x70, 0x61, 0x74, 0x68,
    0x22, 0x0a, 0x20, 0x22, 0x75, 0x6e, 0x64, 0x65, 0x66, 0x69, 0x6e, 0x65, 0x22, 0x0a, 0x20, 0x22,
    0x65, 0x78, 0x70, 0x6f, 0x72, 0x74, 0x22, 0x0a, 0x20, 0x22, 0x75, 0x6e, 0x65, 0x78, 0x70, 0x6f,
    0x72, 0x74, 0x22, 0x0a, 0x20, 0x22, 0x6f, 0x76, 0x65, 0x72, 0x72, 0x69, 0x64, 0x65, 0x22, 0x0a,
    0x20, 0x22, 0x70, 0x72, 0x69, 0x76, 0x61, 0x74, 0x65, 0x22, 0x0a, 0x3b, 0x20, 0x22, 0x6c, 0x6f,
    0x61, 0x64, 0x22, 0x0a, 0x5d, 0x20, 0x40, 0x6b, 0x65, 0x79, 0x77, 0x6f, 0x72, 0x64, 0x0a, 0x0a,
    0x5b, 0x0a, 0x20, 0x22, 0x69, 0x6e, 0x63, 0x6c, 0x75, 0x64, 0x65, 0x22, 0x0a, 0x20, 0x22, 0x73,
    0x69, 0x6e, 0x63, 0x6c, 0x75, 0x64, 0x65, 0x22, 0x0a, 0x20, 0x22, 0x2d, 0x69, 0x6e, 0x63, 0x6c,
    0x75, 0x64, 0x65, 0x22, 0x0a, 0x5d, 0x20, 0x40, 0x69, 0x6e, 0x63, 0x6c, 0x75, 0x64, 0x65, 0x0a,
    0x0a, 0x5b, 0x0a, 0x20, 0x22, 0x73, 0x75, 0x62, 0x73, 0x74, 0x22, 0x0a, 0x20, 0x22, 0x70, 0x61,
    0x74, 0x73, 0x75, 0x62, 0x73, 0x74, 0x22, 0x0a, 0x20, 0x22, 0x73, 0x74, 0x72, 0x69, 0x70, 0x22,
    0x0a, 0x20, 0x22, 0x66, 0x69, 0x6e, 0x64, 0x73, 0x74, 0x72, 0x69, 0x6e, 0x67, 0x22, 0x0a, 0x20,
    0x22, 0x66, 0x69, 0x6c, 0x74, 0x65, 0x72, 0x22, 0x0a, 0x20, 0x22, 0x66, 0x69, 0x6c, 0x74, 0x65,
    0x72, 0x2d, 0x6f, 0x75, 0x74, 0x22, 0x0a, 0x20, 0x22, 0x73, 0x6f, 0x72, 0x74, 0x22, 0x0a, 0x20,
    0x22, 0x77, 0x6f, 0x72, 0x64, 0x22, 0x0a, 0x20, 0x22, 0x77, 0x6f, 0x72, 0x64, 0x73, 0x22, 0x0a,
    0x20, 0x22, 0x77, 0x6f, 0x72, 0x64, 0x6c, 0x69, 0x73, 0x74, 0x22, 0x0a, 0x20, 0x22, 0x66, 0x69,
    0x72, 0x73, 0x74, 0x77, 0x6f, 0x72, 0x64, 0x22, 0x0a, 0x20, 0x22, 0x6c, 0x61, 0x73, 0x74, 0x77,
    0x6f, 0x72, 0x64, 0x22, 0x0a, 0x20, 0x22, 0x64, 0x69, 0x72, 0x22, 0x0a, 0x20, 0x22, 0x6e, 0x6f,
    0x74, 0x64, 0x69, 0x72, 0x22, 0x0a, 0x20, 0x22, 0x73, 0x75, 0x66, 0x66, 0x69, 0x78, 0x22, 0x0a,
    0x20, 0x22, 0x62, 0x61, 0x73, 0x65, 0x6e, 0x61, 0x6d, 0x65, 0x22, 0x0a, 0x20, 0x22, 0x61, 0x64,
    0x64, 0x73, 0x75, 0x66, 0x66, 0x69, 0x78, 0x22, 0x0a, 0x20, 0x22, 0x61, 0x64, 0x64, 0x70, 0x72,
    0x65, 0x66, 0x69, 0x78, 0x22, 0x0a, 0x20, 0x22, 0x6a, 0x6f, 0x69, 0x6e, 0x22, 0x0a, 0x20, 0x22,
    0x77, 0x69, 0x6c, 0x64, 0x63, 0x61, 0x72, 0x64, 0x22, 0x0a, 0x20, 0x22, 0x72, 0x65, 0x61, 0x6c,
    0x70, 0x61, 0x74, 0x68, 0x22, 0x0a, 0x20, 0x22, 0x61, 0x62, 0x73, 0x70, 0x61, 0x74, 0x68, 0x22,
    0x0a, 0x20, 0x22, 0x63, 0x61, 0x6c, 0x6c, 0x22, 0x0a, 0x20, 0x22, 0x65, 0x76, 0x61, 0x6c, 0x22,
    0x0a, 0x20, 0x22, 0x66, 0x69, 0x6c, 0x65, 0x22, 0x0a, 0x20, 0x22, 0x76, 0x61, 0x6c, 0x75, 0x65,
    0x22, 0x0a, 0x20, 0x22, 0x73, 0x68, 0x65, 0x6c, 0x6c, 0x22, 0x0a, 0x5d, 0x20, 0x40, 0x6b, 0x65,
    0x79, 0x77, 0x6f, 0x72, 0x64, 0x2e, 0x66, 0x75, 0x6e, 0x63, 0x74, 0x69, 0x6f, 0x6e, 0x0a, 0x0a,
    0x5b, 0x0a, 0x20, 0x22, 0x65, 0x72, 0x72, 0x6f, 0x72, 0x22, 0x0a, 0x20, 0x22, 0x77, 0x61, 0x72,
    0x6e, 0x69, 0x6e, 0x67, 0x22, 0x0a, 0x20, 0x22, 0x69, 0x6e, 0x66, 0x6f, 0x22, 0x0a, 0x5d, 0x20,
    0x40, 0x65, 0x78, 0x63, 0x65, 0x70, 0x74, 0x69, 0x6f, 0x6e, 0x0a, 0x0a, 0x3b, 0x3b, 0x20, 0x56,
    0x61, 0x72, 0x69, 0x61, 0x62, 0x6c, 0x65, 0x0a, 0x28, 0x76, 0x61, 0x72, 0x69, 0x61, 0x62, 0x6c,
    0x65, 0x5f, 0x61, 0x73, 0x73, 0x69, 0x67, 0x6e, 0x6d, 0x65, 0x6e, 0x74, 0x0a, 0x20, 0x20, 0x6e,
    0x61, 0x6d, 0x65, 0x3a, 0x20, 0x28, 0x77, 0x6f, 0x72, 0x64, 0x29, 0x20, 0x40, 0x63, 0x6f, 0x6e,
    0x73, 0x74, 0x61, 0x6e, 0x74, 0x29, 0x0a, 0x0a, 0x28, 0x76, 0x61, 0x72, 0x69, 0x61, 0x62, 0x6c,
    0x65, 0x5f, 0x72, 0x65, 0x66, 0x65, 0x72, 0x65, 0x6e, 0x63, 0x65, 0x0a, 0x20, 0x20, 0x28, 0x77,
    0x6f, 0x72, 0x64, 0x29, 0x20, 0x40, 0x63, 0x6f, 0x6e, 0x73, 0x74, 0x61, 0x6e, 0x74, 0x29, 0x0a,
    0x0a, 0x28, 0x63, 0x6f, 0x6d, 0x6d, 0x65, 0x6e, 0x74, 0x29, 0x20, 0x40, 0x63, 0x6f, 0x6d, 0x6d,
    0x65, 0x6e, 0x74, 0x0a, 0x0a, 0x28, 0x28, 0x77, 0x6f, 0x72, 0x64, 0x29, 0x20, 0x40, 0x63, 0x6c,
    0x65, 0x61, 0x6e, 0x20, 0x40, 0x73, 0x74, 0x72, 0x69, 0x6e, 0x67, 0x2e, 0x72, 0x65, 0x67, 0x65,
    0x78, 0x0a, 0x20, 0x28, 0x23, 0x6d, 0x61, 0x74, 0x63, 0x68, 0x3f, 0x20, 0x40, 0x63, 0x6c, 0x65,
    0x61, 0x6e, 0x20, 0x22, 0x5b, 0x25, 0x5c, 0x2a, 0x5c, 0x3f, 0x5d, 0x22, 0x29, 0x29, 0x0a, 0x0a,
    0x28, 0x66, 0x75, 0x6e, 0x63, 0x74, 0x69, 0x6f, 0x6e, 0x5f, 0x63, 0x61, 0x6c, 0x6c, 0x0a, 0x20,
    0x20, 0x66, 0x75, 0x6e, 0x63, 0x74, 0x69, 0x6f, 0x6e, 0x3a, 0x20, 0x22, 0x65, 0x72, 0x72, 0x6f,
    0x72, 0x22, 0x0a, 0x20, 0x20, 0x28, 0x61, 0x72, 0x67, 0x75, 0x6d, 0x65, 0x6e, 0x74, 0x73, 0x20,
    0x28, 0x74, 0x65, 0x78, 0x74, 0x29, 0x20, 0x40, 0x74, 0x65, 0x78, 0x74, 0x2e, 0x64, 0x61, 0x6e,
    0x67, 0x65, 0x72, 0x29, 0x29, 0x0a, 0x0a, 0x28, 0x66, 0x75, 0x6e, 0x63, 0x74, 0x69, 0x6f, 0x6e,
    0x5f, 0x63, 0x61, 0x6c, 0x6c, 0x0a, 0x20, 0x20, 0x66, 0x75, 0x6e, 0x63, 0x74, 0x69, 0x6f, 0x6e,
    0x3a, 0x20, 0x22, 0x77, 0x61, 0x72, 0x6e, 0x69, 0x6e, 0x67, 0x22, 0x0a, 0x20, 0x20, 0x28, 0x61,
    0x72, 0x67, 0x75, 0x6d, 0x65, 0x6e, 0x74, 0x73, 0x20, 0x28, 0x74, 0x65, 0x78, 0x74, 0x29, 0x20,
    0x40, 0x74, 0x65, 0x78, 0x74, 0x2e, 0x77, 0x61, 0x72, 0x6e, 0x69, 0x6e, 0x67, 0x29, 0x29, 0x0a,
    0x0a, 0x28, 0x66, 0x75, 0x6e, 0x63, 0x74, 0x69, 0x6f, 0x6e, 0x5f, 0x63, 0x61, 0x6c, 0x6c, 0x0a,
    0x20, 0x20, 0x66, 0x75, 0x6e, 0x63, 0x74, 0x69, 0x6f, 0x6e, 0x3a, 0x20, 0x22, 0x69, 0x6e, 0x66,
    0x6f, 0x22, 0x0a, 0x20, 0x20, 0x28, 0x61, 0x72, 0x67, 0x75, 0x6d, 0x65, 0x6e, 0x74, 0x73, 0x20,
    0x28, 0x74, 0x65, 0x78, 0x74, 0x29, 0x20, 0x40, 0x74, 0x65, 0x78, 0x74, 0x2e, 0x6e, 0x6f, 0x74,
    0x65, 0x29, 0x29, 0x0a, 0x0a, 0x3b, 0x3b, 0x20, 0x49, 0x6e, 0x73, 0x74, 0x61, 0x6c, 0x6c, 0x20,
    0x43, 0x6f, 0x6d, 0x6d, 0x61, 0x6e, 0x64, 0x20, 0x43, 0x61, 0x74, 0x65, 0x67, 0x6f, 0x72, 0x69,
    0x65, 0x73, 0x0a, 0x3b, 0x3b, 0x20, 0x4f, 0x74, 0x68, 0x65, 0x72, 0x73, 0x20, 0x73, 0x70, 0x65,
    0x63, 0x69, 0x61, 0x6c, 0x20, 0x76, 0x61, 0x72, 0x69, 0x61, 0x62, 0x6c, 0x65, 0x73, 0x0a, 0x3b,
    0x3b, 0x20, 0x56, 0x61, 0x72, 0x69, 0x61, 0x62, 0x6c, 0x65, 0x73, 0x20, 0x55, 0x73, 0x65, 0x64,
    0x20, 0x62, 0x79, 0x20, 0x49, 0x6d, 0x70, 0x6c, 0x69, 0x63, 0x69, 0x74, 0x20, 0x52, 0x75, 0x6c,
    0x65, 0x73, 0x0a, 0x5b, 0x0a, 0x20, 0x22, 0x56, 0x50, 0x41, 0x54, 0x48, 0x22, 0x0a, 0x20, 0x22,
    0x2e, 0x52, 0x45, 0x43, 0x49, 0x50, 0x45, 0x50, 0x52, 0x45, 0x46, 0x49, 0x58, 0x22, 0x0a, 0x5d,
    0x20, 0x40, 0x63, 0x6f, 0x6e, 0x73, 0x74, 0x61, 0x6e, 0x74, 0x2e, 0x62, 0x75, 0x69, 0x6c, 0x74,
    0x69, 0x6e, 0x0a, 0x0a, 0x28, 0x76, 0x61, 0x72, 0x69, 0x61, 0x62, 0x6c, 0x65, 0x5f, 0x61, 0x73,
    0x73, 0x69, 0x67, 0x6e, 0x6d, 0x65, 0x6e, 0x74, 0x0a, 0x20, 0x20, 0x6e, 0x61, 0x6d, 0x65, 0x3a,
    0x20, 0x28, 0x77, 0x6f, 0x72, 0x64, 0x29, 0x20, 0x40, 0x63, 0x6c, 0x65, 0x61, 0x6e, 0x20, 0x40,
    0x63, 0x6f, 0x6e, 0x73, 0x74, 0x61, 0x6e, 0x74, 0x2e, 0x62, 0x75, 0x69, 0x6c, 0x74, 0x69, 0x6e,
    0x0a, 0x20, 0x20, 0x20, 0x20, 0x20, 0x20, 0x20, 0x20, 0x28, 0x23, 0x6d, 0x61, 0x74, 0x63, 0x68,
    0x3f, 0x20, 0x40, 0x63, 0x6c, 0x65, 0x61, 0x6e, 0x20, 0x22, 0x5e, 0x28, 0x41, 0x52, 0x7c, 0x41,
    0x53, 0x7c, 0x43, 0x43, 0x7c, 0x43, 0x58, 0x58, 0x7c, 0x43, 0x50, 0x50, 0x7c, 0x46, 0x43, 0x7c,
    0x4d, 0x32, 0x43, 0x7c, 0x50, 0x43, 0x7c, 0x43, 0x4f, 0x7c, 0x47, 0x45, 0x54, 0x7c, 0x4c, 0x45,
    0x58, 0x7c, 0x59, 0x41, 0x43, 0x43, 0x7c, 0x4c, 0x49, 0x4e, 0x54, 0x7c, 0x4d, 0x41, 0x4b, 0x45,
    0x49, 0x4e, 0x46, 0x4f, 0x7c, 0x54, 0x45, 0x58, 0x7c, 0x54, 0x45, 0x58, 0x49, 0x32, 0x44, 0x56,
    0x49, 0x7c, 0x57, 0x45, 0x41, 0x56, 0x45, 0x7c, 0x43, 0x57, 0x45, 0x41, 0x56, 0x45, 0x7c, 0x54,
    0x41, 0x4e, 0x47, 0x4c, 0x45, 0x7c, 0x43, 0x54, 0x41, 0x4e, 0x47, 0x4c, 0x45, 0x7c, 0x52, 0x4d,
    0x7c, 0x41, 0x52, 0x46, 0x4c, 0x41, 0x47, 0x53, 0x7c, 0x41, 0x53, 0x46, 0x4c, 0x41, 0x47, 0x53,
    0x7c, 0x43, 0x46, 0x4c, 0x41, 0x47, 0x53, 0x7c, 0x43, 0x58, 0x58, 0x46, 0x4c, 0x41, 0x47, 0x53,
    0x7c, 0x43, 0x4f, 0x46, 0x4c, 0x41, 0x47, 0x53, 0x7c, 0x43, 0x50, 0x50, 0x46, 0x4c, 0x41, 0x47,
    0x53, 0x7c, 0x46, 0x46, 0x4c, 0x41, 0x47, 0x53, 0x7c, 0x47, 0x46, 0x4c, 0x41, 0x47, 0x53, 0x7c,
    0x4c, 0x44, 0x46, 0x4c, 0x41, 0x47, 0x53, 0x7c, 0x4c, 0x44, 0x4c, 0x49, 0x42, 0x53, 0x7c, 0x4c,
    0x46, 0x4c, 0x41, 0x47, 0x53, 0x7c, 0x59, 0x46, 0x4c, 0x41, 0x47, 0x53, 0x7c, 0x50, 0x46, 0x4c,
    0x41, 0x47, 0x53, 0x7c, 0x52, 0x46, 0x4c, 0x41, 0x47, 0x53, 0x7c, 0x4c, 0x49, 0x4e, 0x54, 0x46,
    0x4c, 0x41, 0x47, 0x53, 0x7c, 0x50, 0x52, 0x45, 0x5f, 0x49, 0x4e, 0x53, 0x54, 0x41, 0x4c, 0x4c,
    0x7c, 0x50, 0x4f, 0x53, 0x54, 0x5f, 0x49, 0x4e, 0x53, 0x54, 0x41, 0x4c, 0x4c, 0x7c, 0x4e, 0x4f,
    0x52, 0x4d, 0x41, 0x4c, 0x5f, 0x49, 0x4e, 0x53, 0x54, 0x41, 0x4c, 0x4c, 0x7c, 0x50, 0x52, 0x45,
    0x5f, 0x55, 0x4e, 0x49, 0x4e, 0x53, 0x54, 0x41, 0x4c, 0x4c, 0x7c, 0x50, 0x4f, 0x53, 0x54, 0x5f,
    0x55, 0x4e, 0x49, 0x4e, 0x53, 0x54, 0x41, 0x4c, 0x4c, 0x7c, 0x4e, 0x4f, 0x52, 0x4d, 0x41, 0x4c,
    0x5f, 0x55, 0x4e, 0x49, 0x4e, 0x53, 0x54, 0x41, 0x4c, 0x4c, 0x7c, 0x4d, 0x41, 0x4b, 0x45, 0x46,
    0x49, 0x4c, 0x45, 0x5f, 0x4c, 0x49, 0x53, 0x54, 0x7c, 0x4d, 0x41, 0x4b, 0x45, 0x5f, 0x52, 0x45,
    0x53, 0x54, 0x41, 0x52, 0x54, 0x53, 0x7c, 0x4d, 0x41, 0x4b, 0x45, 0x5f, 0x54, 0x45, 0x52, 0x4d,
    0x4f, 0x55, 0x54, 0x7c, 0x4d, 0x41, 0x4b, 0x45, 0x5f, 0x54, 0x45, 0x52, 0x4d, 0x45, 0x52, 0x52,
    0x7c, 0x5c, 0x2e, 0x44, 0x45, 0x46, 0x41, 0x55, 0x4c, 0x54, 0x5f, 0x47, 0x4f, 0x41, 0x4c, 0x7c,
    0x5c, 0x2e, 0x52, 0x45, 0x43, 0x49, 0x50, 0x45, 0x50, 0x52, 0x45, 0x46, 0x49, 0x58, 0x7c, 0x5c,
    0x2e, 0x45, 0x58, 0x54, 0x52, 0x41, 0x5f, 0x50, 0x52, 0x45, 0x52, 0x45, 0x51, 0x53, 0x29, 0x24,
    0x22, 0x29, 0x29, 0x0a, 0x0a, 0x28, 0x76, 0x61, 0x72, 0x69, 0x61, 0x62, 0x6c, 0x65, 0x5f, 0x72,
    0x65, 0x66, 0x65, 0x72, 0x65, 0x6e, 0x63, 0x65, 0x0a, 0x20, 0x20, 0x28, 0x77, 0x6f, 0x72, 0x64,
    0x29, 0x20, 0x40, 0x63, 0x6c, 0x65, 0x61, 0x6e, 0x20, 0x40, 0x63, 0x6f, 0x6e, 0x73, 0x74, 0x61,
    0x6e, 0x74, 0x2e, 0x62, 0x75, 0x69, 0x6c, 0x74, 0x69, 0x6e, 0x0a, 0x20, 0x20, 0x28, 0x23, 0x6d,
    0x61, 0x74, 0x63, 0x68, 0x3f, 0x20, 0x40, 0x63, 0x6c, 0x65, 0x61, 0x6e, 0x20, 0x22, 0x5e, 0x28,
    0x41, 0x52, 0x7c, 0x41, 0x53, 0x7c, 0x43, 0x43, 0x7c, 0x43, 0x58, 0x58, 0x7c, 0x43, 0x50, 0x50,
    0x7c, 0x46, 0x43, 0x7c, 0x4d, 0x32, 0x43, 0x7c, 0x50, 0x43, 0x7c, 0x43, 0x4f, 0x7c, 0x47, 0x45,
    0x54, 0x7c, 0x4c, 0x45, 0x58, 0x7c, 0x59, 0x41, 0x43, 0x43, 0x7c, 0x4c, 0x49, 0x4e, 0x54, 0x7c,
    0x4d, 0x41, 0x4b, 0x45, 0x49, 0x4e, 0x46, 0x4f, 0x7c, 0x54, 0x45, 0x58, 0x7c, 0x54, 0x45, 0x58,
    0x49, 0x32, 0x44, 0x56, 0x49, 0x7c, 0x57, 0x45, 0x41, 0x56, 0x45, 0x7c, 0x43, 0x57, 0x45, 0x41,
    0x56, 0x45, 0x7c, 0x54, 0x41, 0x4e, 0x47, 0x4c, 0x45, 0x7c, 0x43, 0x54, 0x41, 0x4e, 0x47, 0x4c,
    0x45, 0x7c, 0x52, 0x4d, 0x7c, 0x41, 0x52, 0x46, 0x4c, 0x41, 0x47, 0x53, 0x7c, 0x41, 0x53, 0x46,
    0x4c, 0x41, 0x47, 0x53, 0x7c, 0x43, 0x46, 0x4c, 0x41, 0x47, 0x53, 0x7c, 0x43, 0x58, 0x58, 0x46,
    0x4c, 0x41, 0x47, 0x53, 0x7c, 0x43, 0x4f, 0x46, 0x4c, 0x41, 0x47, 0x53, 0x7c, 0x43, 0x50, 0x50,
    0x46, 0x4c, 0x41, 0x47, 0x53, 0x7c, 0x46, 0x46, 0x4c, 0x41, 0x47, 0x53, 0x7c, 0x47, 0x46, 0x4c,
    0x41, 0x47, 0x53, 0x7c, 0x4c, 0x44, 0x46, 0x4c, 0x41, 0x47, 0x53, 0x7c, 0x4c, 0x44, 0x4c, 0x49,
    0x42, 0x53, 0x7c, 0x4c, 0x46, 0x4c, 0x41, 0x47, 0x53, 0x7c, 0x59, 0x46, 0x4c, 0x41, 0x47, 0x53,
    0x7c, 0x50, 0x46, 0x4c, 0x41, 0x47, 0x53, 0x7c, 0x52, 0x46, 0x4c, 0x41, 0x47, 0x53, 0x7c, 0x4c,
    0x49, 0x4e, 0x54, 0x46, 0x4c, 0x41, 0x47, 0x53, 0x7c, 0x50, 0x52, 0x45, 0x5f, 0x49, 0x4e, 0x53,
    0x54, 0x41, 0x4c, 0x4c, 0x7c, 0x50, 0x4f, 0x53, 0x54, 0x5f, 0x49, 0x4e, 0x53, 0x54, 0x41, 0x4c,
    0x4c, 0x7c, 0x4e, 0x4f, 0x52, 0x4d, 0x41, 0x4c, 0x5f, 0x49, 0x4e, 0x53, 0x54, 0x41, 0x4c, 0x4c,
    0x7c, 0x50, 0x52, 0x45, 0x5f, 0x55, 0x4e, 0x49, 0x4e, 0x53, 0x54, 0x41, 0x4c, 0x4c, 0x7c, 0x50,
    0x4f, 0x53, 0x54, 0x5f, 0x55, 0x4e, 0x49, 0x4e, 0x53, 0x54, 0x41, 0x4c, 0x4c, 0x7c, 0x4e, 0x4f,
    0x52, 0x4d, 0x41, 0x4c, 0x5f, 0x55, 0x4e, 0x49, 0x4e, 0x53, 0x54, 0x41, 0x4c, 0x4c, 0x7c, 0x4d,
    0x41, 0x4b, 0x45, 0x46, 0x49, 0x4c, 0x45, 0x5f, 0x4c, 0x49, 0x53, 0x54, 0x7c, 0x4d, 0x41, 0x4b,
    0x45, 0x5f, 0x52, 0x45, 0x53, 0x54, 0x41, 0x52, 0x54, 0x53, 0x7c, 0x4d, 0x41, 0x4b, 0x45, 0x5f,
    0x54, 0x45, 0x52, 0x4d, 0x4f, 0x55, 0x54, 0x7c, 0x4d, 0x41, 0x4b, 0x45, 0x5f, 0x54, 0x45, 0x52,
    0x4d, 0x45, 0x52, 0x52, 0x7c, 0x5c, 0x2e, 0x44, 0x45, 0x46, 0x41, 0x55, 0x4c, 0x54, 0x5f, 0x47,
    0x4f, 0x41, 0x4c, 0x7c, 0x5c, 0x2e, 0x52, 0x45, 0x43, 0x49, 0x50, 0x45, 0x50, 0x52, 0x45, 0x46,
    0x49, 0x58, 0x7c, 0x5c, 0x2e, 0x45, 0x58, 0x54, 0x52, 0x41, 0x5f, 0x50, 0x52, 0x45, 0x52, 0x45,
    0x51, 0x53, 0x5c, 0x2e, 0x56, 0x41, 0x52, 0x49, 0x41, 0x42, 0x4c, 0x45, 0x53, 0x7c, 0x5c, 0x2e,
    0x46, 0x45, 0x41, 0x54, 0x55, 0x52, 0x45, 0x53, 0x7c, 0x5c, 0x2e, 0x49, 0x4e, 0x43, 0x4c, 0x55,
    0x44, 0x45, 0x5f, 0x44, 0x49, 0x52, 0x53, 0x7c, 0x5c, 0x2e, 0x4c, 0x4f, 0x41, 0x44, 0x45, 0x44,
    0x29, 0x24, 0x22, 0x29, 0x29, 0x0a, 0x0a, 0x3b, 0x3b, 0x20, 0x53, 0x74, 0x61, 0x6e, 0x64, 0x61,
    0x72, 0x74, 0x20, 0x74, 0x61, 0x72, 0x67, 0x65, 0x74, 0x73, 0x0a, 0x28, 0x74, 0x61, 0x72, 0x67,
    0x65, 0x74, 0x73, 0x0a, 0x20, 0x20, 0x28, 0x77, 0x6f, 0x72, 0x64, 0x29, 0x20, 0x40, 0x63, 0x6f,
    0x6e, 0x73, 0x74, 0x61, 0x6e, 0x74, 0x2e, 0x6d, 0x61, 0x63, 0x72, 0x6f, 0x0a, 0x20, 0x20, 0x28,
    0x23, 0x6d, 0x61, 0x74, 0x63, 0x68, 0x3f, 0x20, 0x40, 0x63, 0x6f, 0x6e, 0x73, 0x74, 0x61, 0x6e,
    0x74, 0x2e, 0x6d, 0x61, 0x63, 0x72, 0x6f, 0x20, 0x22, 0x5e, 0x28, 0x61, 0x6c, 0x6c, 0x7c, 0x69,
    0x6e, 0x73, 0x74, 0x61, 0x6c, 0x6c, 0x7c, 0x69, 0x6e, 0x73, 0x74, 0x61, 0x6c, 0x6c, 0x2d, 0x68,
    0x74, 0x6d, 0x6c, 0x7c, 0x69, 0x6e, 0x73, 0x74, 0x61, 0x6c, 0x6c, 0x2d, 0x64, 0x76, 0x69, 0x7c,
    0x69, 0x6e, 0x73, 0x74, 0x61, 0x6c, 0x6c, 0x2d, 0x70, 0x64, 0x66, 0x7c, 0x69, 0x6e, 0x73, 0x74,
    0x61, 0x6c, 0x6c, 0x2d, 0x70, 0x73, 0x7c, 0x75, 0x6e, 0x69, 0x6e, 0x73, 0x74, 0x61, 0x6c, 0x6c,
    0x7c, 0x69, 0x6e, 0x73, 0x74, 0x61, 0x6c, 0x6c, 0x2d, 0x73, 0x74, 0x72, 0x69, 0x70, 0x7c, 0x63,
    0x6c, 0x65, 0x61, 0x6e, 0x7c, 0x64, 0x69, 0x73, 0x74, 0x63, 0x6c, 0x65, 0x61, 0x6e, 0x7c, 0x6d,
    0x6f, 0x73, 0x74, 0x6c, 0x79, 0x63, 0x6c, 0x65, 0x61, 0x6e, 0x7c, 0x6d, 0x61, 0x69, 0x6e, 0x74,
    0x61, 0x69, 0x6e, 0x65, 0x72, 0x2d, 0x63, 0x6c, 0x65, 0x61, 0x6e, 0x7c, 0x54, 0x41, 0x47, 0x53,
    0x7c, 0x69, 0x6e, 0x66, 0x6f, 0x7c, 0x64, 0x76, 0x69, 0x7c, 0x68, 0x74, 0x6d, 0x6c, 0x7c, 0x70,
    0x64, 0x66, 0x7c, 0x70, 0x73, 0x7c, 0x64, 0x69, 0x73, 0x74, 0x7c, 0x63, 0x68, 0x65, 0x63, 0x6b,
    0x7c, 0x69, 0x6e, 0x73, 0x74, 0x61, 0x6c, 0x6c, 0x63, 0x68, 0x65, 0x63, 0x6b, 0x7c, 0x69, 0x6e,
    0x73, 0x74, 0x61, 0x6c, 0x6c, 0x64, 0x69, 0x72, 0x73, 0x29, 0x24, 0x22, 0x29, 0x29, 0x0a, 0x0a,
    0x28, 0x74, 0x61, 0x72, 0x67, 0x65, 0x74, 0x73, 0x0a, 0x20, 0x20, 0x28, 0x77, 0x6f, 0x72, 0x64,
    0x29, 0x20, 0x40, 0x63, 0x6f, 0x6e, 0x73, 0x74, 0x61, 0x6e, 0x74, 0x2e, 0x6d, 0x61, 0x63, 0x72,
    0x6f, 0x0a, 0x20, 0x20, 0x28, 0x23, 0x6d, 0x61, 0x74, 0x63, 0x68, 0x3f, 0x20, 0x40, 0x63, 0x6f,
    0x6e, 0x73, 0x74, 0x61, 0x6e, 0x74, 0x2e, 0x6d, 0x61, 0x63, 0x72, 0x6f, 0x20, 0x22, 0x5e, 0x28,
    0x61, 0x6c, 0x6c, 0x7c, 0x69, 0x6e, 0x73, 0x74, 0x61, 0x6c, 0x6c, 0x7c, 0x69, 0x6e, 0x73, 0x74,
    0x61, 0x6c, 0x6c, 0x2d, 0x68, 0x74, 0x6d, 0x6c, 0x7c, 0x69, 0x6e, 0x73, 0x74, 0x61, 0x6c, 0x6c,
    0x2d, 0x64, 0x76, 0x69, 0x7c, 0x69, 0x6e, 0x73, 0x74, 0x61, 0x6c, 0x6c, 0x2d, 0x70, 0x64, 0x66,
    0x7c, 0x69, 0x6e, 0x73, 0x74, 0x61, 0x6c, 0x6c, 0x2d, 0x70, 0x73, 0x7c, 0x75, 0x6e, 0x69, 0x6e,
    0x73, 0x74, 0x61, 0x6c, 0x6c, 0x7c, 0x69, 0x6e, 0x73, 0x74, 0x61, 0x6c, 0x6c, 0x2d, 0x73, 0x74,
    0x72, 0x69, 0x70, 0x7c, 0x63, 0x6c, 0x65, 0x61, 0x6e, 0x7c, 0x64, 0x69, 0x73, 0x74, 0x63, 0x6c,
    0x65, 0x61, 0x6e, 0x7c, 0x6d, 0x6f, 0x73, 0x74, 0x6c, 0x79, 0x63, 0x6c, 0x65, 0x61, 0x6e, 0x7c,
    0x6d, 0x61, 0x69, 0x6e, 0x74, 0x61, 0x69, 0x6e, 0x65, 0x72, 0x2d, 0x63, 0x6c, 0x65, 0x61, 0x6e,
    0x7c, 0x54, 0x41, 0x47, 0x53, 0x7c, 0x69, 0x6e, 0x66, 0x6f, 0x7c, 0x64, 0x76, 0x69, 0x7c, 0x68,
    0x74, 0x6d, 0x6c, 0x7c, 0x70, 0x64, 0x66, 0x7c, 0x70, 0x73, 0x7c, 0x64, 0x69, 0x73, 0x74, 0x7c,
    0x63, 0x68, 0x65, 0x63, 0x6b, 0x7c, 0x69, 0x6e, 0x73, 0x74, 0x61, 0x6c, 0x6c, 0x63, 0x68, 0x65,
    0x63, 0x6b, 0x7c, 0x69, 0x6e, 0x73, 0x74, 0x61, 0x6c, 0x6c, 0x64, 0x69, 0x72, 0x73, 0x29, 0x24,
    0x22, 0x29, 0x29, 0x0a, 0x0a, 0x3b, 0x3b, 0x20, 0x42, 0x75, 0x69, 0x6c, 0x74, 0x69, 0x6e, 0x20,
    0x74, 0x61, 0x72, 0x67, 0x65, 0x74, 0x73, 0x0a, 0x28, 0x74, 0x61, 0x72, 0x67, 0x65, 0x74, 0x73,
    0x0a, 0x20, 0x20, 0x28, 0x77, 0x6f, 0x72, 0x64, 0x29, 0x20, 0x40, 0x63, 0x6f, 0x6e, 0x73, 0x74,
    0x61, 0x6e, 0x74, 0x2e, 0x6d, 0x61, 0x63, 0x72, 0x6f, 0x0a, 0x20, 0x20, 0x28, 0x23, 0x6d, 0x61,
    0x74, 0x63, 0x68, 0x3f, 0x20, 0x40, 0x63, 0x6f, 0x6e, 0x73, 0x74, 0x61, 0x6e, 0x74, 0x2e, 0x6d,
    0x61, 0x63, 0x72, 0x6f, 0x20, 0x22, 0x5e, 0x5c, 0x2e, 0x28, 0x50, 0x48, 0x4f, 0x4e, 0x59, 0x7c,
    0x53, 0x55, 0x46, 0x46, 0x49, 0x58, 0x45, 0x53, 0x7c, 0x44, 0x45, 0x46, 0x41, 0x55, 0x4c, 0x54,
    0x7c, 0x50, 0x52, 0x45, 0x43, 0x49, 0x4f, 0x55, 0x53, 0x7c, 0x49, 0x4e, 0x54, 0x45, 0x52, 0x4d,
    0x45, 0x44, 0x49, 0x41, 0x54, 0x45, 0x7c, 0x53, 0x45, 0x43, 0x4f, 0x4e, 0x44, 0x41, 0x52, 0x59,
    0x7c, 0x53, 0x45, 0x43, 0x4f, 0x4e, 0x44, 0x45, 0x58, 0x50, 0x41, 0x4e, 0x53, 0x49, 0x4f, 0x4e,
    0x7c, 0x44, 0x45, 0x4c, 0x45, 0x54, 0x45, 0x5f, 0x4f, 0x4e, 0x5f, 0x45, 0x52, 0x52, 0x4f, 0x52,
    0x7c, 0x49, 0x47, 0x4e, 0x4f, 0x52, 0x45, 0x7c, 0x4c, 0x4f, 0x57, 0x5f, 0x52, 0x45, 0x53, 0x4f,
    0x4c, 0x55, 0x54, 0x49, 0x4f, 0x4e, 0x5f, 0x54, 0x49, 0x4d, 0x45, 0x7c, 0x53, 0x49, 0x4c, 0x45,
    0x4e, 0x54, 0x7c, 0x45, 0x58, 0x50, 0x4f, 0x52, 0x54, 0x5f, 0x41, 0x4c, 0x4c, 0x5f, 0x56, 0x41,
    0x52, 0x49, 0x41, 0x42, 0x4c, 0x45, 0x53, 0x7c, 0x4e, 0x4f, 0x54, 0x50, 0x41, 0x52, 0x41, 0x4c,
    0x4c, 0x45, 0x4c, 0x7c, 0x4f, 0x4e, 0x45, 0x53, 0x48, 0x45, 0x4c, 0x4c, 0x7c, 0x50, 0x4f, 0x53,
    0x49, 0x58, 0x29, 0x24, 0x22, 0x29, 0x29, 0x0a, 0x0a,
};

const YhlQuerySource yhl_query_sources[] = {
    { "c", query_c, 1432u, "3378d854dda695b2b282b9468247524ed4271ef74af691033d2e36883379409c" },
    { "cpp", query_cpp, 1017u, "da7f4979c8aebcf8432dc454da8c3506c56a8a90ddbc0e5d2c775bbf15ccb5cc" },
    { "rust", query_rust, 3527u, "0f0343107f14a7690157f51090a979eb8f8bfe4eada7c61763ddb4c54b1311d1" },
    { "go", query_go, 1421u, "81182c986547eba7fa6316e82dfd621fb13b8fc89efac85432aee51a48ed0896" },
    { "python", query_python, 1957u, "a6708f209381618e2b398972c8f1ccd892f0c064eab35a2a3f911c3e22e79a7e" },
    { "javascript", query_javascript, 2739u, "d3630ae6dc9b2b27b230b5f8bb92b05cd491fb12bff353dae62a0a6d780461ee" },
    { "typescript", query_typescript, 3255u, "ddc738f6882e2d5b05587fbedf7323dbc9ddec691aa27b88d53cf9598b2052af" },
    { "tsx", query_tsx, 3255u, "ddc738f6882e2d5b05587fbedf7323dbc9ddec691aa27b88d53cf9598b2052af" },
    { "bash", query_bash, 577u, "b74220d954f485b7626d2b2b61f37b522e12eb1830803e388e57dd797dc99f11" },
    { "json", query_json, 172u, "0511524465b56aed122580792254e68b6abbbfde7119f1d02b135acbe278233f" },
    { "toml", query_toml, 501u, "2fb5c61d33a70389312254c9c392e2c5dd6313d958d6e5f8f74cadd5e0811707" },
    { "yaml", query_yaml, 962u, "2fbfbbd5ca0928d0a7e09e59f8f2964b14a328a7ee0ce799270d9013dcce49a0" },
    { "csharp", query_csharp, 2783u, "ab8a9930aeeee70fa2dbfde82e4763170b7e826bc642338ad0683772c20c060f" },
    { "ini", query_ini, 233u, "93a66eabc76cd3c1e3532e3348e234f2f2fc5d38e679ad5f4a61e7cd5635a81f" },
    { "properties", query_properties, 470u, "3b0aad15386a83771f90a9a6e023419ec112a52b4f16e84b76d93e82767e86e1" },
    { "gitattributes", query_gitattributes, 704u, "b2248332256b22f7940cccd4120b42bab482bed93064e8c53642c885cc28c70c" },
    { "requirements", query_requirements, 510u, "1f33b3121137362fa01bfd9799f49ac98626b2241bee344cc87fdc3b7b079e78" },
    { "xml", query_xml, 2281u, "aa4a561c846928c3a4d885acbe690a60689661a45684babe16cf8b7a1509b610" },
    { "dockerfile", query_dockerfile, 609u, "665444fb7c8099602c78f9563525dedc23bb227fb0a6323820eb10be2592b318" },
    { "cmake", query_cmake, 10554u, "935161098bf9e335d4984496626a46d13a650df9145871a9578fe0e25a3e9a6c" },
    { "nix", query_nix, 2774u, "9955df66afae9bdf527aea82030f7e3a5d7b2f40726f75d8171cf7dd4e7bbe32" },
    { "hcl", query_hcl, 1528u, "553290666870af8165121a20914d5d3b549f5e3ba250773f06a0f331dcf9fcff" },
    { "make", query_make, 3465u, "295045cf653f02bdca99f86bd34667eabbc474939056209655505fae3c8c83f4" },
};
const size_t yhl_query_source_count = sizeof yhl_query_sources / sizeof yhl_query_sources[0];
